movie_id,title,year,genre,director,cast,keywords,overview,poster_url,avg_rating,language,num_ratings,soup
1,The Shawshank Redemption,1994,Drama,Frank Darabont,Tim Robbins Morgan Freeman,prison hope friendship redemption banker escape,"Framed for double murder, upstanding banker Andy Dufresne begins a new life at Shawshank prison.",https://image.tmdb.org/t/p/w500/9cqNxx0GxF0bflZmeSMuL5tnGzr.jpg,9.3,English,53576,"Drama Frank Darabont Tim Robbins Morgan Freeman prison hope friendship redemption banker escape Framed for double murder, upstanding banker Andy Dufresne begins a new life at Shawshank prison."
2,The Godfather,1972,Crime|Drama,Francis Ford Coppola,Marlon Brando Al Pacino,mafia family crime betrayal loyalty succession,The aging patriarch of an organized crime dynasty transfers control of his clandestine empire to his reluctant son.,https://image.tmdb.org/t/p/w500/3bhkrj58Vtu7enYsRolD1fZdja1.jpg,9.2,English,47635,Crime|Drama Francis Ford Coppola Marlon Brando Al Pacino mafia family crime betrayal loyalty succession The aging patriarch of an organized crime dynasty transfers control of his clandestine empire to his reluctant son.
3,The Dark Knight,2008,Action|Crime|Drama,Christopher Nolan,Christian Bale Heath Ledger,batman joker anarchy justice gotham vigilante,Batman raises the stakes in his war on crime to dismantle the remaining criminal organizations that plague Gotham.,https://image.tmdb.org/t/p/w500/qJ2tW6WMUDux911r6m7haRef0WH.jpg,9.0,English,13619,Action|Crime|Drama Christopher Nolan Christian Bale Heath Ledger batman joker anarchy justice gotham vigilante Batman raises the stakes in his war on crime to dismantle the remaining criminal organizations that plague Gotham.
4,Pulp Fiction,1994,Crime|Drama,Quentin Tarantino,John Travolta Uma Thurman,hitman boxer gangster dance diner nonlinear,"The lives of two mob hitmen, a boxer, a gangster and his wife intertwine in four tales of violence and redemption.",https://image.tmdb.org/t/p/w500/d5iIlFn5s0ImszYzBPb8JPIfbXD.jpg,8.9,English,164703,"Crime|Drama Quentin Tarantino John Travolta Uma Thurman hitman boxer gangster dance diner nonlinear The lives of two mob hitmen, a boxer, a gangster and his wife intertwine in four tales of violence and redemption."
5,Schindler's List,1993,Biography|Drama|History,Steven Spielberg,Liam Neeson Ralph Fiennes,holocaust world war savior humanity poland factory,"In German-occupied Poland during World War II, industrialist Oskar Schindler gradually becomes concerned for his Jewish workforce.",https://image.tmdb.org/t/p/w500/sF1U4EUQS8YHUYjNl3pMGNIQyr0.jpg,9.0,English,186230,"Biography|Drama|History Steven Spielberg Liam Neeson Ralph Fiennes holocaust world war savior humanity poland factory In German-occupied Poland during World War II, industrialist Oskar Schindler gradually becomes concerned for his Jewish workforce."
6,The Lord of the Rings: The Return of the King,2003,Adventure|Drama|Fantasy,Peter Jackson,Elijah Wood Ian McKellen,ring mordor quest hobbit fellowship battle,Gandalf and Aragorn lead the World of Men against Sauron's army to draw his gaze from Frodo and Sam approaching Mount Doom.,https://image.tmdb.org/t/p/w500/rCzpDGLbOoPwLjy3OAm5NUPOTrC.jpg,9.0,English,40552,Adventure|Drama|Fantasy Peter Jackson Elijah Wood Ian McKellen ring mordor quest hobbit fellowship battle Gandalf and Aragorn lead the World of Men against Sauron's army to draw his gaze from Frodo and Sam approaching Mount Doom.
7,Forrest Gump,1994,Drama|Romance,Robert Zemeckis,Tom Hanks Robin Wright,destiny running love war history vietnam chocolates,The history of the United States from the 1950s to the 70s unfolds from the perspective of an Alabama man with an IQ of 75.,https://image.tmdb.org/t/p/w500/arw2vcBveWOVZr6pxd9XTd1TdQa.jpg,8.8,English,62469,Drama|Romance Robert Zemeckis Tom Hanks Robin Wright destiny running love war history vietnam chocolates The history of the United States from the 1950s to the 70s unfolds from the perspective of an Alabama man with an IQ of 75.
8,Inception,2010,Action|Adventure|Sci-Fi,Christopher Nolan,Leonardo DiCaprio Joseph Gordon-Levitt,dreams subconscious heist reality totem architect,A thief who steals corporate secrets through the use of dream-sharing technology is given the inverse task of planting an idea.,https://image.tmdb.org/t/p/w500/oYuLEt3zVCKq57qu2F8dT7NIa6f.jpg,8.8,English,41903,Action|Adventure|Sci-Fi Christopher Nolan Leonardo DiCaprio Joseph Gordon-Levitt dreams subconscious heist reality totem architect A thief who steals corporate secrets through the use of dream-sharing technology is given the inverse task of planting an idea.
9,Fight Club,1999,Drama,David Fincher,Brad Pitt Edward Norton,anarchy insomnia alter ego soap rebellion consumerism,An insomniac office worker looking for a way to change his life crosses paths with a devil-may-care soap maker.,https://image.tmdb.org/t/p/w500/pB8BM7pdSp6B6Ih7QZ4DrQ3PmJK.jpg,8.8,English,177615,Drama David Fincher Brad Pitt Edward Norton anarchy insomnia alter ego soap rebellion consumerism An insomniac office worker looking for a way to change his life crosses paths with a devil-may-care soap maker.
10,The Matrix,1999,Action|Sci-Fi,Lana Wachowski,Keanu Reeves Laurence Fishburne,simulation reality hacker red pill cyberpunk martial arts,A computer hacker learns from mysterious rebels about the true nature of his reality and his role in the war against controllers.,https://image.tmdb.org/t/p/w500/f89U3ADr1oiB1s9GkdPOEpXUk5H.jpg,8.7,English,168597,Action|Sci-Fi Lana Wachowski Keanu Reeves Laurence Fishburne simulation reality hacker red pill cyberpunk martial arts A computer hacker learns from mysterious rebels about the true nature of his reality and his role in the war against controllers.
11,Goodfellas,1990,Biography|Crime|Drama,Martin Scorsese,Ray Liotta Robert De Niro,mobster robbery betrayal brooklyn wise guys lufthansa,"The story of Henry Hill and his life in the mob, covering his relationship with his wife Karen Hill and mob partners.",https://image.tmdb.org/t/p/w500/aKuFiU82s5ISJpGZp7YkIr3kCUd.jpg,8.7,English,81741,"Biography|Crime|Drama Martin Scorsese Ray Liotta Robert De Niro mobster robbery betrayal brooklyn wise guys lufthansa The story of Henry Hill and his life in the mob, covering his relationship with his wife Karen Hill and mob partners."
12,Interstellar,2014,Adventure|Drama|Sci-Fi,Christopher Nolan,Matthew McConaughey Anne Hathaway,wormhole black hole space relativity father daughter gargantua,"When Earth becomes uninhabitable in the future, a farmer and ex-NASA pilot is tasked to pilot a spacecraft to find a new planet.",https://image.tmdb.org/t/p/w500/gEU2QniE6E77NI6lCU6MxlNBvIx.jpg,8.7,English,187929,"Adventure|Drama|Sci-Fi Christopher Nolan Matthew McConaughey Anne Hathaway wormhole black hole space relativity father daughter gargantua When Earth becomes uninhabitable in the future, a farmer and ex-NASA pilot is tasked to pilot a spacecraft to find a new planet."
13,The Silence of the Lambs,1991,Crime|Drama|Thriller,Jonathan Demme,Anthony Hopkins Jodie Foster,cannibal fbi profiler serial killer mind games clarice,A young FBI cadet must receive the help of an incarcerated and manipulative cannibal killer to catch another serial killer.,https://image.tmdb.org/t/p/w500/uS9m8OBk1A8eM9I042bx8XXpqAq.jpg,8.6,English,125125,Crime|Drama|Thriller Jonathan Demme Anthony Hopkins Jodie Foster cannibal fbi profiler serial killer mind games clarice A young FBI cadet must receive the help of an incarcerated and manipulative cannibal killer to catch another serial killer.
14,Saving Private Ryan,1998,Drama|War,Steven Spielberg,Tom Hanks Matt Damon,d-day normandy brotherhood sacrifice wwii sniper,"Following the Normandy Landings, a group of U.S. soldiers go behind enemy lines to retrieve a paratrooper whose brothers were killed.",https://image.tmdb.org/t/p/w500/uqx37cS8cpHg8x35f9U5IBlrCV3.jpg,8.6,English,110308,"Drama|War Steven Spielberg Tom Hanks Matt Damon d-day normandy brotherhood sacrifice wwii sniper Following the Normandy Landings, a group of U.S. soldiers go behind enemy lines to retrieve a paratrooper whose brothers were killed."
15,The Green Mile,1999,Crime|Drama|Fantasy,Frank Darabont,Tom Hanks Michael Clarke Duncan,death row miracle healing prison guard mouse electrocution,"A tale set on death row in a Southern prison, where gentle giant John Coffey possesses the mysterious power to heal people.",https://image.tmdb.org/t/p/w500/8VG8fDNiy50H4Fed0wxSV0xlG0E.jpg,8.6,English,135791,"Crime|Drama|Fantasy Frank Darabont Tom Hanks Michael Clarke Duncan death row miracle healing prison guard mouse electrocution A tale set on death row in a Southern prison, where gentle giant John Coffey possesses the mysterious power to heal people."
16,Parasite,2019,Comedy|Drama|Thriller,Bong Joon Ho,Song Kang-ho Lee Sun-kyun,class divide basement deception tutor seoul architecture,Greed and class discrimination threaten the newly formed symbiotic relationship between the wealthy Park and destitute Kim families.,https://image.tmdb.org/t/p/w500/7IiTTgloJzvGI1TAYymCfbfl3vT.jpg,8.5,Korean,152207,Comedy|Drama|Thriller Bong Joon Ho Song Kang-ho Lee Sun-kyun class divide basement deception tutor seoul architecture Greed and class discrimination threaten the newly formed symbiotic relationship between the wealthy Park and destitute Kim families.
17,Avengers: Endgame,2019,Action|Adventure|Sci-Fi,Anthony Russo,Robert Downey Jr. Chris Evans,thanos infinity stones time heist marvel portal assemble,"After the devastating events of Infinity War, the universe is in ruins. With remaining allies, the Avengers assemble once more.",https://image.tmdb.org/t/p/w500/or06FN3Dka5tukK1e9sl16pB3iy.jpg,8.4,English,62743,"Action|Adventure|Sci-Fi Anthony Russo Robert Downey Jr. Chris Evans thanos infinity stones time heist marvel portal assemble After the devastating events of Infinity War, the universe is in ruins. With remaining allies, the Avengers assemble once more."
18,Joker,2019,Crime|Drama|Thriller,Todd Phillips,Joaquin Phoenix Robert De Niro,gotham clown mental illness uprising society murray stairs,"During the 1980s, a failed stand-up comedian is driven insane and turns to a life of crime and chaos in Gotham City.",https://image.tmdb.org/t/p/w500/udDclJoHjfjb8Ekgsd4FDteOkCU.jpg,8.4,English,189485,"Crime|Drama|Thriller Todd Phillips Joaquin Phoenix Robert De Niro gotham clown mental illness uprising society murray stairs During the 1980s, a failed stand-up comedian is driven insane and turns to a life of crime and chaos in Gotham City."
19,1917,2019,Drama|War,Sam Mendes,George MacKay Dean-Charles Chapman,wwi trenches message no man land single shot flare,"April 6th, 1917. Two British soldiers are assigned to race against time and deliver a message that will stop 1,600 men from walking into a trap.",https://image.tmdb.org/t/p/w500/iZf0KyrE25z1sage4SYFLCCrMi9.jpg,8.3,English,130539,"Drama|War Sam Mendes George MacKay Dean-Charles Chapman wwi trenches message no man land single shot flare April 6th, 1917. Two British soldiers are assigned to race against time and deliver a message that will stop 1,600 men from walking into a trap."
20,Dune,2021,Adventure|Drama|Sci-Fi,Denis Villeneuve,Timothée Chalamet Rebecca Ferguson,arrakis spice sandworms paul atreides prophecy desert,A noble family becomes embroiled in a war for control over the galaxy's most valuable asset while its heir becomes troubled by visions.,https://image.tmdb.org/t/p/w500/d5NXSklXo0qyIYkgV94XAgMIckC.jpg,8.2,English,174983,Adventure|Drama|Sci-Fi Denis Villeneuve Timothée Chalamet Rebecca Ferguson arrakis spice sandworms paul atreides prophecy desert A noble family becomes embroiled in a war for control over the galaxy's most valuable asset while its heir becomes troubled by visions.
21,The Prestige,2006,Drama|Mystery|Sci-Fi,Christopher Nolan,Christian Bale Hugh Jackman,magicians rivalry illusion obsession teleportation tesla,"After a tragic accident, two stage magicians in 1890s London engage in a battle to create the ultimate illusion.",https://image.tmdb.org/t/p/w500/bdN3gXu4zBvJ84k9f39ZtXhYV3G.jpg,8.5,English,132284,"Drama|Mystery|Sci-Fi Christopher Nolan Christian Bale Hugh Jackman magicians rivalry illusion obsession teleportation tesla After a tragic accident, two stage magicians in 1890s London engage in a battle to create the ultimate illusion."
22,No Country for Old Men,2007,Crime|Drama|Thriller,Coen Brothers,Tommy Lee Jones Javier Bardem,hitman cattle gun texas drug money coin toss chigurh,Violence and mayhem ensue after a hunter stumbles upon a drug deal gone wrong and more than two million dollars in cash.,https://image.tmdb.org/t/p/w500/6d5XOczVNXZqg8n6N6i7w7mZ4aP.jpg,8.2,English,11589,Crime|Drama|Thriller Coen Brothers Tommy Lee Jones Javier Bardem hitman cattle gun texas drug money coin toss chigurh Violence and mayhem ensue after a hunter stumbles upon a drug deal gone wrong and more than two million dollars in cash.
23,There Will Be Blood,2007,Drama,Paul Thomas Anderson,Daniel Day-Lewis Paul Dano,oil baron greed religion capitalism california milkshake,"A story of family, religion, hatred, oil and madness, focusing on a turn-of-the-century prospector in the early days of business.",https://image.tmdb.org/t/p/w500/fa0RDkAlCec0STkMKNOk6Pt3Z7Z.jpg,8.2,English,179216,"Drama Paul Thomas Anderson Daniel Day-Lewis Paul Dano oil baron greed religion capitalism california milkshake A story of family, religion, hatred, oil and madness, focusing on a turn-of-the-century prospector in the early days of business."
24,Mad Max: Fury Road,2015,Action|Adventure|Sci-Fi,George Miller,Tom Hardy Charlize Theron,wasteland war rig furiosa citadel chase chrome,"In a post-apocalyptic wasteland, a woman rebels against a tyrannical ruler in search for her homeland with the aid of prisoners.",https://image.tmdb.org/t/p/w500/hA2ple9q4qnwxp3hKVNhroipsir.jpg,8.1,English,75714,"Action|Adventure|Sci-Fi George Miller Tom Hardy Charlize Theron wasteland war rig furiosa citadel chase chrome In a post-apocalyptic wasteland, a woman rebels against a tyrannical ruler in search for her homeland with the aid of prisoners."
25,La La Land,2016,Drama|Music|Romance,Damien Chazelle,Ryan Gosling Emma Stone,jazz pianist actress hollywood dreams love observatory,"While navigating their careers in Los Angeles, a pianist and an actress fall in love while attempting to reconcile their aspirations.",https://image.tmdb.org/t/p/w500/uDO8zWDhfWwoFdKS4fzkVJt0Rf0.jpg,8.0,English,159055,"Drama|Music|Romance Damien Chazelle Ryan Gosling Emma Stone jazz pianist actress hollywood dreams love observatory While navigating their careers in Los Angeles, a pianist and an actress fall in love while attempting to reconcile their aspirations."
26,Whiplash,2014,Drama|Music,Damien Chazelle,Miles Teller J.K. Simmons,drummer jazz conservatory perfection tempo caravan blood,A promising young drummer enrolls at a cut-throat music conservatory where his dreams of greatness are mentored by an instructor.,https://image.tmdb.org/t/p/w500/7fn624j5lj3xTme2SgiLCeuedmO.jpg,8.5,English,66158,Drama|Music Damien Chazelle Miles Teller J.K. Simmons drummer jazz conservatory perfection tempo caravan blood A promising young drummer enrolls at a cut-throat music conservatory where his dreams of greatness are mentored by an instructor.
27,Her,2013,Drama|Romance|Sci-Fi,Spike Jonze,Joaquin Phoenix Scarlett Johansson,artificial intelligence operating system loneliness love samantha,"In a near future, a lonely writer develops an unlikely relationship with an operating system designed to meet his every need.",https://image.tmdb.org/t/p/w500/eCOtqtfvn7mxGl6nfmq4bLGVIHQ.jpg,8.0,English,34614,"Drama|Romance|Sci-Fi Spike Jonze Joaquin Phoenix Scarlett Johansson artificial intelligence operating system loneliness love samantha In a near future, a lonely writer develops an unlikely relationship with an operating system designed to meet his every need."
28,Ex Machina,2014,Drama|Sci-Fi|Thriller,Alex Garland,Domhnall Gleeson Oscar Isaac,turing test android eva billionaire isolated glass,A young programmer is selected to participate in a ground-breaking experiment in synthetic intelligence evaluating a humanoid A.I.,https://image.tmdb.org/t/p/w500/btbSMBHQb43z3fG1iGdu70uYxJg.jpg,7.7,English,82604,Drama|Sci-Fi|Thriller Alex Garland Domhnall Gleeson Oscar Isaac turing test android eva billionaire isolated glass A young programmer is selected to participate in a ground-breaking experiment in synthetic intelligence evaluating a humanoid A.I.
29,Blade Runner 2049,2017,Action|Drama|Mystery,Denis Villeneuve,Ryan Gosling Harrison Ford,replicant cyberpunk dystopia memory hologram joi,Young Blade Runner K's discovery of a long-buried secret leads him to track down former Blade Runner Rick Deckard.,https://image.tmdb.org/t/p/w500/gajva2L0rPYkEWjzgFlBXCAVBE5.jpg,8.0,English,170579,Action|Drama|Mystery Denis Villeneuve Ryan Gosling Harrison Ford replicant cyberpunk dystopia memory hologram joi Young Blade Runner K's discovery of a long-buried secret leads him to track down former Blade Runner Rick Deckard.
30,The Grand Budapest Hotel,2014,Adventure|Comedy|Crime,Wes Anderson,Ralph Fiennes Tony Revolori,concierge lobby boy painting heist republic of zubrowka mendls,"A writer encounters the owner of an aging high-class hotel, who tells him of his early years serving as a lobby boy.",https://image.tmdb.org/t/p/w500/eWdyYQreja6JGCzqHWXpWHDrrPo.jpg,8.1,English,147559,"Adventure|Comedy|Crime Wes Anderson Ralph Fiennes Tony Revolori concierge lobby boy painting heist republic of zubrowka mendls A writer encounters the owner of an aging high-class hotel, who tells him of his early years serving as a lobby boy."
31,Moonlight,2016,Drama|Romance,Barry Jenkins,Mahershala Ali Trevante Rhodes,miami coming of age identity vulnerability ocean diner,"A chronicle of the childhood, adolescence and burgeoning adulthood of a young, African-American, gay man growing up in Miami.",https://image.tmdb.org/t/p/w500/4cDFJr4HnXN5AdPw4AKrmLlMWdO.jpg,7.4,English,170046,"Drama|Romance Barry Jenkins Mahershala Ali Trevante Rhodes miami coming of age identity vulnerability ocean diner A chronicle of the childhood, adolescence and burgeoning adulthood of a young, African-American, gay man growing up in Miami."
32,12 Years a Slave,2013,Biography|Drama|History,Steve McQueen,Chiwetel Ejiofor Michael Fassbender,plantation freedom survival pre civil war violin solomon,"In the antebellum United States, Solomon Northup, a free black man from upstate New York, is abducted and sold into slavery.",https://image.tmdb.org/t/p/w500/xdANAzHq2rC97Bzp99t445Sg5t8.jpg,8.1,English,69711,"Biography|Drama|History Steve McQueen Chiwetel Ejiofor Michael Fassbender plantation freedom survival pre civil war violin solomon In the antebellum United States, Solomon Northup, a free black man from upstate New York, is abducted and sold into slavery."
33,The Revenant,2015,Adventure|Drama|Western,Alejandro G. Iñárritu,Leonardo DiCaprio Tom Hardy,wilderness bear attack revenge frontiersman winter glass,A frontiersman on a fur trading expedition in the 1820s fights for survival after being mauled by a bear and left for dead.,https://image.tmdb.org/t/p/w500/oXUWEc5i9wYx4mnNVixcuGFGaHS.jpg,8.0,English,23715,Adventure|Drama|Western Alejandro G. Iñárritu Leonardo DiCaprio Tom Hardy wilderness bear attack revenge frontiersman winter glass A frontiersman on a fur trading expedition in the 1820s fights for survival after being mauled by a bear and left for dead.
34,Gone Girl,2014,Drama|Mystery|Thriller,David Fincher,Ben Affleck Rosamund Pike,missing wife media trial diary deception marriage cool girl,"With his wife's disappearance having become the focus of an intense media circus, a man sees the spotlight turned on him.",https://image.tmdb.org/t/p/w500/qymaJhucquUwjpb8DYioqazHTur.jpg,8.1,English,134997,"Drama|Mystery|Thriller David Fincher Ben Affleck Rosamund Pike missing wife media trial diary deception marriage cool girl With his wife's disappearance having become the focus of an intense media circus, a man sees the spotlight turned on him."
35,The Social Network,2010,Biography|Drama,David Fincher,Jesse Eisenberg Andrew Garfield,facebook harvard lawsuits friendship coding algorithm napster,"As Harvard student Mark Zuckerberg creates the social networking site that would become Facebook, he is sued by two brothers.",https://image.tmdb.org/t/p/w500/n0ybibhJtQ5icDqTpTzbpHhlqvN.jpg,7.8,English,80730,"Biography|Drama David Fincher Jesse Eisenberg Andrew Garfield facebook harvard lawsuits friendship coding algorithm napster As Harvard student Mark Zuckerberg creates the social networking site that would become Facebook, he is sued by two brothers."
36,The Wolf of Wall Street,2013,Biography|Comedy|Crime,Martin Scorsese,Leonardo DiCaprio Jonah Hill,stock broker penny stocks money greed yachts fbi stratton,"Based on the true story of Jordan Belfort, from his rise to a wealthy stock-broker living the high life to his fall involving crime.",https://image.tmdb.org/t/p/w500/pWHf4khOloNVfPOSurQeuG69lsO.jpg,8.2,English,85923,"Biography|Comedy|Crime Martin Scorsese Leonardo DiCaprio Jonah Hill stock broker penny stocks money greed yachts fbi stratton Based on the true story of Jordan Belfort, from his rise to a wealthy stock-broker living the high life to his fall involving crime."
37,Django Unchained,2012,Drama|Western,Quentin Tarantino,Jamie Foxx Christoph Waltz,bounty hunter south plantation rescue revenge candyland,"With the help of a German bounty-hunter, a freed slave sets out to rescue his wife from a brutal Mississippi plantation owner.",https://image.tmdb.org/t/p/w500/7oWY8vdWW7tmHQHGvvy70m6x5Um.jpg,8.5,English,124927,"Drama|Western Quentin Tarantino Jamie Foxx Christoph Waltz bounty hunter south plantation rescue revenge candyland With the help of a German bounty-hunter, a freed slave sets out to rescue his wife from a brutal Mississippi plantation owner."
38,Inglourious Basterds,2009,Adventure|Drama|War,Quentin Tarantino,Brad Pitt Christoph Waltz,nazi occupied france scalping cinema plot revenge shosanna,"In Nazi-occupied France during World War II, a plan to assassinate Nazi leaders by Jewish U.S. soldiers coincides with a cinema plot.",https://image.tmdb.org/t/p/w500/7sfbEnaARXDDhKm0CZ7D7kyBTZ1.jpg,8.4,English,35996,"Adventure|Drama|War Quentin Tarantino Brad Pitt Christoph Waltz nazi occupied france scalping cinema plot revenge shosanna In Nazi-occupied France during World War II, a plan to assassinate Nazi leaders by Jewish U.S. soldiers coincides with a cinema plot."
39,A Beautiful Mind,2001,Biography|Drama,Ron Howard,Russell Crowe Jennifer Connelly,mathematician game theory schizophrenia nobel prize princeton,"After John Nash, a brilliant but asocial mathematician, accepts secret work in cryptography, his life takes a nightmarish turn.",https://image.tmdb.org/t/p/w500/zwzWCmH72OSC9NA0ipoqw5Zjya8.jpg,8.2,English,70763,"Biography|Drama Ron Howard Russell Crowe Jennifer Connelly mathematician game theory schizophrenia nobel prize princeton After John Nash, a brilliant but asocial mathematician, accepts secret work in cryptography, his life takes a nightmarish turn."
40,Gladiator,2000,Action|Adventure|Drama,Ridley Scott,Russell Crowe Joaquin Phoenix,rome colosseum gladiator revenge emperor maximus,A former Roman General sets out to exact vengeance against the corrupt emperor who murdered his family and sent him into slavery.,https://image.tmdb.org/t/p/w500/ty8TGRuvJLPUmAR1H1nRIsgwvim.jpg,8.5,English,152617,Action|Adventure|Drama Ridley Scott Russell Crowe Joaquin Phoenix rome colosseum gladiator revenge emperor maximus A former Roman General sets out to exact vengeance against the corrupt emperor who murdered his family and sent him into slavery.
41,Spider-Man: Into the Spider-Verse,2018,Animation|Action|Adventure,Bob Persichetti,Shameik Moore Jake Johnson,multiverse miles morales web shooter brooklyn comics kingpin,Teen Miles Morales becomes the new Spider-Man and joins other Spider-Heroes from various dimensions to stop a threat.,https://image.tmdb.org/t/p/w500/iiZZdoQBEYBv6id8su7ImL0oCbD.jpg,8.4,English,84991,Animation|Action|Adventure Bob Persichetti Shameik Moore Jake Johnson multiverse miles morales web shooter brooklyn comics kingpin Teen Miles Morales becomes the new Spider-Man and joins other Spider-Heroes from various dimensions to stop a threat.
42,Oppenheimer,2023,Biography|Drama|History,Christopher Nolan,Cillian Murphy Emily Blunt,atomic bomb manhattan project trinity test physicist los alamos,The story of American scientist J. Robert Oppenheimer and his role in the development of the atomic bomb during World War II.,https://image.tmdb.org/t/p/w500/8Gxv8gSFCU0XGDykEGv7zR1n2ua.jpg,8.9,English,156421,Biography|Drama|History Christopher Nolan Cillian Murphy Emily Blunt atomic bomb manhattan project trinity test physicist los alamos The story of American scientist J. Robert Oppenheimer and his role in the development of the atomic bomb during World War II.
43,Everything Everywhere All at Once,2022,Action|Adventure|Comedy,Daniel Kwan,Michelle Yeoh Ke Huy Quan,multiverse bagel taxes laundromat family kung fu waymond,A middle-aged Chinese immigrant is swept up into an insane adventure in which she alone can save existence by exploring universes.,https://image.tmdb.org/t/p/w500/w3LxiVYalm2rlziP5bXStTkdaGx.jpg,8.0,English,147984,Action|Adventure|Comedy Daniel Kwan Michelle Yeoh Ke Huy Quan multiverse bagel taxes laundromat family kung fu waymond A middle-aged Chinese immigrant is swept up into an insane adventure in which she alone can save existence by exploring universes.
44,Top Gun: Maverick,2022,Action|Drama,Joseph Kosinski,Tom Cruise Miles Teller,fighter jet navy pilot dogfight canyon mission rooster,"After thirty years, Maverick is still pushing the envelope as a top naval aviator, confronting ghosts of his past.",https://image.tmdb.org/t/p/w500/62HCnUTziyWcpDaBO2i1DX17ljH.jpg,8.3,English,166294,"Action|Drama Joseph Kosinski Tom Cruise Miles Teller fighter jet navy pilot dogfight canyon mission rooster After thirty years, Maverick is still pushing the envelope as a top naval aviator, confronting ghosts of his past."
45,The Batman,2022,Action|Crime|Drama,Matt Reeves,Robert Pattinson Zoë Kravitz,riddler detective gotham catwoman justice vengeance batmobile,"When a sadistic serial killer begins murdering key political figures in Gotham, Batman is forced to investigate hidden corruption.",https://image.tmdb.org/t/p/w500/74xTEgt7R36Fpooo50r9T25onhq.jpg,7.8,English,82179,"Action|Crime|Drama Matt Reeves Robert Pattinson Zoë Kravitz riddler detective gotham catwoman justice vengeance batmobile When a sadistic serial killer begins murdering key political figures in Gotham, Batman is forced to investigate hidden corruption."
46,Spirited Away,2001,Animation|Adventure|Fantasy,Hayao Miyazaki,Rumi Hiiragi Miyu Irino,bathhouse spirits dragon chihiro studio ghibli no face,"During her family's move to the suburbs, a sullen 10-year-old girl wanders into a world ruled by gods, witches, and spirits.",https://image.tmdb.org/t/p/w500/39wmItIWsg5sZMyRUHLkWBcuVCM.jpg,8.6,Japanese,39804,"Animation|Adventure|Fantasy Hayao Miyazaki Rumi Hiiragi Miyu Irino bathhouse spirits dragon chihiro studio ghibli no face During her family's move to the suburbs, a sullen 10-year-old girl wanders into a world ruled by gods, witches, and spirits."
47,Spider-Man: Across the Spider-Verse,2023,Animation|Action|Adventure,Joaquim Dos Santos,Shameik Moore Hailee Steinfeld,spider society canon event miguel o hara multiverse gwen,"Miles Morales catapults across the Multiverse, encountering a team of Spider-People charged with protecting its very existence.",https://image.tmdb.org/t/p/w500/8Vt6mWEReuy4Of61Lnj5Xj704m8.jpg,8.7,English,26246,"Animation|Action|Adventure Joaquim Dos Santos Shameik Moore Hailee Steinfeld spider society canon event miguel o hara multiverse gwen Miles Morales catapults across the Multiverse, encountering a team of Spider-People charged with protecting its very existence."
48,John Wick: Chapter 4,2023,Action|Crime|Thriller,Chad Stahelski,Keanu Reeves Donnie Yen,high table assassin continental duel paris stairs dogs,"John Wick uncovers a path to defeating The High Table. But before he can earn his freedom, Wick must face a new enemy.",https://image.tmdb.org/t/p/w500/vZloFAK7NmvMGKE7VkF5UHaz0I.jpg,7.9,English,171213,"Action|Crime|Thriller Chad Stahelski Keanu Reeves Donnie Yen high table assassin continental duel paris stairs dogs John Wick uncovers a path to defeating The High Table. But before he can earn his freedom, Wick must face a new enemy."
49,Se7en,1995,Crime|Drama|Mystery,David Fincher,Morgan Freeman Brad Pitt,seven deadly sins detective rain box climax john doe,"Two detectives, a rookie and a veteran, hunt a serial killer who uses the seven deadly sins as his motives.",https://image.tmdb.org/t/p/w500/6yoghtyTBoPquZflDQ9PbaCmnqP.jpg,8.6,English,74803,"Crime|Drama|Mystery David Fincher Morgan Freeman Brad Pitt seven deadly sins detective rain box climax john doe Two detectives, a rookie and a veteran, hunt a serial killer who uses the seven deadly sins as his motives."
50,Memento,2000,Mystery|Thriller,Christopher Nolan,Guy Pearce Carrie-Anne Moss,amnesia reverse chronology tattoos polaroid revenge sammy,A man with short-term memory loss attempts to track down his wife's murderer using Polaroid photographs and tattoos.,https://image.tmdb.org/t/p/w500/yuNs09hvpHVU1cBTCAk9zxsL2oW.jpg,8.4,English,141362,Mystery|Thriller Christopher Nolan Guy Pearce Carrie-Anne Moss amnesia reverse chronology tattoos polaroid revenge sammy A man with short-term memory loss attempts to track down his wife's murderer using Polaroid photographs and tattoos.
51,The Departed,2006,Crime|Drama|Thriller,Martin Scorsese,Leonardo DiCaprio Matt Damon,undercover cop mob rat boston identity costello,An undercover cop and a mole in the police attempt to identify each other while infiltrating an Irish gang in South Boston.,https://image.tmdb.org/t/p/w500/nT97ifL22rVQ9vv93w9749Qao7j.jpg,8.5,English,5597,Crime|Drama|Thriller Martin Scorsese Leonardo DiCaprio Matt Damon undercover cop mob rat boston identity costello An undercover cop and a mole in the police attempt to identify each other while infiltrating an Irish gang in South Boston.
52,The Lion King,1994,Animation|Adventure|Drama,Roger Allers,Matthew Broderick Jeremy Irons,simba pride rock hakuna matata scar savannah mufasa,"Lion prince Simba and his father are targeted by his bitter uncle, who wants to ascend the throne himself.",https://image.tmdb.org/t/p/w500/sKCr78MXSLixwmZ8DyJLrpMsd15.jpg,8.5,English,180500,"Animation|Adventure|Drama Roger Allers Matthew Broderick Jeremy Irons simba pride rock hakuna matata scar savannah mufasa Lion prince Simba and his father are targeted by his bitter uncle, who wants to ascend the throne himself."
53,Jurassic Park,1993,Action|Adventure|Sci-Fi,Steven Spielberg,Sam Neill Laura Dern,dinosaurs theme park t-rex amber genetics raptors,A pragmatic paleontologist touring an almost complete theme park on an island is tasked with protecting children.,https://image.tmdb.org/t/p/w500/9i3plLl89DHMvcuCTxTEvNsQZaV.jpg,8.2,English,113127,Action|Adventure|Sci-Fi Steven Spielberg Sam Neill Laura Dern dinosaurs theme park t-rex amber genetics raptors A pragmatic paleontologist touring an almost complete theme park on an island is tasked with protecting children.
54,Back to the Future,1985,Adventure|Comedy|Sci-Fi,Robert Zemeckis,Michael J. Fox Christopher Lloyd,delorean time travel 1955 flux capacitor 88mph doc brown,"Marty McFly, a 17-year-old high school student, is accidentally sent thirty years into the past in a time-traveling DeLorean.",https://image.tmdb.org/t/p/w500/fNOH9f1aA7XRTzl1sAOx9iF553Q.jpg,8.5,English,74356,"Adventure|Comedy|Sci-Fi Robert Zemeckis Michael J. Fox Christopher Lloyd delorean time travel 1955 flux capacitor 88mph doc brown Marty McFly, a 17-year-old high school student, is accidentally sent thirty years into the past in a time-traveling DeLorean."
55,Terminator 2: Judgment Day,1991,Action|Sci-Fi,James Cameron,Arnold Schwarzenegger Linda Hamilton,cyborg liquid metal skynet john connor future war molten,"A cyborg, identical to the one who failed to kill Sarah Connor, must now protect her ten-year-old son from a liquid metal killer.",https://image.tmdb.org/t/p/w500/5M0j0B18abtBI5em2m9Y3V24VIh.jpg,8.6,English,53617,"Action|Sci-Fi James Cameron Arnold Schwarzenegger Linda Hamilton cyborg liquid metal skynet john connor future war molten A cyborg, identical to the one who failed to kill Sarah Connor, must now protect her ten-year-old son from a liquid metal killer."
56,Alien,1979,Horror|Sci-Fi,Ridley Scott,Sigourney Weaver Tom Skerritt,xenomorph nostromo chestburster space distress call acid,The crew of a commercial spacecraft encounter a deadly lifeform after investigating an unknown transmission.,https://image.tmdb.org/t/p/w500/vfrQk5IPloGg1v9Rzbh2Eg3VGyM.jpg,8.5,English,121524,Horror|Sci-Fi Ridley Scott Sigourney Weaver Tom Skerritt xenomorph nostromo chestburster space distress call acid The crew of a commercial spacecraft encounter a deadly lifeform after investigating an unknown transmission.
57,Aliens,1986,Action|Adventure|Sci-Fi,James Cameron,Sigourney Weaver Michael Biehn,colonial marines queen xenomorph power loader lv-426 nukes,"Decades after surviving the Nostromo incident, Ellen Ripley is sent out to re-establish contact with a terraforming colony.",https://image.tmdb.org/t/p/w500/r1x5AnYBMDSAstMrAhK6MarkrOh.jpg,8.4,English,10826,"Action|Adventure|Sci-Fi James Cameron Sigourney Weaver Michael Biehn colonial marines queen xenomorph power loader lv-426 nukes Decades after surviving the Nostromo incident, Ellen Ripley is sent out to re-establish contact with a terraforming colony."
58,Star Wars: Episode V - The Empire Strikes Back,1980,Action|Adventure|Fantasy,Irvin Kershner,Mark Hamill Harrison Ford,darth vader jedi yoda cloud city i am your father lightsaber,"After the Rebels are brutally overpowered by the Empire, Luke Skywalker begins Jedi training with Yoda.",https://image.tmdb.org/t/p/w500/2l05carm5UMdoiRPPRITkzxHRH5.jpg,8.7,English,82170,"Action|Adventure|Fantasy Irvin Kershner Mark Hamill Harrison Ford darth vader jedi yoda cloud city i am your father lightsaber After the Rebels are brutally overpowered by the Empire, Luke Skywalker begins Jedi training with Yoda."
59,The Shining,1980,Drama|Horror,Stanley Kubrick,Jack Nicholson Shelley Duvall,overlook hotel winter isolation maze twins axe redrum,A family heads to an isolated hotel for the winter where a sinister presence influences the father into violence.,https://image.tmdb.org/t/p/w500/b6qUu00iIIkXX13szFy740Mv96L.jpg,8.4,English,23576,Drama|Horror Stanley Kubrick Jack Nicholson Shelley Duvall overlook hotel winter isolation maze twins axe redrum A family heads to an isolated hotel for the winter where a sinister presence influences the father into violence.
60,WALL-E,2008,Animation|Adventure|Family,Andrew Stanton,Ben Burtt Elissa Knight,robot earth cleanup eve plant space luxury ship axiom,"In the distant future, a small, waste-collecting robot inadvertently embarks on a space journey deciding humanity's fate.",https://image.tmdb.org/t/p/w500/hbhFnRzzg6ZDmm8YAmxBnQpQIPh.jpg,8.4,English,13492,"Animation|Adventure|Family Andrew Stanton Ben Burtt Elissa Knight robot earth cleanup eve plant space luxury ship axiom In the distant future, a small, waste-collecting robot inadvertently embarks on a space journey deciding humanity's fate."
61,Coco,2017,Animation|Adventure|Comedy,Lee Unkrich,Anthony Gonzalez Gael García Bernal,day of the dead music guitar land of dead remembrance ernesto,"Aspiring musician Miguel, confronted with his family's ancestral ban on music, enters the Land of the Dead.",https://image.tmdb.org/t/p/w500/gGEsBPAijhVUFoiNpgZXqRVWJt2.jpg,8.4,English,72102,"Animation|Adventure|Comedy Lee Unkrich Anthony Gonzalez Gael García Bernal day of the dead music guitar land of dead remembrance ernesto Aspiring musician Miguel, confronted with his family's ancestral ban on music, enters the Land of the Dead."
62,Up,2009,Animation|Adventure|Comedy,Pete Docter,Edward Asner Jordan Nagai,balloons paradise falls house floating wilderness explorer dug,"78-year-old Carl Fredricksen travels to Paradise Falls in his house equipped with balloons, taking a young stowaway.",https://image.tmdb.org/t/p/w500/vpbaStTMt8qqgE279ZEQUHNOZFq.jpg,8.3,English,189828,"Animation|Adventure|Comedy Pete Docter Edward Asner Jordan Nagai balloons paradise falls house floating wilderness explorer dug 78-year-old Carl Fredricksen travels to Paradise Falls in his house equipped with balloons, taking a young stowaway."
63,Toy Story,1995,Animation|Adventure|Comedy,John Lasseter,Tom Hanks Tim Allen,woody buzz lightyear toys bedroom infinity and beyond sid,A cowboy doll is profoundly threatened and jealous when a new spaceman action figure supplants him as top toy.,https://image.tmdb.org/t/p/w500/uXDfjJbdP4ijW5hWSBrPrlKpxab.jpg,8.3,English,100261,Animation|Adventure|Comedy John Lasseter Tom Hanks Tim Allen woody buzz lightyear toys bedroom infinity and beyond sid A cowboy doll is profoundly threatened and jealous when a new spaceman action figure supplants him as top toy.
64,Finding Nemo,2003,Animation|Adventure|Comedy,Andrew Stanton,Albert Brooks Ellen DeGeneres,clownfish ocean sydney dentist dory just keep swimming marlin,"After his son is captured in the Great Barrier Reef, a timid clownfish embarks on a journey to bring him home.",https://image.tmdb.org/t/p/w500/eHuGQ10FUzK1mdOY69hwF5WXz3P.jpg,8.2,English,40460,"Animation|Adventure|Comedy Andrew Stanton Albert Brooks Ellen DeGeneres clownfish ocean sydney dentist dory just keep swimming marlin After his son is captured in the Great Barrier Reef, a timid clownfish embarks on a journey to bring him home."
65,"Monsters, Inc.",2001,Animation|Adventure|Comedy,Pete Docter,John Goodman Billy Crystal,monstropolis closet doors scream energy boo sulley mike,"In order to power the city, monsters have to scare children. However, the children are toxic to the monsters.",https://image.tmdb.org/t/p/w500/sgheTgqEwhqGq2n1fF743V4c1uB.jpg,8.1,English,20397,"Animation|Adventure|Comedy Pete Docter John Goodman Billy Crystal monstropolis closet doors scream energy boo sulley mike In order to power the city, monsters have to scare children. However, the children are toxic to the monsters."
66,The Truman Show,1998,Comedy|Drama|Sci-Fi,Peter Weir,Jim Carrey Laura Linney,reality show dome seahaven broadcast hidden cameras sailboat,An insurance salesman discovers his entire life is actually a reality TV show broadcast across the globe 24/7.,https://image.tmdb.org/t/p/w500/vuza0WKd9239UxLI9sf94xda0Ce.jpg,8.2,English,45208,Comedy|Drama|Sci-Fi Peter Weir Jim Carrey Laura Linney reality show dome seahaven broadcast hidden cameras sailboat An insurance salesman discovers his entire life is actually a reality TV show broadcast across the globe 24/7.
67,Shutter Island,2010,Mystery|Thriller,Martin Scorsese,Leonardo DiCaprio Mark Ruffalo,ashecliffe asylum lighthouse marshal cliff twist lobotomy,"In 1954, a U.S. Marshal investigates the disappearance of a murderer who escaped from a hospital for the criminally insane.",https://image.tmdb.org/t/p/w500/4GDy0PHYX3VRXUtwK5ysqlbg3G7.jpg,8.2,English,175212,"Mystery|Thriller Martin Scorsese Leonardo DiCaprio Mark Ruffalo ashecliffe asylum lighthouse marshal cliff twist lobotomy In 1954, a U.S. Marshal investigates the disappearance of a murderer who escaped from a hospital for the criminally insane."
68,Eternal Sunshine of the Spotless Mind,2004,Drama|Romance|Sci-Fi,Michel Gondry,Jim Carrey Kate Winslet,erasing memories montauk lacuna train colored hair clementine,"When their relationship turns sour, a couple undergoes a medical procedure to have each other erased from their memories.",https://image.tmdb.org/t/p/w500/5MwkWH9tYHv3mV9OdYTMR5q9IzL.jpg,8.3,English,147106,"Drama|Romance|Sci-Fi Michel Gondry Jim Carrey Kate Winslet erasing memories montauk lacuna train colored hair clementine When their relationship turns sour, a couple undergoes a medical procedure to have each other erased from their memories."
69,Arrival,2016,Drama|Mystery|Sci-Fi,Denis Villeneuve,Amy Adams Jeremy Renner,linguist heptapods circular language time perception alien weapon,A linguist works with the military to communicate with alien lifeforms after twelve mysterious spacecraft appear worldwide.,https://image.tmdb.org/t/p/w500/x2FJsf1ElAgr63Y3PNPtJrcmpoe.jpg,7.9,English,150738,Drama|Mystery|Sci-Fi Denis Villeneuve Amy Adams Jeremy Renner linguist heptapods circular language time perception alien weapon A linguist works with the military to communicate with alien lifeforms after twelve mysterious spacecraft appear worldwide.
70,Logan,2017,Action|Drama|Sci-Fi,James Mangold,Hugh Jackman Patrick Stewart,wolverine aging adamantium laura x-23 mutant sanctuary claws,"In a future where mutants are nearly extinct, an elderly Logan leads a quiet life until a young mutant arrives.",https://image.tmdb.org/t/p/w500/fnbjcRDYn6YviCcePDnGdyAkYsB.jpg,8.1,English,182596,"Action|Drama|Sci-Fi James Mangold Hugh Jackman Patrick Stewart wolverine aging adamantium laura x-23 mutant sanctuary claws In a future where mutants are nearly extinct, an elderly Logan leads a quiet life until a young mutant arrives."
71,Deadpool,2016,Action|Comedy|Sci-Fi,Tim Miller,Ryan Reynolds Morena Baccarin,fourth wall chimichangas weapon x red suit revenge ajax,"A wisecracking mercenary gets experimented on and becomes immortal but ugly, setting out to track down his torturer.",https://image.tmdb.org/t/p/w500/fSRb7vyIP8rQpL0I47P3qUsKhX3.jpg,8.0,English,82433,"Action|Comedy|Sci-Fi Tim Miller Ryan Reynolds Morena Baccarin fourth wall chimichangas weapon x red suit revenge ajax A wisecracking mercenary gets experimented on and becomes immortal but ugly, setting out to track down his torturer."
72,Iron Man,2008,Action|Adventure|Sci-Fi,Jon Favreau,Robert Downey Jr. Gwyneth Paltrow,arc reactor billionaire cave armor stark industries jarvis,"After being held captive in an Afghan cave, billionaire engineer Tony Stark creates a unique weaponized suit of armor.",https://image.tmdb.org/t/p/w500/78lPtwv72eTNqFW9COBYI0dWDJa.jpg,7.9,English,133517,"Action|Adventure|Sci-Fi Jon Favreau Robert Downey Jr. Gwyneth Paltrow arc reactor billionaire cave armor stark industries jarvis After being held captive in an Afghan cave, billionaire engineer Tony Stark creates a unique weaponized suit of armor."
73,Guardians of the Galaxy,2014,Action|Adventure|Comedy,James Gunn,Chris Pratt Zoe Saldana,starlord groot rocket orb mixtape space bounty ronan,A group of intergalactic criminals must pull together to stop a fanatical warrior with plans to purge the universe.,https://image.tmdb.org/t/p/w500/r2J02Z2OpNTctetGCSp57qGDWNT.jpg,8.0,English,13466,Action|Adventure|Comedy James Gunn Chris Pratt Zoe Saldana starlord groot rocket orb mixtape space bounty ronan A group of intergalactic criminals must pull together to stop a fanatical warrior with plans to purge the universe.
74,Black Panther,2018,Action|Adventure|Sci-Fi,Ryan Coogler,Chadwick Boseman Michael B. Jordan,wakanda vibranium king killmonger heart shaped herb claw,"T'Challa, heir to the hidden kingdom of Wakanda, must step forward to lead his people and confront a challenger.",https://image.tmdb.org/t/p/w500/uxzzYijgPIY7slzFvMotPv8wjKA.jpg,7.3,English,137530,"Action|Adventure|Sci-Fi Ryan Coogler Chadwick Boseman Michael B. Jordan wakanda vibranium king killmonger heart shaped herb claw T'Challa, heir to the hidden kingdom of Wakanda, must step forward to lead his people and confront a challenger."
75,Thor: Ragnarok,2017,Action|Adventure|Comedy,Taika Waititi,Chris Hemsworth Tom Hiddleston,asgard hela gladiator arena hulk thunder valkyrie,"Imprisoned on the planet Sakaar, Thor must race against time to return to Asgard and stop Ragnarök.",https://image.tmdb.org/t/p/w500/rzRwTcFvttcN1ZpX2xv4j3tSdJu.jpg,7.9,English,114947,"Action|Adventure|Comedy Taika Waititi Chris Hemsworth Tom Hiddleston asgard hela gladiator arena hulk thunder valkyrie Imprisoned on the planet Sakaar, Thor must race against time to return to Asgard and stop Ragnarök."
76,Casino Royale,2006,Action|Adventure|Thriller,Martin Campbell,Daniel Craig Eva Green,james bond 007 poker aston martin montenegro vesper le chiffre,"After earning 00 status and a licence to kill, secret agent James Bond sets out on his first mission as 007.",https://image.tmdb.org/t/p/w500/1715Ua3z1jW65r8aYgO8k7d0q1W.jpg,8.0,English,131704,"Action|Adventure|Thriller Martin Campbell Daniel Craig Eva Green james bond 007 poker aston martin montenegro vesper le chiffre After earning 00 status and a licence to kill, secret agent James Bond sets out on his first mission as 007."
77,Skyfall,2012,Action|Adventure|Thriller,Sam Mendes,Daniel Craig Javier Bardem,mi6 london m silva ancestral home lodge aston martin,James Bond's loyalty to M is tested when her past comes back to haunt her as MI6 comes under attack.,https://image.tmdb.org/t/p/w500/izr0z57f8O2a900iE6O5A70eU90.jpg,7.8,English,77650,Action|Adventure|Thriller Sam Mendes Daniel Craig Javier Bardem mi6 london m silva ancestral home lodge aston martin James Bond's loyalty to M is tested when her past comes back to haunt her as MI6 comes under attack.
78,Knives Out,2019,Comedy|Crime|Drama,Rian Johnson,Daniel Craig Ana de Armas,benoit blanc inheritance mansion murder mystery donut hole,"A detective investigates the death of a patriarch of an eccentric, combative family.",https://image.tmdb.org/t/p/w500/pThyQovXQrw2m0s9x82twj48Jq4.jpg,7.9,English,123791,"Comedy|Crime|Drama Rian Johnson Daniel Craig Ana de Armas benoit blanc inheritance mansion murder mystery donut hole A detective investigates the death of a patriarch of an eccentric, combative family."
79,Ford v Ferrari,2019,Action|Biography|Drama,James Mangold,Matt Damon Christian Bale,le mans 1966 racing car designer gt40 speed shelby,American car designer Carroll Shelby and driver Ken Miles battle corporate interference to build a revolutionary race car.,https://image.tmdb.org/t/p/w500/6ApDtO7xa78WXAIWh9KG8GRv9io.jpg,8.1,English,150335,Action|Biography|Drama James Mangold Matt Damon Christian Bale le mans 1966 racing car designer gt40 speed shelby American car designer Carroll Shelby and driver Ken Miles battle corporate interference to build a revolutionary race car.
80,Once Upon a Time in Hollywood,2019,Comedy|Drama,Quentin Tarantino,Leonardo DiCaprio Brad Pitt,hollywood 1969 actor stunt double spahn ranch manson sharon,A faded television actor and his stunt double strive to achieve fame and success during the final years of Hollywood's Golden Age.,https://image.tmdb.org/t/p/w500/8j58iQRW9EtJWftHzr9N3R0nnR.jpg,7.6,English,140440,Comedy|Drama Quentin Tarantino Leonardo DiCaprio Brad Pitt hollywood 1969 actor stunt double spahn ranch manson sharon A faded television actor and his stunt double strive to achieve fame and success during the final years of Hollywood's Golden Age.
81,Kill Bill: Vol. 1,2003,Action|Crime|Drama,Quentin Tarantino,Uma Thurman David Carradine,the bride katana yellow suit oren ishii revenge list hattori,"After awakening from a four-year coma, a former assassin wreaks vengeance on the team of assassins who betrayed her.",https://image.tmdb.org/t/p/w500/v7TaX8kXMXs5yFFGR41guUDNcnB.jpg,8.2,English,197633,"Action|Crime|Drama Quentin Tarantino Uma Thurman David Carradine the bride katana yellow suit oren ishii revenge list hattori After awakening from a four-year coma, a former assassin wreaks vengeance on the team of assassins who betrayed her."
82,Pan's Labyrinth,2006,Drama|Fantasy|War,Guillermo del Toro,Ivana Baquero Sergi López,fairy tale labyrinth faun captain post civil war spain mandrake,"In the Falangist Spain of 1944, the young stepdaughter of a sadistic army officer escapes into an eerie fantasy world.",https://image.tmdb.org/t/p/w500/77iZ78c66k6yq4Wz4lq793K2q5q.jpg,8.2,English,40850,"Drama|Fantasy|War Guillermo del Toro Ivana Baquero Sergi López fairy tale labyrinth faun captain post civil war spain mandrake In the Falangist Spain of 1944, the young stepdaughter of a sadistic army officer escapes into an eerie fantasy world."
83,The Shape of Water,2017,Drama|Fantasy|Romance,Guillermo del Toro,Sally Hawkins Michael Shannon,amphibian creature cold war mute cleaner laboratory egg,"At a top secret research facility in the 1960s, a lonely cleaner forms a unique relationship with an amphibious creature.",https://image.tmdb.org/t/p/w500/9zfwPffUXpBrEP26yp0q1PTrIRK.jpg,7.3,English,15289,"Drama|Fantasy|Romance Guillermo del Toro Sally Hawkins Michael Shannon amphibian creature cold war mute cleaner laboratory egg At a top secret research facility in the 1960s, a lonely cleaner forms a unique relationship with an amphibious creature."
84,The Sixth Sense,1999,Drama|Mystery|Thriller,M. Night Shyamalan,Bruce Willis Haley Joel Osment,i see dead people child psychologist ghosts red door twist cole,"A frightened, withdrawn boy who communicates with spirits seeks the help of a disheartened child psychologist.",https://image.tmdb.org/t/p/w500/4AfSDjjCy6T5LA1BCz6bg9wm2NZ.jpg,8.2,English,166436,"Drama|Mystery|Thriller M. Night Shyamalan Bruce Willis Haley Joel Osment i see dead people child psychologist ghosts red door twist cole A frightened, withdrawn boy who communicates with spirits seeks the help of a disheartened child psychologist."
85,Get Out,2017,Horror|Mystery|Thriller,Jordan Peele,Daniel Kaluuya Allison Williams,sunken place tea cup hypnosis suburbia racial tension flash,"A young African-American visits his white girlfriend's parents for the weekend, where his simmering uneasiness becomes reality.",https://image.tmdb.org/t/p/w500/tFXcEccSQMf3lfhfXKSU9iRBpa3.jpg,7.8,English,49377,"Horror|Mystery|Thriller Jordan Peele Daniel Kaluuya Allison Williams sunken place tea cup hypnosis suburbia racial tension flash A young African-American visits his white girlfriend's parents for the weekend, where his simmering uneasiness becomes reality."
86,Hereditary,2018,Drama|Horror|Mystery,Ari Aster,Toni Collette Alex Wolff,family curse seance miniature paimon grief attic decapitation,A grieving family is haunted by tragic and disturbing occurrences after the death of their secretive grandmother.,https://image.tmdb.org/t/p/w500/p9fmuz2Oj3vxEJ524h68c1u12h.jpg,7.3,English,5799,Drama|Horror|Mystery Ari Aster Toni Collette Alex Wolff family curse seance miniature paimon grief attic decapitation A grieving family is haunted by tragic and disturbing occurrences after the death of their secretive grandmother.
87,A Quiet Place,2018,Drama|Horror|Sci-Fi,John Krasinski,Emily Blunt John Krasinski,blind monsters sound survival sign language sand path grain,"In a post-apocalyptic world, a family is forced to live in silence while hiding from monsters with ultra-sensitive hearing.",https://image.tmdb.org/t/p/w500/nAU74GmpUk7t5iklEp3bufwDq4n.jpg,7.5,English,104247,"Drama|Horror|Sci-Fi John Krasinski Emily Blunt John Krasinski blind monsters sound survival sign language sand path grain In a post-apocalyptic world, a family is forced to live in silence while hiding from monsters with ultra-sensitive hearing."
88,The Conjuring,2013,Horror|Mystery|Thriller,James Wan,Vera Farmiga Patrick Wilson,ed lorraine warren doll demon clap game farmhouse cellar,Paranormal investigators Ed and Lorraine Warren work to help a family terrorized by a dark presence in their farmhouse.,https://image.tmdb.org/t/p/w500/wVYREut69KVrWhcuZaqcxNkuwIb.jpg,7.5,English,138708,Horror|Mystery|Thriller James Wan Vera Farmiga Patrick Wilson ed lorraine warren doll demon clap game farmhouse cellar Paranormal investigators Ed and Lorraine Warren work to help a family terrorized by a dark presence in their farmhouse.
89,Princess Mononoke,1997,Animation|Action|Adventure,Hayao Miyazaki,Yōji Matsuda Yuriko Ishida,wolf god forest iron town cursed arm environmentalism san,"On a journey to find the cure for a Tatarigami's curse, Ashitaka finds himself in a war between forest gods and Tatara.",https://image.tmdb.org/t/p/w500/cmyDbFobJNCqT9zpQjYVjLzY0v4.jpg,8.4,Japanese,72255,"Animation|Action|Adventure Hayao Miyazaki Yōji Matsuda Yuriko Ishida wolf god forest iron town cursed arm environmentalism san On a journey to find the cure for a Tatarigami's curse, Ashitaka finds himself in a war between forest gods and Tatara."
90,Howl's Moving Castle,2004,Animation|Adventure|Family,Hayao Miyazaki,Chieko Baisho Takuya Kimura,moving castle wizard curse calcifer witch of the waste sophie,"When an unconfident young woman is cursed with an old body by a witch, her only chance of breaking it lies with a wizard.",https://image.tmdb.org/t/p/w500/TkTPELv4kC3u1lkljivk28m4rZ.jpg,8.2,Japanese,58012,"Animation|Adventure|Family Hayao Miyazaki Chieko Baisho Takuya Kimura moving castle wizard curse calcifer witch of the waste sophie When an unconfident young woman is cursed with an old body by a witch, her only chance of breaking it lies with a wizard."
91,Your Name.,2016,Animation|Drama|Fantasy,Makoto Shinkai,Ryunosuke Kamiki Mone Kamishiraishi,body swap comet twilight tokyo rural red thread taki mitsuha,"Two teenagers share a profound, magical connection upon discovering they are swapping bodies across space and time.",https://image.tmdb.org/t/p/w500/q719qXXEzOoYaps6qFsxWa93bu.jpg,8.4,Japanese,139049,"Animation|Drama|Fantasy Makoto Shinkai Ryunosuke Kamiki Mone Kamishiraishi body swap comet twilight tokyo rural red thread taki mitsuha Two teenagers share a profound, magical connection upon discovering they are swapping bodies across space and time."
92,Train to Busan,2016,Action|Horror|Thriller,Yeon Sang-ho,Gong Yoo Ma Dong-seok,zombies bullet train daughter sacrifice ktx seoul infection,"While a zombie virus breaks out in South Korea, passengers struggle to survive on the train from Seoul to Busan.",https://image.tmdb.org/t/p/w500/vVpEOvdxVBP2aV166j5vV69P9.jpg,7.6,Korean,110332,"Action|Horror|Thriller Yeon Sang-ho Gong Yoo Ma Dong-seok zombies bullet train daughter sacrifice ktx seoul infection While a zombie virus breaks out in South Korea, passengers struggle to survive on the train from Seoul to Busan."
93,Oldboy,2003,Action|Drama|Mystery,Park Chan-wook,Choi Min-sik Yoo Ji-tae,confinement 15 years hammer corridor revenge twist penthouse,"After being kidnapped and imprisoned for fifteen years, Oh Dae-Su is released, only to find that he must find his captor in five days.",https://image.tmdb.org/t/p/w500/pWDtjs568ZfOTMbURQBYuT4Qx59.jpg,8.4,Korean,55245,"Action|Drama|Mystery Park Chan-wook Choi Min-sik Yoo Ji-tae confinement 15 years hammer corridor revenge twist penthouse After being kidnapped and imprisoned for fifteen years, Oh Dae-Su is released, only to find that he must find his captor in five days."
94,The Handmaiden,2016,Drama|Romance|Thriller,Park Chan-wook,Kim Min-hee Kim Tae-ri,manor deception heist japanese occupation twist count,"A woman is hired as a handmaiden to an heiress, but secretly she is involved in a conman's plot to defraud her.",https://image.tmdb.org/t/p/w500/dLh0bMhSg93p2R5L7qY3Uo11lK4.jpg,8.1,Korean,167310,"Drama|Romance|Thriller Park Chan-wook Kim Min-hee Kim Tae-ri manor deception heist japanese occupation twist count A woman is hired as a handmaiden to an heiress, but secretly she is involved in a conman's plot to defraud her."
95,City of God,2002,Crime|Drama,Fernando Meirelles,Alexandre Rodrigues Leandro Firmino,favela rio de janeiro gangs rocket lil ze photography slum,"In the slums of Rio, two kids' paths diverge as one struggles to become a photographer and the other a kingpin.",https://image.tmdb.org/t/p/w500/k7eYdWvhYQ7x1j1Xg707YvF1z9J.jpg,8.6,English,16283,"Crime|Drama Fernando Meirelles Alexandre Rodrigues Leandro Firmino favela rio de janeiro gangs rocket lil ze photography slum In the slums of Rio, two kids' paths diverge as one struggles to become a photographer and the other a kingpin."
96,Cinema Paradiso,1988,Drama|Romance,Giuseppe Tornatore,Philippe Noiret Salvatore Cascio,projector film reel childhood sicily alfredo nostalgia kiss,A filmmaker recalls his childhood when falling in love with the pictures at the cinema of his home village.,https://image.tmdb.org/t/p/w500/8j59g9pA8qY1v91X3e9v4W0jK3J.jpg,8.5,English,193398,Drama|Romance Giuseppe Tornatore Philippe Noiret Salvatore Cascio projector film reel childhood sicily alfredo nostalgia kiss A filmmaker recalls his childhood when falling in love with the pictures at the cinema of his home village.
97,Life is Beautiful,1997,Comedy|Drama|Romance,Roberto Benigni,Roberto Benigni Nicoletta Braschi,concentration camp game tank father sacrifice humor guido,"When an open-minded Jewish librarian and his son become victims of the Holocaust, he uses humor to protect his son.",https://image.tmdb.org/t/p/w500/6tDel34KzK66u7u7eE8iE8g091B.jpg,8.6,English,46278,"Comedy|Drama|Romance Roberto Benigni Roberto Benigni Nicoletta Braschi concentration camp game tank father sacrifice humor guido When an open-minded Jewish librarian and his son become victims of the Holocaust, he uses humor to protect his son."
98,The Intouchables,2011,Biography|Comedy|Drama,Olivier Nakache,François Cluzet Omar Sy,paraplegic caretaker friendship paris wheelchair humor painting,"After he becomes a quadriplegic from a paragliding accident, an aristocrat hires a young man from the projects to be his caregiver.",https://image.tmdb.org/t/p/w500/1QUkh07uR8eE00uGf8qY3pA2f3L.jpg,8.5,English,49773,"Biography|Comedy|Drama Olivier Nakache François Cluzet Omar Sy paraplegic caretaker friendship paris wheelchair humor painting After he becomes a quadriplegic from a paragliding accident, an aristocrat hires a young man from the projects to be his caregiver."
99,3 Idiots,2009,Comedy|Drama,Rajkumar Hirani,Aamir Khan Madhavan Sharman Joshi,engineering college all is well rancho education friendship virus,Two friends search for their long lost companion while revisiting their college days and recalling the memories of their friend.,https://image.tmdb.org/t/p/w500/66A9MqXGZz0B9IqU1u16wK6v20q.jpg,8.4,English,86487,Comedy|Drama Rajkumar Hirani Aamir Khan Madhavan Sharman Joshi engineering college all is well rancho education friendship virus Two friends search for their long lost companion while revisiting their college days and recalling the memories of their friend.
100,Dangal,2016,Action|Biography|Drama,Nitesh Tiwari,Aamir Khan Fatima Sana Shaikh,wrestling commonwealth games gold medal father daughters haryana,Former wrestler Mahavir Singh Phogat trains his daughters Geeta and Babita to become world-class wrestlers.,https://image.tmdb.org/t/p/w500/w0w1q08u7eG0qW7v5p5F9pG8p6r.jpg,8.3,English,60166,Action|Biography|Drama Nitesh Tiwari Aamir Khan Fatima Sana Shaikh wrestling commonwealth games gold medal father daughters haryana Former wrestler Mahavir Singh Phogat trains his daughters Geeta and Babita to become world-class wrestlers.
101,Avengers: Infinity War,2018,Action|Adventure|Sci-Fi,Anthony Russo,Robert Downey Jr. Chris Hemsworth,thanos wakanda snap stones titan vision,The Avengers and their allies must be willing to sacrifice all in an attempt to defeat the powerful Thanos.,https://image.tmdb.org/t/p/w500/7WsyChQLEftFiDOVTGkv3hFpyyt.jpg,8.4,English,8134,Action|Adventure|Sci-Fi Anthony Russo Robert Downey Jr. Chris Hemsworth thanos wakanda snap stones titan vision The Avengers and their allies must be willing to sacrifice all in an attempt to defeat the powerful Thanos.
102,Titanic,1997,Drama|Romance,James Cameron,Leonardo DiCaprio Kate Winslet,shipwreck iceberg jack rose drawing ocean necklace,"A seventeen-year-old aristocrat falls in love with a kind but poor artist aboard the luxurious, ill-fated R.M.S. Titanic.",https://image.tmdb.org/t/p/w500/9xjZS2rlVxm8SFx8kPC3aIGCOYQ.jpg,7.9,English,153250,"Drama|Romance James Cameron Leonardo DiCaprio Kate Winslet shipwreck iceberg jack rose drawing ocean necklace A seventeen-year-old aristocrat falls in love with a kind but poor artist aboard the luxurious, ill-fated R.M.S. Titanic."
103,Avatar,2009,Action|Adventure|Fantasy,James Cameron,Sam Worthington Zoe Saldana,pandora na vi eywa banshee tree of souls,A paraplegic Marine dispatched to the moon Pandora on a unique mission becomes torn between following his orders and protecting the world.,https://image.tmdb.org/t/p/w500/kyeqWdyUXW608qlYkRqosgbbJyK.jpg,7.9,English,21109,Action|Adventure|Fantasy James Cameron Sam Worthington Zoe Saldana pandora na vi eywa banshee tree of souls A paraplegic Marine dispatched to the moon Pandora on a unique mission becomes torn between following his orders and protecting the world.
104,The Lord of the Rings: The Fellowship of the Ring,2001,Adventure|Drama|Fantasy,Peter Jackson,Elijah Wood Ian McKellen,shire ringwraiths rivendell moria balrog fellowship,A meek Hobbit from the Shire and eight companions set out on a journey to destroy the powerful One Ring.,https://image.tmdb.org/t/p/w500/6oom5QYQ2yQTMJIbnvbkBL9cDK6.jpg,8.8,English,46193,Adventure|Drama|Fantasy Peter Jackson Elijah Wood Ian McKellen shire ringwraiths rivendell moria balrog fellowship A meek Hobbit from the Shire and eight companions set out on a journey to destroy the powerful One Ring.
105,The Lord of the Rings: The Two Towers,2002,Adventure|Drama|Fantasy,Peter Jackson,Elijah Wood Ian McKellen,helms deep rohan gollum ents battle uruk hai,"While Frodo and Sam edge closer to Mordor with the help of the shifty Gollum, the divided fellowship makes a stand at Helm's Deep.",https://image.tmdb.org/t/p/w500/5VTN0pR8gcqV3EPUHHfMGnJYN9L.jpg,8.8,English,25037,"Adventure|Drama|Fantasy Peter Jackson Elijah Wood Ian McKellen helms deep rohan gollum ents battle uruk hai While Frodo and Sam edge closer to Mordor with the help of the shifty Gollum, the divided fellowship makes a stand at Helm's Deep."
106,The Dark Knight Rises,2012,Action|Drama|Thriller,Christopher Nolan,Christian Bale Tom Hardy,bane pit catwoman gotham nuclear bomb clean slate,"Eight years after the Joker's reign of anarchy, Batman is forced from his exile by the brutal terrorist Bane.",https://image.tmdb.org/t/p/w500/85NqddVYbSkQEwINULuvrQ8BGMR.jpg,8.4,English,19652,"Action|Drama|Thriller Christopher Nolan Christian Bale Tom Hardy bane pit catwoman gotham nuclear bomb clean slate Eight years after the Joker's reign of anarchy, Batman is forced from his exile by the brutal terrorist Bane."
107,Batman Begins,2005,Action|Crime|Drama,Christopher Nolan,Christian Bale Liam Neeson,ras al ghul scarecrow batcave fear toxin origin,"After training with his mentor, Batman begins his fight to free crime-ridden Gotham City from corruption.",https://image.tmdb.org/t/p/w500/4MpN4C2v6GFmUDKa7AL7GfmuGcl.jpg,8.2,English,132520,"Action|Crime|Drama Christopher Nolan Christian Bale Liam Neeson ras al ghul scarecrow batcave fear toxin origin After training with his mentor, Batman begins his fight to free crime-ridden Gotham City from corruption."
108,The Matrix Reloaded,2003,Action|Sci-Fi,Lana Wachowski,Keanu Reeves Laurence Fishburne,zion architect freeway chase keymaker agent smith,"Neo and the rebel leaders estimate that they have 72 hours until 250,000 probes discover Zion and destroy it.",https://image.tmdb.org/t/p/w500/9TGHDvWrqKBzwDxDodHYXEmOE6J.jpg,7.2,English,97744,"Action|Sci-Fi Lana Wachowski Keanu Reeves Laurence Fishburne zion architect freeway chase keymaker agent smith Neo and the rebel leaders estimate that they have 72 hours until 250,000 probes discover Zion and destroy it."
109,Spider-Man: No Way Home,2021,Action|Adventure|Fantasy,Jon Watts,Tom Holland Zendaya,multiverse doc ock green goblin spell identity dr strange,"With Spider-Man's identity revealed, Peter asks Doctor Strange for help. When a spell goes wrong, villains from other universes appear.",https://image.tmdb.org/t/p/w500/1g0dhYtq4irTY1GPXvft6k4YLjm.jpg,8.0,English,113582,"Action|Adventure|Fantasy Jon Watts Tom Holland Zendaya multiverse doc ock green goblin spell identity dr strange With Spider-Man's identity revealed, Peter asks Doctor Strange for help. When a spell goes wrong, villains from other universes appear."
110,Doctor Strange,2016,Action|Adventure|Fantasy,Scott Derrickson,Benedict Cumberbatch Chiwetel Ejiofor,sorcerer supreme mirror dimension dormammu time stone kamar taj,"While on a journey of physical and spiritual healing, a brilliant neurosurgeon is drawn into the world of the mystic arts.",https://image.tmdb.org/t/p/w500/uGBVj3bEbCoZbDjjl9wMgrghcyx.jpg,7.5,English,178605,"Action|Adventure|Fantasy Scott Derrickson Benedict Cumberbatch Chiwetel Ejiofor sorcerer supreme mirror dimension dormammu time stone kamar taj While on a journey of physical and spiritual healing, a brilliant neurosurgeon is drawn into the world of the mystic arts."
111,The Incredibles,2004,Animation|Action|Adventure,Brad Bird,Craig T. Nelson Holly Hunter,superheroes bob parr elastigirl syndrome omnidroid island,"A family of undercover superheroes, while trying to live the quiet suburban life, are forced into action to save the world.",https://image.tmdb.org/t/p/w500/2LqaLgk4Z226KkgPJuiOQ58wvrm.jpg,8.0,English,25545,"Animation|Action|Adventure Brad Bird Craig T. Nelson Holly Hunter superheroes bob parr elastigirl syndrome omnidroid island A family of undercover superheroes, while trying to live the quiet suburban life, are forced into action to save the world."
112,Ratatouille,2007,Animation|Comedy|Family,Brad Bird,Patton Oswalt Ian Holm,rat chef paris gusteau restaurant food critic soup,A rat who can cook makes an unusual alliance with a young kitchen worker at a famous Paris restaurant.,https://image.tmdb.org/t/p/w500/npHNjldbeTHdKKw28bJKs7lzqzj.jpg,8.1,English,175446,Animation|Comedy|Family Brad Bird Patton Oswalt Ian Holm rat chef paris gusteau restaurant food critic soup A rat who can cook makes an unusual alliance with a young kitchen worker at a famous Paris restaurant.
113,Inside Out,2015,Animation|Adventure|Comedy,Pete Docter,Amy Poehler Phyllis Smith,emotions joy sadness headquarters memories core islands,"After young Riley is uprooted from her Midwest life and moved to San Francisco, her emotions conflict on how best to navigate.",https://image.tmdb.org/t/p/w500/2H1TmgdfNtsKlU9qGeSVril0TVv.jpg,8.1,English,165318,"Animation|Adventure|Comedy Pete Docter Amy Poehler Phyllis Smith emotions joy sadness headquarters memories core islands After young Riley is uprooted from her Midwest life and moved to San Francisco, her emotions conflict on how best to navigate."
114,Soul,2020,Animation|Adventure|Comedy,Pete Docter,Jamie Foxx Tina Fey,jazz pianist great before spark soul mentor barbershop,"After landing the gig of a lifetime, a New York jazz pianist suddenly finds himself trapped in a strange land between Earth and afterlife.",https://image.tmdb.org/t/p/w500/hm58Jw4Lw8OIYECIq5qyPY4AeRJ.jpg,8.0,English,139142,"Animation|Adventure|Comedy Pete Docter Jamie Foxx Tina Fey jazz pianist great before spark soul mentor barbershop After landing the gig of a lifetime, a New York jazz pianist suddenly finds himself trapped in a strange land between Earth and afterlife."
115,Shrek,2001,Animation|Adventure|Comedy,Andrew Adamson,Mike Myers Eddie Murphy,ogre donkey swamp duloc lord farquaad princess fiona,"A mean lord exiles fairytale creatures to the swamp of a grumpy ogre, who must go on a quest and rescue a princess.",https://image.tmdb.org/t/p/w500/iB64vpL3dIObOtMZgX3RqdVdVIc.jpg,7.9,English,55819,"Animation|Adventure|Comedy Andrew Adamson Mike Myers Eddie Murphy ogre donkey swamp duloc lord farquaad princess fiona A mean lord exiles fairytale creatures to the swamp of a grumpy ogre, who must go on a quest and rescue a princess."
116,How to Train Your Dragon,2010,Animation|Action|Adventure,Dean DeBlois,Jay Baruchel Gerard Butler,vikings dragons toothless night fury berk flight,A hapless young Viking who aspires to hunt dragons becomes the unlikely friend of a young dragon himself.,https://image.tmdb.org/t/p/w500/ygGmAO60t8GyqUo9xYeYxSZAR3b.jpg,8.1,English,42655,Animation|Action|Adventure Dean DeBlois Jay Baruchel Gerard Butler vikings dragons toothless night fury berk flight A hapless young Viking who aspires to hunt dragons becomes the unlikely friend of a young dragon himself.
117,Kung Fu Panda,2008,Animation|Action|Adventure,Mark Osborne,Jack Black Ian McShane,dragon warrior panda noodles jade palace tai lung,The Dragon Warrior has to clash against the savage Tai Lung as China's fate hangs in the balance.,https://image.tmdb.org/t/p/w500/wWt4JYUtq6yLaS6ghnxEKapneQ2.jpg,7.6,English,79255,Animation|Action|Adventure Mark Osborne Jack Black Ian McShane dragon warrior panda noodles jade palace tai lung The Dragon Warrior has to clash against the savage Tai Lung as China's fate hangs in the balance.
118,Grave of the Fireflies,1988,Animation|Drama|War,Isao Takahata,Tsutomu Tatsumi Ayano Shiraishi,wwii kobe siblings fireflies candy tin survival tragedy,A young boy and his little sister struggle to survive in Japan during World War II.,https://image.tmdb.org/t/p/w500/k9tv1rXZbOhH7SDFFq546neGKq3.jpg,8.5,Japanese,139193,Animation|Drama|War Isao Takahata Tsutomu Tatsumi Ayano Shiraishi wwii kobe siblings fireflies candy tin survival tragedy A young boy and his little sister struggle to survive in Japan during World War II.
119,Akira,1988,Animation|Action|Sci-Fi,Katsuhiro Otomo,Mitsuo Iwata Nozomu Sasaki,neo tokyo biker gang psychic powers telekinesis explosion,A secret military project endangers Neo-Tokyo when it turns a biker gang member into a rampaging psychic psychopath.,https://image.tmdb.org/t/p/w500/neZ0VMIS5G09T0g7gC9vO91z60.jpg,8.0,Japanese,70389,Animation|Action|Sci-Fi Katsuhiro Otomo Mitsuo Iwata Nozomu Sasaki neo tokyo biker gang psychic powers telekinesis explosion A secret military project endangers Neo-Tokyo when it turns a biker gang member into a rampaging psychic psychopath.
120,Ghost in the Shell,1995,Animation|Action|Sci-Fi,Mamoru Oshii,Atsuko Tanaka Akio Ōtsuka,cyborg major kusanagi puppet master section 9 net,A cyborg federal agent must track down a cyber hacker called the Puppet Master in futuristic Japan.,https://image.tmdb.org/t/p/w500/9gC88zZrBPaoGQ8Z5v04e259b3i.jpg,8.0,Japanese,20705,Animation|Action|Sci-Fi Mamoru Oshii Atsuko Tanaka Akio Ōtsuka cyborg major kusanagi puppet master section 9 net A cyborg federal agent must track down a cyber hacker called the Puppet Master in futuristic Japan.
121,Heat,1995,Action|Crime|Drama,Michael Mann,Al Pacino Robert De Niro,bank robbery detective diner confrontation heist los angeles,A group of high-end professional thieves start to feel the heat from the LAPD when a loose crew member leaves a clue.,https://image.tmdb.org/t/p/w500/umX3lhhV32Qf1dKqM3l0o5lA9e.jpg,8.3,English,129099,Action|Crime|Drama Michael Mann Al Pacino Robert De Niro bank robbery detective diner confrontation heist los angeles A group of high-end professional thieves start to feel the heat from the LAPD when a loose crew member leaves a clue.
122,Scarface,1983,Crime|Drama,Brian De Palma,Al Pacino Michelle Pfeiffer,tony montana miami cocaine empire say hello to my little friend,"In 1980 Miami, a determined Cuban immigrant takes over a drug cartel and succumbs to greed.",https://image.tmdb.org/t/p/w500/iQ5ztdAV4KtGtz4pZ1752xQeC9T.jpg,8.3,English,116747,"Crime|Drama Brian De Palma Al Pacino Michelle Pfeiffer tony montana miami cocaine empire say hello to my little friend In 1980 Miami, a determined Cuban immigrant takes over a drug cartel and succumbs to greed."
123,Taxi Driver,1976,Crime|Drama,Martin Scorsese,Robert De Niro Jodie Foster,insomnia new york cabbie vigilante mohawk you talkin to me,"A mentally unstable veteran works as a nighttime taxi driver in New York City, where the perceived decadence fuels his violent urge.",https://image.tmdb.org/t/p/w500/ekstpH614fwDX8DUln1a2Opz0N8.jpg,8.2,English,93714,"Crime|Drama Martin Scorsese Robert De Niro Jodie Foster insomnia new york cabbie vigilante mohawk you talkin to me A mentally unstable veteran works as a nighttime taxi driver in New York City, where the perceived decadence fuels his violent urge."
124,Good Will Hunting,1997,Drama|Romance,Gus Van Sant,Matt Damon Robin Williams,boston math genius janitor therapy mit park bench,"Will Hunting, a janitor at M.I.T., has a gift for mathematics, but needs help from a psychologist to find direction.",https://image.tmdb.org/t/p/w500/bABCBKYBK7A7GZ0t40gO0U7U8b.jpg,8.3,English,92345,"Drama|Romance Gus Van Sant Matt Damon Robin Williams boston math genius janitor therapy mit park bench Will Hunting, a janitor at M.I.T., has a gift for mathematics, but needs help from a psychologist to find direction."
125,Dead Poets Society,1989,Comedy|Drama,Peter Weir,Robin Williams Robert Sean Leonard,boarding school poetry carpe diem captain my captain english,English teacher John Keating inspires his students to look at poetry with a different perspective of authentic knowledge.,https://image.tmdb.org/t/p/w500/ai4094q5V7G049K385hU9nU29E1.jpg,8.1,English,20358,Comedy|Drama Peter Weir Robin Williams Robert Sean Leonard boarding school poetry carpe diem captain my captain english English teacher John Keating inspires his students to look at poetry with a different perspective of authentic knowledge.
126,Cast Away,2000,Adventure|Drama|Romance,Robert Zemeckis,Tom Hanks Helen Hunt,plane crash deserted island wilson volleyball fedex survival,A FedEx executive undergoes a physical and emotional transformation after crash landing on a deserted island.,https://image.tmdb.org/t/p/w500/p45bA1z7vE1k8L0N0Z1A8b9O3U7.jpg,7.8,English,147942,Adventure|Drama|Romance Robert Zemeckis Tom Hanks Helen Hunt plane crash deserted island wilson volleyball fedex survival A FedEx executive undergoes a physical and emotional transformation after crash landing on a deserted island.
127,Pirates of the Caribbean: The Curse of the Black Pearl,2003,Action|Adventure|Fantasy,Gore Verbinski,Johnny Depp Orlando Bloom,jack sparrow cursed gold skeleton pirates port royal rum,Blacksmith Will Turner teams up with eccentric pirate Captain Jack Sparrow to save his love from Jack's former pirate allies.,https://image.tmdb.org/t/p/w500/z8onk7LV9MPkND6w58jwzZ2Rnv8.jpg,8.0,English,127994,Action|Adventure|Fantasy Gore Verbinski Johnny Depp Orlando Bloom jack sparrow cursed gold skeleton pirates port royal rum Blacksmith Will Turner teams up with eccentric pirate Captain Jack Sparrow to save his love from Jack's former pirate allies.
128,The Godfather Part II,1974,Crime|Drama,Francis Ford Coppola,Al Pacino Robert De Niro,michael corleone cuba vito sicily betrayal kiss of death,"The early life and career of Vito Corleone in 1920s New York City is portrayed, while his son Michael expands the syndicate.",https://image.tmdb.org/t/p/w500/hek3koDUyMrk7u506LffvI0Dmmd.jpg,9.0,English,155293,"Crime|Drama Francis Ford Coppola Al Pacino Robert De Niro michael corleone cuba vito sicily betrayal kiss of death The early life and career of Vito Corleone in 1920s New York City is portrayed, while his son Michael expands the syndicate."
129,2001: A Space Odyssey,1968,Adventure|Sci-Fi,Stanley Kubrick,Keir Dullea Gary Lockwood,monolith hal 9000 jupiter space station star child,"After discovering a mysterious artifact on the Lunar surface, mankind sets off on a quest to find its origins with sentient A.I. HAL.",https://image.tmdb.org/t/p/w500/ve72VxNqjGM69UmK1A9pS6fF2F8.jpg,8.3,English,82305,"Adventure|Sci-Fi Stanley Kubrick Keir Dullea Gary Lockwood monolith hal 9000 jupiter space station star child After discovering a mysterious artifact on the Lunar surface, mankind sets off on a quest to find its origins with sentient A.I. HAL."
130,A Clockwork Orange,1971,Crime|Sci-Fi,Stanley Kubrick,Malcolm McDowell Patrick Magee,dystopia ultraviolence ludovico technique korova milk bar,"In futuristic Britain, Alex DeLarge, an eccentric and charismatic delinquent, is imprisoned and volunteers for experimental aversion therapy.",https://image.tmdb.org/t/p/w500/4Xs9f8lK6wB0X8k7f2V7n6e8U7b.jpg,8.3,English,160155,"Crime|Sci-Fi Stanley Kubrick Malcolm McDowell Patrick Magee dystopia ultraviolence ludovico technique korova milk bar In futuristic Britain, Alex DeLarge, an eccentric and charismatic delinquent, is imprisoned and volunteers for experimental aversion therapy."
131,Psycho,1960,Horror|Mystery|Thriller,Alfred Hitchcock,Anthony Perkins Janet Leigh,bates motel shower scene mother taxidermy stolen cash,"A Phoenix secretary embezzles $40,000 from her employer's client, goes on the run and checks into a remote motel run by a young man.",https://image.tmdb.org/t/p/w500/81d8ooEaGafh8nF8bN5v9G0c8W2.jpg,8.5,English,68089,"Horror|Mystery|Thriller Alfred Hitchcock Anthony Perkins Janet Leigh bates motel shower scene mother taxidermy stolen cash A Phoenix secretary embezzles $40,000 from her employer's client, goes on the run and checks into a remote motel run by a young man."
132,Rear Window,1954,Mystery|Thriller,Alfred Hitchcock,James Stewart Grace Kelly,photographer broken leg binoculars neighbor murder courtyard,A wheelchair-bound photographer spies on his neighbors from his Greenwich Village courtyard window and becomes convinced one committed murder.,https://image.tmdb.org/t/p/w500/ILVF059d4Gnk1G7Xk9T8E0k9F7P.jpg,8.5,English,16004,Mystery|Thriller Alfred Hitchcock James Stewart Grace Kelly photographer broken leg binoculars neighbor murder courtyard A wheelchair-bound photographer spies on his neighbors from his Greenwich Village courtyard window and becomes convinced one committed murder.
133,Vertigo,1958,Mystery|Romance|Thriller,Alfred Hitchcock,James Stewart Kim Novak,acrophobia san francisco golden gate tower spiral obsession,A former San Francisco police detective juggles wrestling with his personal demons and becoming obsessed with the hauntingly beautiful woman.,https://image.tmdb.org/t/p/w500/7u1H0D8F0B8D8W0N9L0k7b3K5f9.jpg,8.3,English,157069,Mystery|Romance|Thriller Alfred Hitchcock James Stewart Kim Novak acrophobia san francisco golden gate tower spiral obsession A former San Francisco police detective juggles wrestling with his personal demons and becoming obsessed with the hauntingly beautiful woman.
134,Casablanca,1942,Drama|Romance|War,Michael Curtiz,Humphrey Bogart Ingrid Bergman,rick cafe letters of transit morocco here is looking at you kid,A cynical expatriate American cafe owner struggles to decide whether or not to help his former lover and her fugitive husband.,https://image.tmdb.org/t/p/w500/5K7cOHoay2mZusSLezBOY0Qxh8a.jpg,8.5,English,134186,Drama|Romance|War Michael Curtiz Humphrey Bogart Ingrid Bergman rick cafe letters of transit morocco here is looking at you kid A cynical expatriate American cafe owner struggles to decide whether or not to help his former lover and her fugitive husband.
135,12 Angry Men,1957,Crime|Drama,Sidney Lumet,Henry Fonda Lee J. Cobb,jury room deliberation reasonable doubt knife murder trial,The jury in a New York City murder trial is frustrated by a single member whose skeptical caution forces them to more carefully consider evidence.,https://image.tmdb.org/t/p/w500/ow3wq89wM8qd5X7bU5q0G8x9q5s.jpg,9.0,English,106908,Crime|Drama Sidney Lumet Henry Fonda Lee J. Cobb jury room deliberation reasonable doubt knife murder trial The jury in a New York City murder trial is frustrated by a single member whose skeptical caution forces them to more carefully consider evidence.
136,Amélie,2001,Comedy|Romance,Jean-Pierre Jeunet,Audrey Tautou Mathieu Kassovitz,paris montmartre photo booth gnome kindness imagination,Amélie is an innocent and naive girl in Paris with her own sense of justice. She decides to help those around her and finds love.,https://image.tmdb.org/t/p/w500/sc2L1kE0v7A8b9O3U7f0b9k8W8u.jpg,8.3,English,142823,Comedy|Romance Jean-Pierre Jeunet Audrey Tautou Mathieu Kassovitz paris montmartre photo booth gnome kindness imagination Amélie is an innocent and naive girl in Paris with her own sense of justice. She decides to help those around her and finds love.
137,Roma,2018,Drama,Alfonso Cuarón,Yalitza Aparicio Marina de Tavira,mexico city domestic worker family ocean 1970s black white,A year in the life of a middle-class family's maid in Mexico City in the early 1970s.,https://image.tmdb.org/t/p/w500/dtIL5w9n6v8eB4p8jE0wK6q5s4P.jpg,7.7,English,21774,Drama Alfonso Cuarón Yalitza Aparicio Marina de Tavira mexico city domestic worker family ocean 1970s black white A year in the life of a middle-class family's maid in Mexico City in the early 1970s.
138,The Lives of Others,2006,Drama|Mystery|Thriller,Florian Henckel von Donnersmarck,Ulrich Mühe Martina Gedeck,stasi surveillance east berlin playwright headphones empathy,"In 1984 East Berlin, an agent of the secret police, conducting surveillance on a writer, becomes increasingly absorbed by their lives.",https://image.tmdb.org/t/p/w500/lP0f8b9O3U7b0W8K6q5s4P7A6p8.jpg,8.4,English,94713,"Drama|Mystery|Thriller Florian Henckel von Donnersmarck Ulrich Mühe Martina Gedeck stasi surveillance east berlin playwright headphones empathy In 1984 East Berlin, an agent of the secret police, conducting surveillance on a writer, becomes increasingly absorbed by their lives."
139,Memories of Murder,2003,Crime|Drama|Mystery,Bong Joon Ho,Song Kang-ho Kim Sang-kyung,serial killer rural korea rain detective tunnel flashlight,"In 1986, two detectives struggle with the case of multiple young women being found raped and murdered by an unknown culprit.",https://image.tmdb.org/t/p/w500/2L8c0B8D8W0N9L0k7b3K5f9A6p8.jpg,8.1,Korean,73014,"Crime|Drama|Mystery Bong Joon Ho Song Kang-ho Kim Sang-kyung serial killer rural korea rain detective tunnel flashlight In 1986, two detectives struggle with the case of multiple young women being found raped and murdered by an unknown culprit."
140,"Crouching Tiger, Hidden Dragon",2000,Action|Adventure|Drama,Ang Lee,Chow Yun-fat Michelle Yeoh,green destiny sword wuxia bamboo forest martial arts,A young Chinese warrior steals a sword from a famed swordsman and then embarks on a series of adventures with a mysterious man.,https://image.tmdb.org/t/p/w500/9k8W8uF4E0b0wE8gK2u3P7A6p8j.jpg,7.9,English,86666,Action|Adventure|Drama Ang Lee Chow Yun-fat Michelle Yeoh green destiny sword wuxia bamboo forest martial arts A young Chinese warrior steals a sword from a famed swordsman and then embarks on a series of adventures with a mysterious man.
141,RRR,2022,Action|Drama,S.S. Rajamouli,N.T. Rama Rao Jr. Ram Charan,freedom fighters revolution friendship tigers british empire dance,A fearless warrior and an ambitious officer in British India come together in an explosive journey against common foes.,https://image.tmdb.org/t/p/w500/wE0noZrRZus2IPPT8znCeLuma8q.jpg,8.0,Hindi,164412,Action|Drama S.S. Rajamouli N.T. Rama Rao Jr. Ram Charan freedom fighters revolution friendship tigers british empire dance A fearless warrior and an ambitious officer in British India come together in an explosive journey against common foes.
142,Lagaan,2001,Adventure|Drama|Sport,Ashutosh Gowariker,Aamir Khan Gracy Singh,cricket match village drought tax british rule sixer,The people of a small village in Victorian India stake their future on a game of cricket against their ruthless British rulers.,https://image.tmdb.org/t/p/w500/w7Z5sX8vT34t0oV5F9Wv5s8a0jQ.jpg,8.1,Hindi,117585,Adventure|Drama|Sport Ashutosh Gowariker Aamir Khan Gracy Singh cricket match village drought tax british rule sixer The people of a small village in Victorian India stake their future on a game of cricket against their ruthless British rulers.
143,Swades,2004,Drama,Ashutosh Gowariker,Shah Rukh Khan Gayatri Joshi,nasa scientist rural india electricity water village caravan,A successful Indian scientist working at NASA returns to his village in India to find his childhood nanny.,https://image.tmdb.org/t/p/w500/tK5gRk0qYnJ2U8Y8w4E1w9eX1K1.jpg,8.2,Hindi,159742,Drama Ashutosh Gowariker Shah Rukh Khan Gayatri Joshi nasa scientist rural india electricity water village caravan A successful Indian scientist working at NASA returns to his village in India to find his childhood nanny.
144,Taare Zameen Par,2007,Drama|Family,Aamir Khan,Darsheel Safary Aamir Khan,dyslexia art teacher boarding school empathy child painting,"An eight-year-old boy is thought to be a lazy trouble-maker, until the new art teacher discovers his real problem.",https://image.tmdb.org/t/p/w500/1X67tH4h02T0p8A2v6hK6uE8qK6.jpg,8.3,Hindi,45143,"Drama|Family Aamir Khan Darsheel Safary Aamir Khan dyslexia art teacher boarding school empathy child painting An eight-year-old boy is thought to be a lazy trouble-maker, until the new art teacher discovers his real problem."
145,Zindagi Na Milegi Dobara,2011,Comedy|Drama,Zoya Akhtar,Hrithik Roshan Farhan Akhtar,spain road trip bachelor diving skydiving tomatina poetry,Three friends decide to turn their fantasy vacation in Spain into reality after one of them becomes engaged.,https://image.tmdb.org/t/p/w500/e9w2L7b0wE8gK2u3P7A6p8jE0wK.jpg,8.2,Hindi,120225,Comedy|Drama Zoya Akhtar Hrithik Roshan Farhan Akhtar spain road trip bachelor diving skydiving tomatina poetry Three friends decide to turn their fantasy vacation in Spain into reality after one of them becomes engaged.
146,Andhadhun,2018,Crime|Drama|Music,Sriram Raghavan,Ayushmann Khurrana Tabu,blind pianist murder witness thriller rabbit piano organs,"A series of mysterious events change the life of a blind pianist, who now must report a crime that he should know nothing of.",https://image.tmdb.org/t/p/w500/dy3Cz645F56fW90x10K8q00P9f.jpg,8.2,Hindi,8587,"Crime|Drama|Music Sriram Raghavan Ayushmann Khurrana Tabu blind pianist murder witness thriller rabbit piano organs A series of mysterious events change the life of a blind pianist, who now must report a crime that he should know nothing of."
147,Tumbbad,2018,Drama|Fantasy|Horror,Rahi Anil Barve,Sohum Shah Jyoti Malshe,hastar gold greed monsoon flour curse rain well,A mythological story about a goddess who created the universe. The plot revolves around humans building a temple for her first-born.,https://image.tmdb.org/t/p/w500/9k8W8uF4E0b0wE8gK2u3P7A6p8t.jpg,8.2,Hindi,175694,Drama|Fantasy|Horror Rahi Anil Barve Sohum Shah Jyoti Malshe hastar gold greed monsoon flour curse rain well A mythological story about a goddess who created the universe. The plot revolves around humans building a temple for her first-born.
148,Barfi!,2012,Comedy|Drama|Romance,Anurag Basu,Ranbir Kapoor Priyanka Chopra,mute deaf autism darjeeling clock tower pure love bicycle,Three young people learn that love can neither be defined nor contained by society's definition of normal and abnormal.,https://image.tmdb.org/t/p/w500/3e3X3a1V0a9b2E8p1L6k0M4j2G7.jpg,8.1,Hindi,5947,Comedy|Drama|Romance Anurag Basu Ranbir Kapoor Priyanka Chopra mute deaf autism darjeeling clock tower pure love bicycle Three young people learn that love can neither be defined nor contained by society's definition of normal and abnormal.
149,Gangs of Wasseypur,2012,Action|Comedy|Crime,Anurag Kashyap,Manoj Bajpayee Nawazuddin Siddiqui,coal mafia revenge dhanbad guns dynastic feud sardar khan,"A clash between Sultan and Shahid Khan leads to the expulsion of Khan from Wasseypur, igniting a deadly blood feud.",https://image.tmdb.org/t/p/w500/98x5Y1q0V0f7A6p8jE0wK6q5s4.jpg,8.2,Hindi,6293,"Action|Comedy|Crime Anurag Kashyap Manoj Bajpayee Nawazuddin Siddiqui coal mafia revenge dhanbad guns dynastic feud sardar khan A clash between Sultan and Shahid Khan leads to the expulsion of Khan from Wasseypur, igniting a deadly blood feud."
150,Drishyam,2015,Crime|Drama|Mystery,Nishikant Kamat,Ajay Devgn Tabu,october 2 panaji alibi cable tv family protection police,Desperate measures are taken by a man who tries to save his family from the dark side of the law after an unexpected incident.,https://image.tmdb.org/t/p/w500/89x1a2E0b5wK6q0V0f7A6p8jE0.jpg,8.2,Hindi,19089,Crime|Drama|Mystery Nishikant Kamat Ajay Devgn Tabu october 2 panaji alibi cable tv family protection police Desperate measures are taken by a man who tries to save his family from the dark side of the law after an unexpected incident.
151,Baahubali: The Beginning,2015,Action|Adventure|Drama,S.S. Rajamouli,Prabhas Rana Daggubati,waterfall mahishmati shivudu katappa why kattappa killed baahubali,"A young man, raised in a tribal village, learns of his royal heritage and embarks on a quest to save the former queen.",https://image.tmdb.org/t/p/w500/9BAjt85foFcZKa5yh9uGAoqYqOS.jpg,8.0,Hindi,24897,"Action|Adventure|Drama S.S. Rajamouli Prabhas Rana Daggubati waterfall mahishmati shivudu katappa why kattappa killed baahubali A young man, raised in a tribal village, learns of his royal heritage and embarks on a quest to save the former queen."
152,Baahubali 2: The Conclusion,2017,Action|Adventure|Drama,S.S. Rajamouli,Prabhas Anushka Shetty,mahishmati coronation devasena amarendra throne war,"When Shiva learns about his heritage, he sets out to find answers. His story is juxtaposed with past events in the Kingdom.",https://image.tmdb.org/t/p/w500/b9b8b9O3U7b0W8K6q5s4P7A6p8j.jpg,8.2,Hindi,193073,"Action|Adventure|Drama S.S. Rajamouli Prabhas Anushka Shetty mahishmati coronation devasena amarendra throne war When Shiva learns about his heritage, he sets out to find answers. His story is juxtaposed with past events in the Kingdom."
153,K.G.F: Chapter 1,2018,Action|Crime|Drama,Prashanth Neel,Yash Srinidhi Shetty,kolar gold fields rocky bhai bombay mines rebellion,"In the 1970s, a fierce rebel rises against brutal oppression in the Kolar Gold Fields and becomes the symbol of hope.",https://image.tmdb.org/t/p/w500/40q6A4e9w8uF4E0b0wE8gK2u3P7.jpg,8.2,Hindi,91266,"Action|Crime|Drama Prashanth Neel Yash Srinidhi Shetty kolar gold fields rocky bhai bombay mines rebellion In the 1970s, a fierce rebel rises against brutal oppression in the Kolar Gold Fields and becomes the symbol of hope."
154,Kantara,2022,Action|Adventure|Drama,Rishab Shetty,Rishab Shetty Sapthami Gowda,daiva bhoota kola forest land dispute demigod screaming,"When greed paves the way for betrayal and wrath, a young tribal champion invokes the village's sacred guardian spirit.",https://image.tmdb.org/t/p/w500/77w0p7p01A2vB4v5s5E6eE8qK6v.jpg,8.3,Hindi,60796,"Action|Adventure|Drama Rishab Shetty Rishab Shetty Sapthami Gowda daiva bhoota kola forest land dispute demigod screaming When greed paves the way for betrayal and wrath, a young tribal champion invokes the village's sacred guardian spirit."
155,Vikram,2022,Action|Crime|Thriller,Lokesh Kanagaraj,Kamal Haasan Fahadh Faasil,black squad drug syndicate mask cannon lcu rolex,"A special investigator discovers a case of serial killings is not what it seems to be, leading to a war between drug lords.",https://image.tmdb.org/t/p/w500/40q6A4e9w8uF4E0b0wE8gK2u3P8.jpg,8.3,Hindi,98619,"Action|Crime|Thriller Lokesh Kanagaraj Kamal Haasan Fahadh Faasil black squad drug syndicate mask cannon lcu rolex A special investigator discovers a case of serial killings is not what it seems to be, leading to a war between drug lords."
156,Queen,2013,Comedy|Drama,Vikas Bahl,Kangana Ranaut Rajkummar Rao,paris solo honeymoon amsterdam hostel eiffel tower gol gappe,A Delhi girl from a traditional family sets out on a solo honeymoon after her marriage gets cancelled.,https://image.tmdb.org/t/p/w500/3e9p3Y0u7fK2vE0b1A7p5E9w2L8.jpg,8.1,Hindi,30099,Comedy|Drama Vikas Bahl Kangana Ranaut Rajkummar Rao paris solo honeymoon amsterdam hostel eiffel tower gol gappe A Delhi girl from a traditional family sets out on a solo honeymoon after her marriage gets cancelled.
157,Sholay,1975,Action|Adventure|Comedy,Ramesh Sippy,Dharmendra Amitabh Bachchan,gabbar singh thakur ramgarh kitne aadmi the train,"After his family is murdered by a notorious bandit, a former police officer enlists the services of two outlaws to capture him.",https://image.tmdb.org/t/p/w500/77w0p7p01A2vB4v5s5E6eE8qK6u.jpg,8.2,Hindi,172601,"Action|Adventure|Comedy Ramesh Sippy Dharmendra Amitabh Bachchan gabbar singh thakur ramgarh kitne aadmi the train After his family is murdered by a notorious bandit, a former police officer enlists the services of two outlaws to capture him."
158,Dilwale Dulhania Le Jayenge,1995,Drama|Romance,Aditya Chopra,Shah Rukh Khan Kajol,switzerland train simran raj mustard field bauji,"Raj and Simran meet on a trip through Europe. After falling in love, Raj travels to India to win her family's approval.",https://image.tmdb.org/t/p/w500/2CAL2433ZeIihfX1Hb2139CX0pW.jpg,8.1,Hindi,154110,"Drama|Romance Aditya Chopra Shah Rukh Khan Kajol switzerland train simran raj mustard field bauji Raj and Simran meet on a trip through Europe. After falling in love, Raj travels to India to win her family's approval."
159,Dil Chahta Hai,2001,Comedy|Drama|Romance,Farhan Akhtar,Aamir Khan Saif Ali Khan,goa friendship fort sid akash sameer modern love,Three inseparable childhood friends are separated after college due to their different approaches towards relationships.,https://image.tmdb.org/t/p/w500/u1e9p3Y0u7fK2vE0b1A7p5E9w2L.jpg,8.1,Hindi,151322,Comedy|Drama|Romance Farhan Akhtar Aamir Khan Saif Ali Khan goa friendship fort sid akash sameer modern love Three inseparable childhood friends are separated after college due to their different approaches towards relationships.
160,Chak De! India,2007,Drama|Sport,Shimit Amin,Shah Rukh Khan Vidya Malvade,womens hockey team coach 70 minute redemption world cup,"Kabir Khan, a former hockey star tainted with betrayal, strives for redemption by coaching the Indian Women's National Hockey Team.",https://image.tmdb.org/t/p/w500/iL8c0B8D8W0N9L0k7b3K5f9A6p8.jpg,8.1,Hindi,173945,"Drama|Sport Shimit Amin Shah Rukh Khan Vidya Malvade womens hockey team coach 70 minute redemption world cup Kabir Khan, a former hockey star tainted with betrayal, strives for redemption by coaching the Indian Women's National Hockey Team."
161,Barbie,2023,Adventure|Comedy|Fantasy,Greta Gerwig,Margot Robbie Ryan Gosling,barbieland real world ken mojo dojo mojo mojo patriarchy,Barbie and Ken are having the time of their lives in the colorful world of Barbie Land until they get a chance to go to the real world.,https://image.tmdb.org/t/p/w500/iuFNMS8U5cb6xfzi51Dbkovj7vM.jpg,7.2,English,127277,Adventure|Comedy|Fantasy Greta Gerwig Margot Robbie Ryan Gosling barbieland real world ken mojo dojo mojo mojo patriarchy Barbie and Ken are having the time of their lives in the colorful world of Barbie Land until they get a chance to go to the real world.
162,Slumdog Millionaire,2008,Drama|Romance,Danny Boyle,Dev Patel Freida Pinto,mumbai slum game show who wants to be a millionaire destiny chaiwala,A Mumbai teen reflects on his upbringing in the slums when accused of cheating on the Indian version of 'Who Wants to be a Millionaire?'.,https://image.tmdb.org/t/p/w500/5A6V5w8eB4p8jE0wK6q5s4P7A6p.jpg,8.0,English,187105,Drama|Romance Danny Boyle Dev Patel Freida Pinto mumbai slum game show who wants to be a millionaire destiny chaiwala A Mumbai teen reflects on his upbringing in the slums when accused of cheating on the Indian version of 'Who Wants to be a Millionaire?'.
163,Black Swan,2010,Drama|Thriller,Darren Aronofsky,Natalie Portman Mila Kunis,ballet swan lake white swan black swan hallucination feathers,A committed dancer struggles to maintain her sanity after winning the lead role in a production of Tchaikovsky's Swan Lake.,https://image.tmdb.org/t/p/w500/z6myGcfKGwB0X8k7f2V7n6e8U7b.jpg,8.0,English,39055,Drama|Thriller Darren Aronofsky Natalie Portman Mila Kunis ballet swan lake white swan black swan hallucination feathers A committed dancer struggles to maintain her sanity after winning the lead role in a production of Tchaikovsky's Swan Lake.
164,Requiem for a Dream,2000,Drama,Darren Aronofsky,Ellen Burstyn Jared Leto,addiction coney island red dress refrigerator tv summer,The drug-induced utopias of four Coney Island people are shattered when their addictions run deep.,https://image.tmdb.org/t/p/w500/nOd6vjEmzCT0k3IjyyJ37xr8dWU.jpg,8.3,English,171639,Drama Darren Aronofsky Ellen Burstyn Jared Leto addiction coney island red dress refrigerator tv summer The drug-induced utopias of four Coney Island people are shattered when their addictions run deep.
165,American History X,1998,Crime|Drama,Tony Kaye,Edward Norton Edward Furlong,venice beach neonazi redemption prison laundry brotherhood,A former neo-nazi skinhead tries to prevent his younger brother from going down the same wrong path that he did.,https://image.tmdb.org/t/p/w500/c2gsmSQ2Cqv8umQI9w5WkO82u3P.jpg,8.5,English,125873,Crime|Drama Tony Kaye Edward Norton Edward Furlong venice beach neonazi redemption prison laundry brotherhood A former neo-nazi skinhead tries to prevent his younger brother from going down the same wrong path that he did.
166,The Artist,2011,Comedy|Drama|Romance,Michel Hazanavicius,Jean Dujardin Bérénice Bejo,silent film era sound transition hollywood tap dance dog,An egomaniacal film star develops a relationship with a young dancer against the backdrop of 1920s Hollywood.,https://image.tmdb.org/t/p/w500/b0n7V8a9O3U7b0W8K6q5s4P7A6p.jpg,7.9,English,139735,Comedy|Drama|Romance Michel Hazanavicius Jean Dujardin Bérénice Bejo silent film era sound transition hollywood tap dance dog An egomaniacal film star develops a relationship with a young dancer against the backdrop of 1920s Hollywood.
167,Gravity,2013,Drama|Sci-Fi|Thriller,Alfonso Cuarón,Sandra Bullock George Clooney,space debris hubble iss tiangong re-entry breathing tether,Two astronauts work together to survive after an accident leaves them stranded in space.,https://image.tmdb.org/t/p/w500/kZNZhL7X9m5WkO82u3P7A6p8jE0.jpg,7.7,English,191689,Drama|Sci-Fi|Thriller Alfonso Cuarón Sandra Bullock George Clooney space debris hubble iss tiangong re-entry breathing tether Two astronauts work together to survive after an accident leaves them stranded in space.
168,Birdman,2014,Comedy|Drama,Alejandro G. Iñárritu,Michael Keaton Emma Stone,broadway times square superhero alter ego drum score flying,"A washed-up superhero actor attempts to revive his fading career by writing, directing, and starring in a Broadway production.",https://image.tmdb.org/t/p/w500/lvA6M8Gq6A4e9w8uF4E0b0wE8gK.jpg,7.7,English,123531,"Comedy|Drama Alejandro G. Iñárritu Michael Keaton Emma Stone broadway times square superhero alter ego drum score flying A washed-up superhero actor attempts to revive his fading career by writing, directing, and starring in a Broadway production."
169,Spotlight,2015,Biography|Crime|Drama,Tom McCarthy,Michael Keaton Mark Ruffalo,boston globe investigative journalism church scandal files,The true story of how the Boston Globe uncovered the massive scandal of child abuse and cover-up within the Catholic Archdiocese.,https://image.tmdb.org/t/p/w500/h6gM8Gq6A4e9w8uF4E0b0wE8gK2.jpg,8.1,English,115728,Biography|Crime|Drama Tom McCarthy Michael Keaton Mark Ruffalo boston globe investigative journalism church scandal files The true story of how the Boston Globe uncovered the massive scandal of child abuse and cover-up within the Catholic Archdiocese.
170,The Big Short,2015,Biography|Comedy|Drama,Adam McKay,Christian Bale Steve Carell,housing market subprime credit default swap wall street bubble,"In 2008, a group of eccentric investors bet against the US mortgage market and make a fortune while the economy collapses.",https://image.tmdb.org/t/p/w500/isuQ2gg1uh3LKOP6uh5vK3S3P3G.jpg,7.8,English,129676,"Biography|Comedy|Drama Adam McKay Christian Bale Steve Carell housing market subprime credit default swap wall street bubble In 2008, a group of eccentric investors bet against the US mortgage market and make a fortune while the economy collapses."
171,Midsommar,2019,Drama|Horror|Mystery,Ari Aster,Florence Pugh Jack Reynor,sweden pagan festival maypole sun flowers bear sacrifice,"A couple travels to Northern Europe to visit a rural hometown's fabled mid-summer festival, which turns into a violent nightmare.",https://image.tmdb.org/t/p/w500/7LEI8ulBsdu7QOcxi88J3boDXgl.jpg,7.1,English,76727,"Drama|Horror|Mystery Ari Aster Florence Pugh Jack Reynor sweden pagan festival maypole sun flowers bear sacrifice A couple travels to Northern Europe to visit a rural hometown's fabled mid-summer festival, which turns into a violent nightmare."
172,Us,2019,Horror|Mystery|Thriller,Jordan Peele,Lupita Nyong'o Winston Duke,doppelganger scissors red jumpsuits tethered boardwalk hands,A family's serene beach vacation turns to chaos when their doppelgängers appear and begin to terrorize them.,https://image.tmdb.org/t/p/w500/ux2dU1jQ2iM3h8rYgO8k7d0q1W.jpg,6.9,English,137299,Horror|Mystery|Thriller Jordan Peele Lupita Nyong'o Winston Duke doppelganger scissors red jumpsuits tethered boardwalk hands A family's serene beach vacation turns to chaos when their doppelgängers appear and begin to terrorize them.
173,Nope,2022,Horror|Mystery|Sci-Fi,Jordan Peele,Daniel Kaluuya Keke Palmer,cloud alien horseshoe ranch ufo camera creature spectacle,The residents of a lonely gulch in inland California bear witness to an uncanny and chilling discovery in the skies above.,https://image.tmdb.org/t/p/w500/AcKVlWaNVVVFQwro3nLXqPlLoxl.jpg,6.9,English,44447,Horror|Mystery|Sci-Fi Jordan Peele Daniel Kaluuya Keke Palmer cloud alien horseshoe ranch ufo camera creature spectacle The residents of a lonely gulch in inland California bear witness to an uncanny and chilling discovery in the skies above.
174,Glass Onion: A Knives Out Mystery,2022,Comedy|Crime|Drama,Rian Johnson,Daniel Craig Edward Norton,greece private island puzzle disruptor mona lisa glass onion,"Famed Southern detective Benoit Blanc travels to Greece for his latest case, peeling back the layers of an eccentric tech billionaire's game.",https://image.tmdb.org/t/p/w500/vDGr1YdrlfbU9wxTOdpf3zChmv9.jpg,7.1,English,141328,"Comedy|Crime|Drama Rian Johnson Daniel Craig Edward Norton greece private island puzzle disruptor mona lisa glass onion Famed Southern detective Benoit Blanc travels to Greece for his latest case, peeling back the layers of an eccentric tech billionaire's game."
175,The Hateful Eight,2015,Crime|Drama|Mystery,Quentin Tarantino,Samuel L. Jackson Kurt Russell,blizzard haberdashery bounty hunter coffee stagecoach red rock,"In the dead of a Wyoming winter, a bounty hunter and his prisoner find shelter in a cabin inhabited by a collection of nefarious characters.",https://image.tmdb.org/t/p/w500/jIywBpmFNaLlBqSY9CcNt8w0Wwm.jpg,7.8,English,105125,"Crime|Drama|Mystery Quentin Tarantino Samuel L. Jackson Kurt Russell blizzard haberdashery bounty hunter coffee stagecoach red rock In the dead of a Wyoming winter, a bounty hunter and his prisoner find shelter in a cabin inhabited by a collection of nefarious characters."
176,Reservoir Dogs,1992,Crime|Thriller,Quentin Tarantino,Harvey Keitel Tim Roth,diamond heist colors warehouse tipped ear stuck in the middle,"When a simple jewelry heist goes horribly wrong, the surviving criminals begin to suspect that one of them is a police informant.",https://image.tmdb.org/t/p/w500/xi8Iu6FabikADfmD0esCM93G7wn.jpg,8.3,English,14865,"Crime|Thriller Quentin Tarantino Harvey Keitel Tim Roth diamond heist colors warehouse tipped ear stuck in the middle When a simple jewelry heist goes horribly wrong, the surviving criminals begin to suspect that one of them is a police informant."
177,Kill Bill: Vol. 2,2004,Action|Crime|Thriller,Quentin Tarantino,Uma Thurman David Carradine,five point palm exploding heart technique pai mei casket bill,"The Bride continues her quest of vengeance against her former boss and lover Bill, the reclusive bouncer Budd, and Elle Driver.",https://image.tmdb.org/t/p/w500/2yhg0mZQMwtDy1UQ4rG1IZ492Q2.jpg,8.0,English,48899,"Action|Crime|Thriller Quentin Tarantino Uma Thurman David Carradine five point palm exploding heart technique pai mei casket bill The Bride continues her quest of vengeance against her former boss and lover Bill, the reclusive bouncer Budd, and Elle Driver."
178,Drive,2011,Action|Drama,Nicolas Winding Refn,Ryan Gosling Carey Mulligan,driver scorpion jacket toothpick getaway hammer elevator,A mysterious Hollywood stuntman and mechanic who moonlights as a getaway driver finds himself in trouble when he helps his neighbor.,https://image.tmdb.org/t/p/w500/602vevIiURWSK8O5T0r6qO92b8u.jpg,7.8,English,180300,Action|Drama Nicolas Winding Refn Ryan Gosling Carey Mulligan driver scorpion jacket toothpick getaway hammer elevator A mysterious Hollywood stuntman and mechanic who moonlights as a getaway driver finds himself in trouble when he helps his neighbor.
179,Nightcrawler,2014,Crime|Drama|Thriller,Dan Gilroy,Jake Gyllenhaal Rene Russo,freelance camera crime scanner police pursuit ambition sociopath,"When Louis Bloom, a driven man desperate for work, muscles into the world of L.A. crime journalism, he blurs the line between observer and participant.",https://image.tmdb.org/t/p/w500/8c4QgP0U7u6Y7X9m5WkO82u3P7A.jpg,7.9,English,28751,"Crime|Drama|Thriller Dan Gilroy Jake Gyllenhaal Rene Russo freelance camera crime scanner police pursuit ambition sociopath When Louis Bloom, a driven man desperate for work, muscles into the world of L.A. crime journalism, he blurs the line between observer and participant."
180,Prisoners,2013,Crime|Drama|Mystery,Denis Villeneuve,Hugh Jackman Jake Gyllenhaal,missing daughters detective maze whistle kidnapping rain,"When Keller Dover's daughter and her friend go missing, he takes matters into his own hands as the police pursue multiple leads.",https://image.tmdb.org/t/p/w500/uhviyknF5w3L8c0B8D8W0N9L0k7.jpg,8.1,English,187117,"Crime|Drama|Mystery Denis Villeneuve Hugh Jackman Jake Gyllenhaal missing daughters detective maze whistle kidnapping rain When Keller Dover's daughter and her friend go missing, he takes matters into his own hands as the police pursue multiple leads."
181,Sicario,2015,Action|Crime|Drama,Denis Villeneuve,Emily Blunt Benicio del Toro,border cartel juarez tunnel fbi task force wolves,An idealistic FBI agent is enlisted by a government task force to aid in the escalating war against drugs at the border area.,https://image.tmdb.org/t/p/w500/h259kE0v7A8b9O3U7f0b9k8W8uF.jpg,7.6,English,147388,Action|Crime|Drama Denis Villeneuve Emily Blunt Benicio del Toro border cartel juarez tunnel fbi task force wolves An idealistic FBI agent is enlisted by a government task force to aid in the escalating war against drugs at the border area.
182,Dune: Part Two,2024,Action|Adventure|Sci-Fi,Denis Villeneuve,Timothée Chalamet Zendaya,muad dib fremen sandworm shai hulud emperor holy war,Paul Atreides unites with Chani and the Fremen while seeking revenge against the conspirators who destroyed his family.,https://image.tmdb.org/t/p/w500/1pdfLvkbY9ohJlCjQH2CZjjYVvJ.jpg,8.6,English,57132,Action|Adventure|Sci-Fi Denis Villeneuve Timothée Chalamet Zendaya muad dib fremen sandworm shai hulud emperor holy war Paul Atreides unites with Chani and the Fremen while seeking revenge against the conspirators who destroyed his family.
183,Mission: Impossible - Fallout,2018,Action|Adventure|Thriller,Christopher McQuarrie,Tom Cruise Henry Cavill,ethan hunt halo jump bathroom fight helicopter chase plutonium,"Ethan Hunt and his IMF team, along with some familiar allies, race against time after a mission gone wrong.",https://image.tmdb.org/t/p/w500/AkJQvtR09Nq3qK1A8b9O3U7b0W8.jpg,7.7,English,102595,"Action|Adventure|Thriller Christopher McQuarrie Tom Cruise Henry Cavill ethan hunt halo jump bathroom fight helicopter chase plutonium Ethan Hunt and his IMF team, along with some familiar allies, race against time after a mission gone wrong."
184,The Hunger Games: Catching Fire,2013,Action|Adventure|Sci-Fi,Francis Lawrence,Jennifer Lawrence Josh Hutcherson,quarter quell mockingjay arena clock arena revolution snow,Katniss Everdeen and Peeta Mellark become targets of the Capitol after their victory in the 74th Hunger Games sparks rebellion.,https://image.tmdb.org/t/p/w500/nN49zrkTThvNqc7v6yq4Wz4lq79.jpg,7.5,English,192422,Action|Adventure|Sci-Fi Francis Lawrence Jennifer Lawrence Josh Hutcherson quarter quell mockingjay arena clock arena revolution snow Katniss Everdeen and Peeta Mellark become targets of the Capitol after their victory in the 74th Hunger Games sparks rebellion.
185,Harry Potter and the Prisoner of Azkaban,2004,Adventure|Fantasy,Alfonso Cuarón,Daniel Radcliffe Emma Watson,dementors sirius black time turner marauders map patronus,"Harry Potter, Ron and Hermione return to Hogwarts for their third year of study, where they delve into the mystery of Sirius Black.",https://image.tmdb.org/t/p/w500/aWxHgYr1XoRk8L0N0Z1A8b9O3U7.jpg,7.9,English,71394,"Adventure|Fantasy Alfonso Cuarón Daniel Radcliffe Emma Watson dementors sirius black time turner marauders map patronus Harry Potter, Ron and Hermione return to Hogwarts for their third year of study, where they delve into the mystery of Sirius Black."
186,Harry Potter and the Deathly Hallows: Part 2,2011,Adventure|Fantasy,David Yates,Daniel Radcliffe Emma Watson,battle of hogwarts horcruxes voldemort elder wand resurrection,"Harry, Ron, and Hermione search for Voldemort's remaining Horcruxes in their effort to destroy the Dark Lord once and for all.",https://image.tmdb.org/t/p/w500/c54HpQmuwXmJW7j9q5s4P7A6p8j.jpg,8.1,English,191136,"Adventure|Fantasy David Yates Daniel Radcliffe Emma Watson battle of hogwarts horcruxes voldemort elder wand resurrection Harry, Ron, and Hermione search for Voldemort's remaining Horcruxes in their effort to destroy the Dark Lord once and for all."
187,Star Wars: Episode IV - A New Hope,1977,Action|Adventure|Fantasy,George Lucas,Mark Hamill Harrison Ford,death star luke skywalker princess leia force trench run,"Luke Skywalker joins forces with a Jedi Knight, a cocky pilot, a Wookiee and two droids to save the galaxy from the Empire.",https://image.tmdb.org/t/p/w500/6FfCtAuVAW8XJjZ7eE8iE8g091B.jpg,8.6,English,169616,"Action|Adventure|Fantasy George Lucas Mark Hamill Harrison Ford death star luke skywalker princess leia force trench run Luke Skywalker joins forces with a Jedi Knight, a cocky pilot, a Wookiee and two droids to save the galaxy from the Empire."
188,Star Wars: Episode VI - Return of the Jedi,1983,Action|Adventure|Fantasy,Richard Marquand,Mark Hamill Harrison Ford,endor ewoks emperor throne room vader redemption jabba,"After rescuing Han Solo from Jabba the Hutt, the Rebels attempt to destroy the second Death Star, while Luke struggles with Vader.",https://image.tmdb.org/t/p/w500/mDCBQNJXMmF6v8eB4p8jE0wK6q5.jpg,8.3,English,128128,"Action|Adventure|Fantasy Richard Marquand Mark Hamill Harrison Ford endor ewoks emperor throne room vader redemption jabba After rescuing Han Solo from Jabba the Hutt, the Rebels attempt to destroy the second Death Star, while Luke struggles with Vader."
189,Raiders of the Lost Ark,1981,Action|Adventure,Steven Spielberg,Harrison Ford Karen Allen,indiana jones ark of the covenant boulder whip nazis trap,"In 1936, archaeologist and adventurer Indiana Jones is hired by the U.S. government to find the Ark of the Covenant.",https://image.tmdb.org/t/p/w500/ceG9VzoRAVGwSY9CcNt8w0Wwm.jpg,8.4,English,16212,"Action|Adventure Steven Spielberg Harrison Ford Karen Allen indiana jones ark of the covenant boulder whip nazis trap In 1936, archaeologist and adventurer Indiana Jones is hired by the U.S. government to find the Ark of the Covenant."
190,Indiana Jones and the Last Crusade,1989,Action|Adventure,Steven Spielberg,Harrison Ford Sean Connery,holy grail father son nazis knight venice motorcycle,"In 1938, after his father Professor Henry Jones Sr. goes missing while pursuing the Holy Grail, Indiana Jones finds himself up against Nazis.",https://image.tmdb.org/t/p/w500/4X1kE0v7A8b9O3U7f0b9k8W8uF4.jpg,8.2,English,163048,"Action|Adventure Steven Spielberg Harrison Ford Sean Connery holy grail father son nazis knight venice motorcycle In 1938, after his father Professor Henry Jones Sr. goes missing while pursuing the Holy Grail, Indiana Jones finds himself up against Nazis."
191,The Exorcist,1973,Horror,William Friedkin,Ellen Burstyn Max von Sydow,demonic possession priest stairs spinning head green vomit,"When a young girl is possessed by a mysterious entity, her mother seeks the help of two priests to save her.",https://image.tmdb.org/t/p/w500/4ucLGcQc07A8b9O3U7f0b9k8W8u.jpg,8.1,English,33078,"Horror William Friedkin Ellen Burstyn Max von Sydow demonic possession priest stairs spinning head green vomit When a young girl is possessed by a mysterious entity, her mother seeks the help of two priests to save her."
192,The Thing,1982,Horror|Mystery|Sci-Fi,John Carpenter,Kurt Russell Wilford Brimley,antarctica shape shifting alien flamethrower blood test paranoia,A research team in Antarctica is hunted by a shape-shifting alien that assumes the appearance of its victims.,https://image.tmdb.org/t/p/w500/tzGY49k8W8uF4E0b0wE8gK2u3P7.jpg,8.2,English,44038,Horror|Mystery|Sci-Fi John Carpenter Kurt Russell Wilford Brimley antarctica shape shifting alien flamethrower blood test paranoia A research team in Antarctica is hunted by a shape-shifting alien that assumes the appearance of its victims.
193,Halloween,1978,Horror|Thriller,John Carpenter,Jamie Lee Curtis Donald Pleasence,michael myers babysitter halloween mask knife haddonfield,"Fifteen years after murdering his sister on Halloween night 1963, Michael Myers escapes from a mental hospital and returns to kill.",https://image.tmdb.org/t/p/w500/wijlZ3Nkd090y7I8pA1N4k7vK9L.jpg,7.7,English,191321,"Horror|Thriller John Carpenter Jamie Lee Curtis Donald Pleasence michael myers babysitter halloween mask knife haddonfield Fifteen years after murdering his sister on Halloween night 1963, Michael Myers escapes from a mental hospital and returns to kill."
194,Scream,1996,Horror|Mystery,Wes Craven,Neve Campbell Courteney Cox,ghostface phone call horror rules woodsboro mask voice,"A year after the murder of her mother, a teenage girl is terrorized by a masked killer who targets her and her friends.",https://image.tmdb.org/t/p/w500/7m23b2K4j5c9L6k0M4j2G7u3P7A.jpg,7.4,English,20226,"Horror|Mystery Wes Craven Neve Campbell Courteney Cox ghostface phone call horror rules woodsboro mask voice A year after the murder of her mother, a teenage girl is terrorized by a masked killer who targets her and her friends."
195,The Lighthouse,2019,Drama|Fantasy|Horror,Robert Eggers,Willem Dafoe Robert Pattinson,lighthouse keeper isolation madness mermaid storm horn seagull,Two lighthouse keepers try to maintain their sanity while living on a remote and mysterious New England island in the 1890s.,https://image.tmdb.org/t/p/w500/3nk9UoepYmv1DY9f1KM8umR2EsQ.jpg,7.4,English,85416,Drama|Fantasy|Horror Robert Eggers Willem Dafoe Robert Pattinson lighthouse keeper isolation madness mermaid storm horn seagull Two lighthouse keepers try to maintain their sanity while living on a remote and mysterious New England island in the 1890s.
196,Stree,2018,Comedy|Horror,Amar Kaushik,Rajkummar Rao Shraddha Kapoor,chanderi ghost festival tailor o stree kal aana braid,"In the small town of Chanderi, the menfolk live in fear of an evil spirit named Stree who abducts men during festival nights.",https://image.tmdb.org/t/p/w500/91t7o8b4v5s5E6eE8qK6uE8qK6u.jpg,7.6,Hindi,121982,"Comedy|Horror Amar Kaushik Rajkummar Rao Shraddha Kapoor chanderi ghost festival tailor o stree kal aana braid In the small town of Chanderi, the menfolk live in fear of an evil spirit named Stree who abducts men during festival nights."
197,Kahaani,2012,Mystery|Thriller,Sujoy Ghosh,Vidya Balan Parambrata Chatterjee,kolkata durga puja pregnant woman missing husband metro,A pregnant woman arrives in Kolkata from London in search of her missing husband during the bustling Durga Puja festival.,https://image.tmdb.org/t/p/w500/6y5K0M4j2G7u3P7A6p8jE0wK6q5.jpg,8.1,Hindi,50473,Mystery|Thriller Sujoy Ghosh Vidya Balan Parambrata Chatterjee kolkata durga puja pregnant woman missing husband metro A pregnant woman arrives in Kolkata from London in search of her missing husband during the bustling Durga Puja festival.
198,Uri: The Surgical Strike,2019,Action|Drama|War,Aditya Dhar,Vicky Kaushal Paresh Rawal,indian army special forces how is the josh covert operation,Indian army special forces execute a covert operation against terror launchpads in response to a deadly attack on their base.,https://image.tmdb.org/t/p/w500/2L8c0B8D8W0N9L0k7b3K5f9A6p9.jpg,8.2,Hindi,62825,Action|Drama|War Aditya Dhar Vicky Kaushal Paresh Rawal indian army special forces how is the josh covert operation Indian army special forces execute a covert operation against terror launchpads in response to a deadly attack on their base.
199,A Wednesday!,2008,Crime|Drama|Thriller,Neeraj Pandey,Naseeruddin Shah Anupam Kher,common man bomb threats roof top police commissioner phone call,A retiring police officer reminisces about the most astounding day of his career: an unnamed common man who held the city hostage.,https://image.tmdb.org/t/p/w500/789e9W0p2E0v5A8p1Y6b2K5f0M1.jpg,8.1,Hindi,130323,Crime|Drama|Thriller Neeraj Pandey Naseeruddin Shah Anupam Kher common man bomb threats roof top police commissioner phone call A retiring police officer reminisces about the most astounding day of his career: an unnamed common man who held the city hostage.
200,Haider,2014,Action|Crime|Drama,Vishal Bhardwaj,Shahid Kapoor Tabu,kashmir hamlet betrayal revenge snow skull gravedigger,"A young man returns to Kashmir amid political turmoil to seek answers about his father's disappearance, drawn into a tragedy.",https://image.tmdb.org/t/p/w500/9k8W8uF4E0b0wE8gK2u3P7A6p8k.jpg,8.0,Hindi,104681,"Action|Crime|Drama Vishal Bhardwaj Shahid Kapoor Tabu kashmir hamlet betrayal revenge snow skull gravedigger A young man returns to Kashmir amid political turmoil to seek answers about his father's disappearance, drawn into a tragedy."
