user_id,movie_id,rating,timestamp
132,132,3.0,1088040039
262,175,3.5,1265227312
341,168,4.5,1306143993
402,91,4.0,1297326290
415,136,3.5,1545942086
319,21,2.5,1681743909
371,170,2.5,1023583896
171,32,4.5,1580069333
139,32,5.0,1298291926
325,170,4.5,1069034417
166,25,4.5,1444133897
227,47,4.0,1414710371
190,129,4.0,1158149476
300,82,3.5,1443428730
356,187,4.0,1425060841
443,178,3.5,1343307049
59,160,4.0,1688487145
344,57,4.5,1286639302
134,57,2.0,1374384856
275,98,5.0,1389817853
422,180,3.5,1631068711
223,153,5.0,1412930745
86,2,5.0,1641160680
228,10,2.5,1122134084
466,5,3.5,1145700088
72,89,1.5,1156842663
97,154,3.0,1657548316
314,119,4.0,1593283578
170,63,4.5,1101648017
387,4,3.5,1201943299
421,11,4.0,1048238218
101,19,2.5,1303590654
63,76,3.5,1250874965
132,16,3.0,1292978227
136,8,4.0,1411369258
462,66,5.0,1252718733
137,5,3.5,1078636972
351,20,2.0,1256682395
487,22,3.5,1256793999
278,151,4.5,1270374220
436,161,2.5,1165166070
181,163,5.0,1678901395
109,100,3.0,1019002820
217,124,2.5,1353593342
446,90,1.5,1661250642
151,150,4.0,1665285780
273,66,5.0,1025217193
138,94,4.0,1419121933
135,126,2.5,1038600931
234,144,4.0,1176832516
223,26,4.5,1072138903
426,104,5.0,1306899164
99,48,2.0,1587607297
197,18,5.0,1412191749
226,170,4.0,1641390881
84,113,5.0,1646216907
14,68,3.5,1638977004
42,65,4.0,1539816816
495,140,2.5,1142876482
231,64,4.5,1455970380
273,81,2.0,1138820723
459,43,4.0,1431023816
458,136,3.0,1078620246
52,123,3.5,1088609380
166,181,5.0,1618486433
428,6,3.0,1581065016
300,167,5.0,1307539364
450,166,3.0,1323098182
162,47,3.5,1001172648
144,18,5.0,1336471142
382,119,3.5,1085262563
279,105,3.5,1518426171
279,77,3.5,1161572802
333,162,3.0,1203105490
282,158,2.5,1434476140
86,56,5.0,1556711268
480,182,3.0,1065606057
399,165,1.5,1035552173
485,50,3.5,1159800415
496,131,4.0,1685743232
224,195,3.5,1159084914
66,90,3.5,1320362896
85,131,3.5,1383991288
156,166,4.0,1553298293
62,29,4.5,1300782304
146,185,3.5,1578124211
339,59,5.0,1689255539
434,65,4.5,1254872678
191,182,3.5,1643064545
409,26,2.0,1187277174
354,15,3.5,1358143805
476,114,4.5,1068964895
268,127,4.5,1478527233
248,140,1.5,1450462799
171,101,3.5,1628233040
57,115,3.0,1617225012
127,92,5.0,1374350219
379,70,3.5,1135211899
70,108,1.0,1390508932
91,63,4.0,1693007671
27,41,1.0,1296279375
435,129,4.0,1607870161
417,166,5.0,1059680254
238,158,5.0,1463403455
351,169,4.0,1165847084
95,15,2.5,1453560251
426,71,5.0,1186235283
321,40,4.5,1335837492
113,111,3.0,1080578376
371,82,3.0,1644736783
122,145,2.5,1166351196
454,49,4.0,1600795248
177,38,3.0,1305056797
84,106,3.5,1346515731
291,92,4.5,1433261929
8,53,3.0,1104839254
74,170,4.5,1110338851
452,48,5.0,1307447829
92,84,4.0,1039444970
46,182,4.5,1009516498
99,172,4.0,1172115399
19,19,3.5,1226507524
435,23,4.5,1512900086
304,77,5.0,1035023735
250,114,4.5,1606045863
415,114,3.5,1160665820
331,115,3.5,1304344657
23,143,3.5,1225486812
128,107,4.5,1114856526
447,129,3.0,1321622828
328,49,2.5,1673516702
65,129,4.0,1524191545
191,53,3.5,1559812532
214,71,5.0,1100180012
22,95,1.0,1604898539
253,77,3.5,1250815467
465,34,3.0,1391254697
485,15,4.5,1110402967
420,17,3.0,1681669925
407,16,3.0,1651681586
144,133,4.5,1570191127
101,37,5.0,1539258458
58,35,3.5,1512463640
329,175,3.5,1085913157
122,58,5.0,1091833814
54,64,5.0,1156591152
494,13,4.5,1599273488
318,185,3.0,1682815636
168,88,2.5,1261621290
11,52,5.0,1271607499
356,123,4.0,1594387959
313,119,2.5,1147610449
471,119,3.5,1295725973
400,104,3.5,1428964926
182,152,3.5,1503334423
228,113,3.0,1014294736
353,38,5.0,1452137439
9,46,4.0,1548015888
79,62,5.0,1143593515
475,130,5.0,1464084632
209,112,3.5,1286166471
347,139,5.0,1195345918
156,187,4.0,1632779787
450,183,5.0,1592395134
363,55,3.0,1545370585
183,138,4.0,1000716373
319,34,3.0,1560361020
1,117,3.0,1289667060
492,47,3.0,1133084975
172,117,5.0,1090265195
72,36,3.5,1103949789
291,112,0.5,1368442702
235,32,3.5,1682565024
265,110,2.5,1344641505
428,149,3.0,1671677049
137,110,5.0,1508898557
77,145,2.0,1388325380
224,39,2.0,1252755805
39,153,1.5,1171517162
183,47,3.0,1268458430
57,192,1.5,1126293838
409,105,1.5,1647788541
35,94,3.0,1069597222
336,184,4.0,1143048903
22,106,2.5,1053202779
202,100,4.0,1217565204
49,159,3.5,1556657737
213,57,4.0,1273500955
284,182,2.5,1459268720
37,167,5.0,1433487131
48,124,2.0,1201831525
246,160,2.5,1649071122
18,156,4.0,1216782910
467,199,3.5,1130987635
459,139,4.5,1386827053
133,87,3.0,1341318039
69,195,2.0,1556697179
78,91,1.5,1045546668
331,83,5.0,1456184328
271,27,3.0,1588746248
2,145,3.5,1312932375
147,142,5.0,1135583838
287,190,3.0,1309722815
467,80,3.5,1334700839
47,180,2.5,1432442547
462,189,2.0,1107921283
41,186,5.0,1537216130
396,160,5.0,1153666068
395,83,4.5,1559532909
95,177,4.5,1352995712
459,130,4.5,1032946723
214,79,2.5,1535538036
268,194,4.0,1678885932
186,50,3.0,1689240719
214,136,0.5,1513898494
100,137,5.0,1165106186
460,15,4.0,1600793922
305,173,2.0,1445506913
431,171,3.0,1295374232
207,144,5.0,1135363417
209,76,3.5,1513981378
416,112,1.5,1242279326
85,107,2.0,1153897584
128,86,5.0,1205852608
206,72,3.5,1576520025
54,116,5.0,1625402200
111,24,5.0,1437365770
442,146,3.0,1307605839
494,192,4.0,1112908147
148,76,1.0,1631525126
416,17,3.0,1644829104
401,95,4.0,1203283672
253,132,3.5,1537193148
232,83,4.0,1529693802
170,160,4.5,1456079137
348,168,4.0,1188974552
25,116,4.0,1437890055
460,142,3.5,1130307985
429,146,3.0,1259357863
172,78,2.5,1340809034
253,72,5.0,1473242854
457,119,4.5,1543690934
64,185,2.5,1166770979
360,29,3.5,1507322101
21,113,2.0,1644494857
89,17,3.0,1449397199
281,15,4.0,1325287640
146,4,4.0,1508217182
496,143,3.5,1107388409
2,199,2.5,1118562542
32,2,2.0,1204954000
8,88,4.5,1592386269
122,153,5.0,1135283345
485,48,4.0,1303301820
276,169,3.5,1149647085
322,22,5.0,1178221012
148,89,2.5,1466074548
458,101,5.0,1108652766
164,181,3.0,1670761717
397,111,3.0,1552246006
11,108,3.0,1313380246
44,89,3.5,1594163647
289,137,4.5,1537622565
438,69,2.0,1167863502
159,112,3.0,1336423837
348,37,4.0,1156200122
125,119,4.0,1261674343
437,86,1.5,1236021724
450,196,2.5,1302558811
376,104,1.5,1053525636
352,188,2.5,1597726181
96,101,3.0,1487151064
392,100,4.0,1226638336
94,79,1.0,1018184973
127,133,4.5,1661520466
204,55,3.0,1598941470
286,97,3.0,1160190130
370,49,4.5,1197228878
335,10,5.0,1190988946
242,75,2.5,1531847269
214,13,2.5,1567817503
472,126,3.0,1165358392
154,30,2.5,1254465054
449,75,2.0,1096295908
142,104,3.5,1411875481
388,180,2.5,1441530927
200,25,3.5,1264252568
128,8,5.0,1458564277
285,78,3.5,1519704807
152,9,2.5,1148497528
244,41,3.0,1403793724
359,191,3.5,1245133699
241,179,3.5,1101824414
384,86,3.0,1028967775
370,113,1.5,1457619055
356,167,4.5,1347001640
294,3,2.5,1086162450
377,69,5.0,1501402454
84,124,3.0,1642937368
336,125,3.0,1051378734
262,67,3.0,1071611906
145,135,3.5,1686302678
396,12,2.5,1584288544
143,155,2.5,1037437851
428,145,4.0,1263244821
483,103,2.5,1447496545
2,186,4.0,1073066013
325,79,4.5,1141284910
222,124,4.5,1103643555
127,8,4.0,1348865850
376,42,1.5,1301912845
197,71,2.0,1434939349
111,41,2.0,1285891432
242,11,3.0,1497944014
177,25,3.5,1607002039
340,109,2.0,1354307735
376,102,3.5,1583644330
44,167,4.5,1330865388
340,52,2.5,1467440363
84,74,2.5,1166422274
66,144,5.0,1639722774
326,162,2.5,1661654124
156,41,4.0,1651563150
155,104,5.0,1509079338
155,153,2.0,1122632096
289,117,2.0,1566755965
177,150,3.0,1368697384
439,149,3.5,1245477265
32,80,2.5,1642460546
418,20,5.0,1237925519
44,115,4.0,1454938902
106,39,2.5,1451157462
313,142,2.0,1670142078
86,167,3.5,1185843769
55,14,4.0,1395667061
428,200,5.0,1230299493
314,30,3.5,1016259435
317,95,3.0,1522438116
47,153,2.5,1549458989
158,185,4.0,1187742676
72,108,4.5,1538868957
49,35,1.5,1091347035
70,93,3.5,1100759443
82,91,2.5,1350488845
323,19,2.0,1120951360
5,143,5.0,1240203763
244,27,4.5,1312519519
408,11,3.0,1692544156
426,38,3.5,1034683294
76,25,3.0,1131839640
75,148,2.0,1290899190
271,84,3.0,1336979654
435,34,4.5,1111021798
85,188,3.0,1032699693
242,55,4.0,1195596907
256,149,3.0,1542480886
114,28,2.0,1447593866
177,43,5.0,1402878225
451,21,1.0,1676079467
269,174,5.0,1106748599
371,92,4.5,1371737156
148,35,3.5,1639683833
459,193,3.0,1442471881
95,195,3.0,1431504471
489,196,3.5,1608994008
393,10,3.5,1262567781
387,47,2.5,1254323077
438,157,3.5,1272830643
310,121,4.0,1566549116
102,3,3.0,1102533495
63,69,5.0,1136375115
83,7,3.5,1172005865
432,90,1.5,1115485480
426,99,2.5,1127559391
75,175,4.5,1226456543
83,157,2.5,1084990968
39,142,2.5,1598644585
175,165,5.0,1101799351
145,190,3.5,1431541984
152,118,3.0,1069199806
135,10,0.5,1101436021
29,126,4.0,1088856010
408,24,3.5,1544810654
425,9,5.0,1265484470
47,199,2.0,1360747443
464,103,3.0,1420316873
33,198,4.0,1268140589
417,86,5.0,1485660419
147,193,4.0,1053413781
31,22,2.5,1529291180
90,89,5.0,1637722779
433,79,3.0,1157265289
25,45,3.5,1038323137
443,188,4.5,1538736888
280,166,5.0,1331636318
428,102,4.0,1684172542
178,197,5.0,1013067625
49,115,3.5,1638873558
337,89,4.0,1262147919
26,39,3.0,1385837874
473,156,4.0,1232429482
330,83,4.0,1226552184
190,104,5.0,1632196862
127,151,4.0,1320977135
261,109,3.0,1049736855
72,179,4.0,1652694967
464,189,2.5,1444408047
253,30,4.0,1016488706
145,145,3.0,1249388491
384,41,2.0,1464122286
186,84,2.0,1105685491
394,153,2.0,1662384413
500,21,3.0,1289870120
478,65,2.5,1464289129
267,184,3.5,1200599734
169,177,3.0,1570924583
217,88,4.0,1081702444
76,133,4.0,1548427483
407,84,3.0,1472680208
446,121,5.0,1379233466
329,35,2.5,1006418283
259,48,4.5,1384901103
31,37,3.5,1565214399
459,84,3.0,1376289970
262,107,5.0,1105103276
363,104,4.0,1041854082
411,178,2.0,1503759523
396,157,4.0,1631909342
170,28,4.0,1012176590
237,118,4.5,1224766189
318,10,4.0,1544934079
86,3,4.5,1089941019
127,148,3.0,1492547178
115,108,3.0,1305786078
485,53,3.0,1433550715
354,84,1.5,1225329580
319,170,5.0,1546922993
102,9,2.0,1281950356
472,79,4.0,1356912922
215,101,3.0,1278528850
163,7,3.0,1352308043
168,51,4.5,1640050210
144,152,2.5,1572699567
199,34,4.0,1120643427
54,119,4.0,1618666390
435,22,2.5,1691231679
204,156,4.5,1313731596
288,85,5.0,1269251333
242,190,5.0,1278795486
239,56,3.0,1663036306
224,145,3.5,1522156482
72,91,4.0,1587566665
49,53,4.5,1106145545
43,32,5.0,1195002551
107,4,4.0,1527816980
376,12,4.0,1062239614
89,89,2.0,1412053047
178,146,5.0,1107476536
112,27,3.0,1512507265
443,144,0.5,1578094572
99,164,1.0,1529371196
158,74,4.0,1184619997
456,164,2.0,1383127149
88,126,3.5,1203286427
193,145,1.5,1286470289
22,19,4.0,1105001142
120,148,4.0,1096194874
266,44,3.5,1388935532
433,11,2.5,1532624018
45,176,4.5,1396233512
72,156,3.0,1037610123
93,104,3.5,1060094099
371,18,3.0,1084843425
169,120,3.0,1291662612
120,177,5.0,1025151442
481,157,3.5,1467166248
275,28,2.0,1391407998
109,78,2.5,1043606184
277,39,3.0,1560038058
336,75,2.5,1692271701
222,4,4.5,1440913386
353,134,2.0,1101270821
245,153,3.5,1371058934
343,73,4.5,1386340801
46,176,2.5,1216707219
368,96,4.0,1264073577
57,120,3.5,1120367325
245,70,3.5,1681484945
403,141,4.0,1291197035
284,175,1.5,1474734523
352,54,5.0,1336139478
361,187,1.0,1167005313
311,142,5.0,1658538409
255,13,4.0,1123085375
145,100,4.0,1150905131
465,184,5.0,1485387698
318,38,5.0,1653574367
301,188,4.5,1008264256
377,158,3.0,1642162150
208,193,3.0,1046206528
330,13,4.5,1067324597
156,104,4.0,1222977008
84,123,4.0,1341326246
413,152,3.5,1534844807
424,159,3.0,1366061378
125,125,2.0,1277694713
326,144,4.5,1698339568
253,98,3.5,1563780833
199,151,3.0,1476474160
494,31,1.5,1618180056
179,194,3.5,1152921763
369,54,2.0,1475155718
334,185,3.0,1589445460
252,80,4.5,1292315800
2,168,3.5,1120840687
349,137,3.5,1600147384
188,27,2.5,1650523173
148,185,3.0,1190130212
221,85,5.0,1317470479
275,112,4.5,1248191744
189,43,3.0,1095089838
88,12,3.5,1306751780
267,119,4.0,1519508268
308,124,4.0,1552655800
305,184,3.5,1391726753
368,176,1.5,1556654529
424,164,3.5,1615276446
182,199,3.5,1246986066
108,130,5.0,1400306091
201,173,5.0,1013444118
35,169,4.5,1287107421
68,166,2.5,1244704321
192,174,4.5,1208438666
169,20,1.5,1608713136
322,77,3.0,1176040909
10,188,1.5,1229559272
111,57,4.0,1552967160
308,115,2.0,1020652060
485,55,3.0,1030633042
360,169,3.5,1667201650
148,104,3.5,1091511841
398,183,3.0,1516405884
167,7,4.0,1027161677
474,2,2.0,1665426194
300,6,5.0,1088150695
86,128,2.5,1414773328
272,14,3.5,1685508545
144,77,4.0,1500165214
86,4,4.5,1164827856
376,155,4.5,1021049279
456,34,1.5,1125620295
249,5,2.5,1564217837
499,124,3.5,1312369625
137,75,4.0,1528056490
121,59,5.0,1265087015
66,132,3.0,1288263340
162,199,2.5,1113985959
20,110,3.0,1415972550
356,50,5.0,1494984055
276,1,5.0,1638293847
227,183,3.5,1463815901
122,144,5.0,1639639129
55,11,3.0,1632824605
263,75,4.5,1233433537
148,52,2.0,1416388995
333,44,4.0,1289822143
52,172,4.5,1089207428
407,123,3.0,1377452975
113,135,4.0,1025395521
10,101,3.0,1158191454
467,191,4.0,1035389210
264,137,3.0,1091544727
322,175,4.5,1204132151
451,78,2.0,1257991724
275,177,2.5,1527325595
142,121,5.0,1038915332
246,154,0.5,1228510315
395,187,2.5,1401123374
299,86,3.5,1078778116
352,191,4.0,1249833135
181,135,3.0,1308361114
497,9,2.0,1667874051
142,172,5.0,1459002839
161,132,5.0,1594697050
271,63,3.0,1659794496
123,40,1.5,1266711903
220,34,4.0,1265945423
204,46,3.5,1479807318
333,111,2.5,1005663963
418,105,1.0,1306218812
196,28,3.0,1090706579
101,17,4.5,1311920592
352,46,4.5,1233640972
327,101,3.5,1498385864
86,49,3.0,1486041508
343,83,4.5,1248858922
461,97,2.0,1578549851
170,47,2.0,1553527991
34,85,3.5,1575273681
58,83,5.0,1138388755
146,153,5.0,1260546863
349,77,2.0,1651566491
390,85,3.0,1592584739
398,62,5.0,1198331869
49,178,2.5,1495670773
352,185,5.0,1667789649
398,96,4.5,1483390067
167,146,5.0,1443565465
239,191,3.0,1364802510
12,94,3.0,1687062528
195,61,2.5,1474349648
64,15,4.5,1676111838
68,179,1.5,1095105443
432,192,3.5,1363515319
442,125,5.0,1080271394
315,117,4.0,1180314906
231,63,4.5,1456260084
401,149,1.5,1275932307
274,17,2.5,1002409735
183,94,5.0,1531082844
306,80,3.5,1240087879
392,60,2.5,1417603185
343,1,4.5,1129836890
345,27,3.0,1364167449
61,48,5.0,1285676134
294,130,4.0,1687335625
167,28,2.5,1678933053
388,128,4.5,1608083549
474,200,5.0,1292921760
367,146,3.5,1171065660
13,37,2.5,1348095555
330,61,3.5,1309842902
126,103,3.0,1247687964
224,24,3.0,1389533485
119,41,2.0,1240408031
147,59,4.5,1056181412
130,159,2.0,1566569202
440,10,4.0,1583468980
471,93,3.0,1211430276
37,86,4.0,1055647831
259,54,3.0,1666456190
170,113,3.5,1597676865
369,98,4.0,1692460519
476,164,3.0,1272346808
280,2,1.5,1260699748
128,117,4.0,1219807672
293,102,4.0,1596479740
229,186,2.0,1575614852
485,83,2.5,1200718588
439,84,3.0,1142548181
346,116,0.5,1674615674
464,27,4.5,1554958202
353,36,3.0,1502530731
292,7,4.0,1543328183
123,192,2.0,1498479005
485,59,5.0,1480561056
288,23,2.0,1656395761
137,72,3.0,1168402661
431,136,5.0,1551016369
221,176,2.0,1329065708
1,15,3.5,1373343238
466,133,4.5,1119936706
88,145,1.5,1117625087
242,188,2.5,1583410858
213,185,3.5,1485272863
383,39,4.0,1248495843
283,174,2.5,1096018665
367,125,5.0,1343157608
89,59,4.0,1297337324
168,7,4.5,1063122642
4,104,4.5,1273291006
267,56,1.5,1364787788
343,111,3.5,1564518347
89,93,3.5,1167921288
129,79,3.0,1130108991
254,195,3.5,1322459892
245,136,1.0,1179648956
362,104,3.5,1302588357
257,84,3.0,1387735900
289,29,1.0,1189840477
21,99,4.0,1480027045
69,182,2.0,1304323049
89,130,3.0,1132297389
249,38,3.0,1664552005
356,29,1.5,1003888360
480,10,1.5,1679640127
355,185,4.0,1282595490
226,150,3.0,1099838255
498,133,3.0,1618244414
180,124,3.5,1483383980
406,72,1.5,1167797765
250,66,3.0,1353613657
268,112,3.5,1579748255
152,163,5.0,1010369918
353,53,2.5,1588219411
376,79,4.5,1451430098
290,82,3.5,1340883750
191,142,2.0,1169014716
433,168,2.5,1044588521
274,68,4.5,1160486140
158,60,4.5,1273084459
131,158,3.0,1114004020
425,60,4.0,1232779634
300,61,2.5,1610752577
429,29,3.5,1077103141
225,162,3.0,1181055269
289,126,4.5,1639281568
407,193,4.0,1076527060
482,72,2.5,1440923190
103,85,3.0,1596237908
190,115,3.5,1376455446
210,108,3.5,1479773125
415,137,3.0,1490295903
235,19,3.0,1305574960
284,156,5.0,1330977648
267,81,3.0,1177914156
153,159,4.0,1133800652
151,31,5.0,1282006474
487,125,2.5,1276948319
155,188,3.5,1689144002
45,138,4.0,1561448240
42,195,3.5,1519248121
192,157,3.5,1447060957
113,62,2.5,1607709115
211,78,4.0,1281950054
149,86,1.5,1369378837
379,33,5.0,1460216152
250,145,5.0,1592633193
402,176,3.0,1066288557
442,99,5.0,1513903668
278,121,3.0,1599233298
399,100,3.5,1673897423
157,167,2.5,1246817296
455,172,4.5,1257727102
223,12,3.0,1690994172
185,98,4.5,1235116698
401,134,3.5,1550050794
325,15,3.5,1255860458
76,185,1.5,1482560797
19,48,3.5,1346998861
217,18,2.0,1498015405
56,19,3.5,1423689833
3,116,5.0,1067076415
159,110,2.0,1482098207
118,18,3.5,1190406550
297,102,2.5,1597404169
186,158,2.5,1454135098
404,111,2.5,1238318181
158,176,5.0,1362902133
402,52,5.0,1543722762
227,193,2.0,1293724145
118,120,4.0,1000226725
393,23,2.5,1309518580
398,154,2.5,1644996186
160,56,1.0,1374670181
482,49,5.0,1119653811
30,6,5.0,1442702464
226,121,2.5,1425819624
311,189,4.0,1090787853
399,15,3.0,1061873026
453,100,4.5,1070883613
234,62,3.0,1289661598
430,6,3.5,1468185728
463,138,2.5,1650875811
45,62,4.0,1645772973
477,169,5.0,1622905270
386,116,3.0,1266986483
360,167,3.0,1301016424
210,55,3.5,1459100202
260,99,4.0,1354902926
77,112,3.0,1056608037
276,159,3.0,1576295931
357,95,3.5,1484866668
322,102,1.5,1011201590
430,95,3.0,1320881206
179,105,1.0,1212459223
365,129,3.0,1231155129
389,129,2.5,1608154936
342,192,4.5,1497018039
190,52,2.5,1426499201
279,51,3.0,1543816315
421,75,1.0,1095848865
143,72,4.5,1364105776
266,88,2.0,1119699775
68,89,3.0,1618139900
247,141,4.5,1405540694
446,128,4.5,1698035641
145,182,2.0,1166006698
199,172,4.0,1385600317
317,159,2.0,1400557432
37,110,4.0,1076913203
423,35,2.5,1056574692
165,50,2.5,1612620474
309,89,3.5,1009443439
82,65,2.5,1549057719
36,78,5.0,1466915620
152,117,3.0,1673968629
470,189,2.0,1471276503
478,98,2.5,1113805084
127,26,3.5,1104881890
143,40,3.5,1150335573
377,25,4.0,1591952851
39,37,4.5,1551665091
196,133,1.5,1541322410
252,63,4.5,1364574155
475,70,2.5,1655449958
202,194,4.0,1106456071
222,90,5.0,1357192854
150,123,2.5,1452674140
270,23,2.5,1536107383
371,88,2.5,1485481836
426,84,3.0,1240527967
344,31,5.0,1059988407
105,152,2.0,1497465485
194,171,3.0,1164233807
43,8,4.5,1496000870
319,10,4.0,1263780079
131,50,3.0,1165674768
144,88,3.0,1053532691
224,173,4.5,1584666994
348,18,5.0,1457531403
290,53,5.0,1091921019
384,131,5.0,1181764217
205,4,2.5,1140623687
422,150,5.0,1221448420
295,176,2.5,1056126036
381,61,1.5,1688058345
141,34,3.5,1505250577
426,69,5.0,1213993500
436,167,4.5,1219928103
219,22,3.5,1181534820
301,156,4.0,1427958647
206,101,4.0,1347737398
347,130,3.5,1539553207
24,85,3.0,1253646664
340,147,2.5,1093664855
247,6,3.5,1366921703
168,109,3.5,1376118396
146,135,3.5,1191263190
25,160,5.0,1023685024
420,155,3.0,1540689429
341,72,3.5,1527847194
307,36,3.5,1343764527
302,158,5.0,1380790750
396,124,2.0,1130391948
26,64,5.0,1014256429
59,184,3.0,1329149766
436,9,3.5,1203112831
349,145,2.0,1145669898
411,138,5.0,1143423214
116,156,4.0,1548014128
302,64,4.5,1019262896
403,163,1.5,1216791630
487,187,2.5,1479314511
77,48,4.0,1037799348
52,57,3.5,1652443507
149,192,4.0,1561408498
145,56,5.0,1551423030
202,18,4.0,1215118120
221,66,3.0,1620669445
164,88,2.5,1659315588
53,105,2.5,1429823204
381,3,3.0,1434373878
387,177,3.0,1009690110
47,21,3.5,1514675804
418,65,4.0,1043648805
10,139,4.0,1377086504
79,164,3.5,1275070930
88,141,3.5,1225218203
34,70,5.0,1096606340
354,51,2.5,1649251732
161,78,3.5,1695752176
153,114,1.5,1140884053
347,116,3.0,1396573573
487,60,2.5,1538066844
480,192,2.5,1636939116
137,70,2.0,1621906679
16,13,2.0,1665848679
346,139,3.5,1069086140
279,169,4.5,1072271394
146,159,2.5,1233990392
148,114,1.0,1399907379
176,182,3.5,1411789720
160,27,4.0,1684022492
218,197,4.5,1216740148
250,59,2.5,1285756919
439,154,3.0,1460786998
220,66,2.0,1332598964
75,54,2.5,1266877742
386,72,2.5,1337100716
224,159,3.0,1153488736
104,69,3.0,1298658547
339,131,3.5,1223081624
48,103,2.5,1155314219
328,159,3.5,1511511168
39,14,2.5,1289938362
397,101,1.5,1360863729
360,17,4.0,1651174758
295,64,2.5,1542099871
318,78,1.5,1420949953
354,142,4.0,1671707431
375,103,3.0,1248830905
4,60,4.0,1370184767
144,79,4.0,1413275026
98,59,2.0,1396657435
419,200,4.5,1079140809
107,38,1.5,1393590494
435,27,3.0,1006226767
122,143,3.0,1684836207
178,35,2.5,1562666921
294,200,5.0,1539186773
367,193,4.0,1041700273
94,82,2.0,1198087017
412,87,2.0,1670208475
268,96,5.0,1598042888
316,121,3.0,1369680785
418,149,2.5,1319252652
337,14,5.0,1581285591
205,156,1.5,1595086418
375,51,5.0,1476116289
226,185,2.5,1084697994
7,17,4.0,1145969497
425,176,3.0,1590873671
113,181,1.5,1576236994
442,184,3.5,1133990158
138,14,4.5,1677500780
273,62,0.5,1257211175
27,58,2.0,1642590037
434,120,5.0,1246420861
147,130,4.0,1419554689
495,109,4.0,1582720620
482,80,4.5,1585411437
447,172,4.0,1604287137
177,90,3.5,1533473295
46,62,5.0,1079454453
116,143,3.0,1066715441
383,4,3.5,1637533808
164,155,4.5,1277962628
96,85,2.5,1151046698
362,92,5.0,1485834129
163,117,4.0,1200954927
3,148,2.0,1564147903
196,172,3.5,1515460505
398,75,2.0,1603064769
31,25,3.5,1419886268
405,176,3.0,1145757914
51,63,2.5,1375899592
118,42,1.5,1667748091
113,79,2.5,1545649612
378,144,3.5,1088393492
340,184,3.0,1011238198
9,190,2.0,1590835827
405,143,3.5,1200133483
481,168,2.5,1647720972
96,15,4.5,1182380820
360,13,5.0,1693321632
410,82,3.0,1499905787
214,16,5.0,1293700499
121,165,3.5,1222913404
463,64,2.0,1234626193
207,32,5.0,1058847448
434,16,5.0,1302066412
413,164,4.5,1616844031
387,140,2.5,1628839589
235,33,2.0,1397063310
458,47,3.0,1528352208
106,75,5.0,1071753116
158,175,2.0,1629251359
321,71,4.5,1480791495
108,65,3.5,1334114346
376,142,4.5,1457668816
152,187,2.0,1084610004
154,113,3.0,1254278477
173,159,2.5,1538441240
333,40,2.5,1592173360
249,124,4.5,1387408883
272,100,2.0,1430024791
202,123,4.0,1561452151
184,31,3.5,1580863200
66,171,2.5,1372452487
332,104,2.5,1045474554
37,18,4.0,1269183899
88,132,3.5,1530244306
41,135,3.5,1083199357
204,188,3.0,1359776694
135,163,3.0,1142097417
40,79,3.5,1118080079
103,180,5.0,1333624787
316,71,4.0,1008813459
141,57,3.5,1432340571
260,39,2.0,1314995332
177,200,3.0,1078806639
4,120,2.5,1641914269
107,75,2.5,1316051030
369,199,1.5,1354795169
140,118,3.5,1619372400
89,138,5.0,1244991861
408,149,3.5,1100077935
191,194,4.5,1245102490
240,151,4.5,1683874934
404,22,3.0,1390039927
211,85,3.0,1610186015
324,94,2.0,1271022707
347,81,3.5,1351685830
256,100,3.5,1665514218
418,67,2.5,1515697889
356,182,5.0,1397670840
439,27,2.5,1377758485
110,9,5.0,1049687547
487,176,4.0,1364023265
451,23,3.5,1512602465
171,106,5.0,1305046316
155,185,1.0,1352482988
18,40,3.0,1135825940
153,147,3.0,1362176485
374,130,3.5,1181174676
346,65,4.0,1413944604
73,74,3.0,1197303974
97,81,5.0,1594477145
482,27,4.0,1314025341
151,68,4.0,1375870406
123,36,4.0,1137000236
134,114,2.0,1143617525
287,65,3.5,1360569416
110,109,4.0,1522745216
132,108,2.0,1394972682
405,67,4.5,1601712287
425,138,1.0,1281308778
158,137,5.0,1604929968
215,59,3.5,1544255066
116,147,2.5,1137454320
16,157,4.0,1292927389
213,75,4.5,1422988169
268,150,5.0,1315659412
145,168,5.0,1252830170
264,63,2.0,1308988677
307,184,3.0,1423847539
207,167,2.5,1503708089
117,68,4.5,1695785479
126,20,5.0,1178150628
444,8,2.0,1210085957
468,190,3.5,1134591166
375,183,2.5,1246038177
2,61,4.5,1261828272
149,157,4.0,1660491093
421,109,5.0,1042463508
196,2,3.0,1135684278
128,5,3.5,1202535850
302,79,4.0,1159292080
188,105,3.0,1429958742
269,85,4.0,1525697107
194,29,5.0,1534576524
360,189,5.0,1660053288
22,200,3.0,1572925646
78,49,5.0,1403817758
411,78,3.0,1698858604
178,17,4.5,1329824799
108,3,3.0,1693669272
456,57,2.5,1429970132
338,63,5.0,1691071939
369,133,3.5,1652972649
266,32,5.0,1481613838
130,88,4.5,1489358036
99,177,4.0,1072646843
46,66,4.0,1459495657
232,162,5.0,1254768903
17,176,4.5,1604295902
372,142,3.0,1311925193
324,9,4.0,1268941456
191,158,5.0,1139823636
382,100,3.5,1583454324
193,46,3.0,1441648242
309,184,3.0,1310647851
333,103,4.5,1389865675
294,48,3.0,1608394712
64,30,4.0,1339261339
409,175,3.0,1645121345
485,126,5.0,1149716372
76,153,3.5,1644243816
209,80,5.0,1100529277
447,7,5.0,1163414229
54,40,3.5,1677201720
437,200,5.0,1438370909
55,32,3.0,1647642176
7,58,4.0,1166609261
313,107,2.5,1141640908
358,100,4.0,1105415554
491,120,4.0,1591950010
400,89,4.0,1568765139
95,160,2.0,1168324088
443,19,1.0,1692999428
330,169,2.0,1350010177
250,87,4.0,1611860569
255,3,4.5,1439534556
368,107,5.0,1474274705
325,17,3.0,1536807816
400,155,4.0,1081401275
311,114,2.5,1237513867
359,136,5.0,1556220708
3,40,2.5,1434398673
167,139,5.0,1323998326
451,173,3.0,1016520501
313,165,5.0,1548414530
453,153,3.5,1293132343
413,106,3.5,1035520004
374,126,2.5,1271501879
84,8,5.0,1591536278
299,96,4.5,1332544317
283,8,4.0,1266274587
422,152,4.0,1070599632
285,67,2.5,1202758149
271,121,4.5,1448010556
116,21,3.5,1506432218
337,88,3.5,1547763804
183,76,4.5,1303441058
1,75,4.0,1694184452
417,22,3.5,1664793802
316,96,5.0,1368420163
333,54,2.5,1028327765
113,138,1.5,1555054272
492,108,2.5,1052729196
328,123,3.5,1006872433
457,178,4.5,1288197967
417,96,2.5,1661941928
353,140,5.0,1103932570
367,66,3.5,1627016452
412,16,3.5,1422947972
278,178,2.0,1464434005
400,114,2.0,1473495887
411,30,1.5,1124523353
216,96,5.0,1514265586
23,199,5.0,1374302895
335,28,3.5,1380220191
455,139,2.0,1040178514
209,116,3.0,1271262755
198,162,5.0,1500106203
73,194,3.0,1530139278
430,177,2.5,1681395961
147,137,3.0,1572532215
245,147,3.0,1494147589
8,153,4.5,1061567559
117,164,1.0,1053664416
253,163,3.5,1004327277
302,105,2.5,1546982243
173,156,3.0,1242568105
487,82,4.5,1567117626
323,150,2.0,1363684847
221,68,3.5,1370742307
253,42,4.0,1257300353
354,96,4.0,1348139434
163,75,4.5,1141502153
267,157,4.0,1621545445
115,13,4.5,1632740870
327,199,2.5,1008627514
297,17,5.0,1191998062
218,10,2.0,1005909619
269,123,4.0,1428212994
353,18,2.5,1091348980
347,45,1.5,1172500685
285,183,3.0,1124923997
82,108,3.5,1028449983
296,45,5.0,1603086102
1,174,5.0,1324254255
290,185,3.5,1485536822
420,67,2.0,1362459152
348,124,2.0,1077686094
473,51,4.5,1618093180
375,156,4.5,1370027244
158,37,3.0,1163389995
295,31,2.0,1680777030
134,9,4.5,1536293244
275,10,2.0,1219411583
56,45,3.0,1567755586
411,101,4.0,1422618735
267,55,1.0,1543368034
120,133,4.5,1281247719
54,163,5.0,1231762329
2,56,3.5,1612226948
493,200,3.5,1346143116
183,103,3.5,1112719206
364,38,4.0,1454134498
57,40,2.5,1058674494
123,145,2.0,1403807009
103,67,3.0,1486542023
154,78,3.5,1117763349
361,79,2.5,1126562097
216,129,2.0,1035069579
425,46,3.0,1154907738
324,101,2.0,1502343353
203,194,4.5,1080179218
106,121,0.5,1475379066
163,191,2.0,1257929860
352,95,5.0,1021334799
148,8,3.0,1303847792
210,62,3.5,1621606930
341,185,3.5,1490530044
394,182,2.5,1561847659
409,93,5.0,1669736213
145,170,3.0,1401421968
73,9,2.5,1015244322
489,163,4.5,1223343270
77,36,1.0,1427666675
223,53,3.0,1368480054
408,52,3.0,1360946308
125,30,3.0,1550028360
9,82,3.0,1659539210
16,136,4.0,1305298765
316,174,5.0,1321811159
273,59,4.0,1617547872
69,1,3.0,1556250703
336,74,4.5,1102234840
216,151,4.5,1111870649
268,93,4.0,1333359986
434,128,5.0,1450449367
29,86,0.5,1640249951
292,143,3.5,1577285665
22,54,4.0,1416206192
358,17,1.5,1076451160
145,165,4.0,1321334250
199,50,4.5,1637372857
414,68,3.0,1019330722
310,44,4.5,1562288615
211,10,4.5,1542563908
131,26,5.0,1072663962
51,19,5.0,1247727561
485,168,5.0,1205839179
420,128,3.0,1558275921
98,188,3.0,1212071303
405,134,0.5,1597788069
321,148,2.0,1209685341
86,134,5.0,1113251976
164,199,3.0,1583950959
16,63,4.0,1143464746
424,120,4.0,1002622045
397,96,5.0,1275826753
396,45,1.0,1361433616
280,189,4.0,1639374956
308,4,4.0,1526570886
455,162,2.5,1369672469
255,169,4.5,1193742857
274,105,2.0,1227900761
187,118,5.0,1449545356
445,18,1.0,1519679785
1,160,2.5,1143880219
305,73,3.5,1073337955
110,191,4.0,1262804666
247,116,1.5,1122765066
433,26,5.0,1645273992
329,111,4.5,1658893519
488,64,5.0,1107396406
87,71,4.5,1568951044
114,38,2.5,1699432004
189,70,2.0,1009465893
173,111,3.0,1648658910
169,151,5.0,1176624705
399,134,3.5,1219608538
448,82,3.5,1011783914
385,20,5.0,1017060306
71,197,2.0,1679430890
36,34,4.0,1368583859
278,92,4.0,1570825548
133,73,4.5,1409265938
26,160,4.5,1272160866
257,37,3.5,1497574191
131,186,2.0,1270151612
451,144,3.0,1127938082
446,73,4.5,1276857998
252,15,5.0,1134648021
255,30,2.0,1140271308
225,24,2.0,1688900400
218,78,1.5,1579638685
227,141,2.5,1560766868
80,71,4.5,1384533223
358,21,5.0,1439084629
146,68,1.0,1093410984
98,50,2.0,1323676034
202,43,2.0,1354007447
85,56,2.5,1230407135
109,9,3.0,1507328855
474,65,3.0,1449331975
326,40,4.0,1385476229
172,89,1.0,1691551752
54,41,3.0,1572947982
371,91,5.0,1348297279
79,65,5.0,1252979159
450,58,5.0,1668381685
142,112,4.0,1308078203
94,17,2.5,1023077470
10,31,3.5,1578842231
149,42,5.0,1058780972
25,129,3.0,1579380204
22,24,5.0,1153220341
482,150,0.5,1453159226
461,99,4.0,1227207307
320,15,4.5,1575825492
460,196,4.0,1566825175
409,7,4.0,1257944345
242,6,4.0,1658067825
497,142,4.0,1127198155
225,136,3.0,1036371748
297,44,3.0,1685263088
358,1,2.0,1495301588
429,151,4.5,1147482134
136,66,5.0,1583862592
159,141,5.0,1325525423
271,142,2.5,1199098651
381,172,1.5,1212117490
476,27,4.0,1403107399
126,60,2.0,1399748648
349,100,4.0,1280409299
187,8,1.0,1107913887
424,78,5.0,1402868310
258,76,3.5,1619120074
305,180,1.0,1252352909
65,104,4.0,1335970317
105,180,3.5,1188487779
362,8,4.0,1278971123
435,167,4.5,1512214126
402,132,0.5,1595459411
331,105,3.0,1529386085
44,67,3.5,1317767919
8,38,3.0,1510016220
96,154,3.0,1067473677
474,43,5.0,1026331675
331,157,1.5,1698451229
424,18,3.0,1361978190
467,94,3.0,1336213557
295,32,3.5,1559825338
466,57,2.5,1209363668
450,146,5.0,1048743926
362,11,4.5,1503056806
349,10,5.0,1556880616
397,64,4.5,1372283662
141,1,4.5,1439005153
132,18,3.5,1063058021
496,149,5.0,1016473515
47,188,4.0,1496231590
297,16,3.5,1217269352
248,147,5.0,1428062661
106,50,2.0,1061773241
21,105,2.5,1676733599
369,104,5.0,1010670714
3,60,4.5,1269916121
83,17,0.5,1315837705
14,48,4.5,1041021210
386,36,2.5,1694160211
373,200,3.0,1426744227
330,106,5.0,1637434832
211,130,5.0,1683636145
451,189,5.0,1446125410
93,78,3.0,1360026006
154,189,3.0,1435334604
117,79,4.0,1492866236
499,141,4.5,1394078750
100,118,3.0,1062403858
158,199,5.0,1653274070
130,114,4.0,1590703925
294,67,5.0,1486988705
139,81,2.5,1227933315
403,72,3.0,1165177007
372,23,4.0,1341752623
439,89,3.0,1018479988
19,8,5.0,1516874411
259,112,5.0,1602305441
168,197,3.0,1671078199
153,34,4.5,1663375177
310,199,5.0,1050958341
489,54,5.0,1476284107
381,48,4.5,1200213201
51,21,5.0,1200011299
217,37,5.0,1345752482
48,177,5.0,1317860120
301,20,3.5,1273186480
448,101,4.5,1171467830
410,95,3.0,1609342632
160,60,3.5,1568421688
178,158,4.0,1010824597
173,16,2.0,1340625835
420,24,4.0,1352806399
387,49,2.5,1104210844
374,178,2.0,1428458822
453,7,4.5,1568031279
205,171,3.0,1279580263
118,184,4.0,1399016962
441,91,3.0,1039546452
357,59,3.0,1657083155
96,190,3.5,1503044424
118,108,2.0,1131586280
438,72,3.5,1389448269
109,113,5.0,1667994098
161,196,2.0,1464143112
39,4,5.0,1135815315
461,93,5.0,1036216878
159,151,2.5,1647314688
393,57,4.0,1508970461
128,145,2.0,1265525603
324,137,2.0,1107084429
102,10,3.5,1670107264
481,81,4.0,1439736841
70,44,3.0,1396597424
378,63,2.0,1138718139
282,69,2.5,1622348262
92,132,4.5,1633282769
304,47,4.5,1604625961
381,103,4.5,1696999035
459,116,3.0,1534114490
1,77,2.0,1647242915
58,106,5.0,1355360606
105,1,5.0,1300157933
428,66,3.0,1503824418
251,81,3.5,1283478011
500,103,1.5,1230181770
243,193,4.0,1436740359
335,9,5.0,1383689832
430,26,4.5,1237849819
314,81,5.0,1631530701
129,29,3.0,1265734207
254,126,2.0,1683465517
440,57,5.0,1473424743
285,66,3.5,1408506405
373,173,2.5,1532615927
70,75,5.0,1433083032
326,27,3.0,1283276629
183,158,2.0,1615104984
474,66,4.0,1042389240
318,176,2.0,1264802538
195,81,4.5,1269728345
263,156,2.0,1489098076
293,138,4.0,1623962950
32,3,4.0,1276961468
239,103,4.0,1386232968
154,4,2.0,1051689132
239,187,3.5,1299433949
384,72,5.0,1561008655
289,79,3.5,1699319670
249,150,2.0,1192864999
269,115,3.0,1102783149
221,180,2.0,1527404644
257,39,1.0,1320073673
364,66,3.5,1619910523
370,48,3.5,1692576567
328,108,4.5,1477817631
165,118,4.0,1015068237
54,176,4.0,1458381840
206,120,3.5,1394307705
335,64,5.0,1523158935
425,51,2.5,1251491502
257,56,3.0,1648886154
118,37,5.0,1010366990
313,153,3.0,1565428437
68,74,3.5,1210580058
279,197,4.0,1150328225
86,126,5.0,1616897851
176,177,3.5,1414052408
162,50,2.5,1654986388
335,53,3.0,1038332823
83,13,4.0,1361500016
248,182,3.0,1563418724
330,90,3.0,1540975803
414,170,2.5,1262135213
287,156,5.0,1265557024
276,19,3.5,1548529694
124,62,3.5,1594047649
274,131,4.5,1291495701
377,27,2.0,1390716265
450,12,3.5,1301175300
338,149,5.0,1093218476
495,133,3.5,1411220734
71,128,4.0,1621973772
408,41,3.5,1066107387
40,121,5.0,1164807373
86,170,3.5,1644997840
281,10,5.0,1321916689
115,163,4.0,1291499894
266,68,3.0,1119328424
427,112,5.0,1692400271
484,149,3.0,1269166813
169,192,3.0,1306447116
392,124,2.0,1236614523
148,73,4.0,1427704209
396,131,3.0,1597293643
435,7,2.5,1127243873
232,154,3.0,1154505650
104,139,3.0,1131077664
330,40,4.5,1411803077
381,158,4.0,1487968593
53,141,3.5,1142367810
236,95,4.0,1669925173
138,39,3.5,1422292485
156,69,3.5,1362712304
259,50,2.5,1486091830
71,180,2.5,1086198654
158,46,3.5,1601676209
287,129,3.5,1135261653
453,138,4.5,1366521414
295,105,4.0,1131999325
243,138,3.0,1167560641
358,112,2.0,1510747103
447,59,4.5,1329086094
293,112,4.0,1150011301
253,109,4.5,1246811271
164,113,4.0,1095090055
326,104,5.0,1677256934
473,161,3.0,1038218339
451,27,3.5,1080423623
134,157,4.5,1496204621
39,47,4.5,1590710739
446,152,4.0,1192557176
269,16,1.5,1339667682
23,138,1.5,1118460312
220,79,3.0,1544571345
353,173,3.5,1141067701
85,185,1.5,1167490286
98,109,3.5,1652244068
239,106,4.5,1051856254
466,47,3.5,1381006010
335,188,4.0,1082772485
334,124,4.0,1598253430
467,99,1.5,1314381491
295,112,4.5,1670407891
317,169,2.5,1359550627
188,74,3.0,1654030631
97,158,2.5,1587006681
225,144,5.0,1468939404
334,145,2.0,1225337776
395,89,5.0,1696474243
14,152,5.0,1166088545
484,145,1.5,1345377530
119,112,3.0,1384732025
195,58,4.0,1157325631
289,109,2.5,1363742305
136,190,3.0,1551536918
11,118,3.5,1401493336
152,156,2.5,1140564316
393,71,3.5,1512892258
189,149,4.5,1353694125
178,152,3.5,1198755366
320,175,2.5,1496803118
297,193,5.0,1550600228
216,182,5.0,1139192744
407,200,4.0,1409851227
51,45,2.5,1047051180
228,52,2.5,1183907613
153,124,0.5,1578131267
438,51,3.0,1506908000
112,68,5.0,1365139246
468,187,2.5,1648541053
321,57,2.5,1451502946
51,101,4.5,1001956996
45,134,5.0,1107905199
460,21,3.0,1184753238
426,13,4.0,1605754104
375,126,2.5,1105991625
10,105,3.0,1638965141
280,117,1.5,1446876510
154,59,4.0,1647673238
39,51,3.5,1430096987
32,146,2.5,1049329580
483,97,3.5,1163283763
158,158,3.0,1650000070
129,102,2.5,1333241773
450,161,4.0,1583386149
338,154,3.0,1254004107
219,152,3.5,1267315778
269,177,1.5,1620560568
57,96,3.5,1363580792
139,74,3.5,1153721106
262,29,2.5,1107111001
172,35,4.0,1562917905
493,187,1.0,1389563380
411,1,3.0,1303233779
441,156,4.0,1005007166
252,62,5.0,1197525510
472,23,2.0,1680517819
279,115,3.5,1240772211
130,8,4.0,1231088190
309,86,3.5,1253032106
281,7,2.0,1574956775
23,127,3.0,1631720375
457,21,0.5,1318286217
248,113,3.5,1534482794
410,6,2.0,1174181651
428,70,4.0,1022537065
284,169,2.5,1364114623
52,170,2.5,1408931494
402,196,3.5,1629366741
404,73,4.0,1071318386
56,111,4.5,1282732955
400,167,3.0,1079577401
313,41,3.5,1468703360
187,33,2.0,1424123843
209,194,5.0,1097497317
52,161,2.5,1070100538
137,163,4.5,1122221220
153,129,4.5,1447461276
450,163,4.0,1318390609
377,135,3.0,1568004853
423,25,3.0,1045014664
444,14,3.5,1515313867
323,124,1.0,1317545352
82,80,3.5,1380503232
476,172,5.0,1479637318
320,172,3.0,1224939366
254,168,3.5,1464344617
478,169,2.5,1253537533
389,15,3.5,1224643289
24,133,2.5,1030675516
214,133,4.5,1611407418
65,142,5.0,1327406541
464,137,5.0,1035340495
456,168,2.0,1067004838
213,123,4.5,1462652585
259,152,4.5,1389451914
277,155,3.0,1163759269
407,182,5.0,1139186744
131,29,4.0,1139822714
46,139,5.0,1111762827
18,33,2.0,1208290217
472,40,2.5,1442241992
404,82,3.5,1447632121
446,27,5.0,1083984952
342,20,4.0,1229163238
270,113,2.5,1001178867
87,185,5.0,1122922616
422,189,3.0,1270995399
242,21,2.5,1049264693
412,47,2.5,1171218719
194,73,2.0,1226419477
117,129,1.0,1212137351
403,83,3.5,1484948356
350,119,1.5,1078439436
343,23,4.0,1375881339
213,167,4.5,1396707404
419,137,4.0,1508753943
156,57,3.5,1697244706
461,24,1.5,1411252685
192,163,4.5,1473808707
106,126,5.0,1528488345
47,76,5.0,1044859977
452,24,2.0,1493278693
154,200,3.5,1207094181
402,29,3.0,1558933281
490,46,3.0,1305743137
245,23,3.5,1308868114
160,135,5.0,1388124418
226,13,3.5,1296197891
396,70,3.0,1601119097
76,127,4.0,1556435074
197,166,2.0,1222949503
236,101,2.5,1523080112
108,172,4.5,1220470061
323,191,3.5,1522254273
412,145,5.0,1056474893
380,132,4.0,1515121666
160,156,2.0,1144084225
353,71,1.5,1099030357
147,112,4.5,1539955701
75,155,2.5,1394109916
400,193,2.0,1464712096
462,129,3.0,1431019060
434,96,4.5,1390027691
488,178,3.0,1235661989
287,26,2.5,1648259732
205,129,5.0,1181454814
179,63,5.0,1090675874
58,111,5.0,1090022338
439,156,5.0,1592929301
172,106,5.0,1685677075
138,85,2.5,1120875875
160,117,4.5,1020697810
456,60,5.0,1275461485
193,166,5.0,1533754719
45,119,3.5,1658884103
260,98,3.0,1482534194
474,62,2.5,1621512345
376,105,4.5,1686986802
345,114,2.5,1064899317
29,159,3.5,1561194432
111,116,2.5,1302950553
358,131,3.5,1485400821
159,182,4.0,1620826786
157,3,4.0,1601420241
319,164,4.5,1620974591
99,159,2.0,1669787282
344,103,3.5,1244987823
337,102,3.0,1027620175
262,105,2.5,1345222299
493,171,2.5,1084536588
173,81,2.5,1456514970
427,14,4.0,1515792115
52,9,4.0,1433068838
433,144,4.5,1357501496
456,161,4.0,1254392599
434,110,3.5,1461957596
109,190,3.5,1472114294
461,132,4.5,1531115570
361,143,1.0,1374002137
391,94,3.5,1304724179
320,165,4.0,1266452683
21,29,5.0,1277595301
70,99,2.0,1620638687
257,164,2.0,1039122302
104,55,1.0,1509076758
134,90,2.0,1575871747
357,56,3.5,1181826123
75,131,2.5,1310128848
260,141,2.5,1005062612
418,164,3.5,1427735644
222,81,4.0,1607921285
307,104,3.5,1552935150
27,199,3.5,1105314715
108,62,4.0,1553712263
79,127,1.5,1263639774
61,88,3.5,1145513619
157,188,3.5,1655313807
180,42,3.5,1499903739
204,80,3.0,1585491699
308,101,3.5,1681095997
19,117,4.0,1274990028
287,144,5.0,1469983681
15,188,1.5,1172339319
47,104,4.0,1008875316
357,12,5.0,1683750009
196,102,2.0,1332286235
347,28,3.5,1318749949
441,66,4.0,1476040721
20,13,5.0,1179862790
334,14,5.0,1065627176
214,62,2.0,1208160166
315,98,3.0,1607767496
165,60,3.5,1248202748
249,126,4.0,1546209131
1,87,3.5,1456313737
100,143,2.5,1068745758
480,159,2.5,1359991081
433,116,1.5,1160774604
401,85,1.0,1223762037
423,142,1.5,1225708391
12,112,5.0,1263748517
196,193,4.5,1084874282
260,172,4.0,1021427427
274,179,3.0,1559177601
73,29,3.5,1170621596
430,86,3.0,1113483243
462,6,1.5,1659179725
331,166,4.5,1572600221
258,159,4.5,1339732568
97,40,2.0,1591152226
249,62,2.0,1211727396
48,35,4.0,1613636469
170,46,4.0,1494329222
335,95,4.5,1206536113
415,3,5.0,1228738533
145,179,2.0,1311637905
278,13,3.5,1167475591
398,149,2.5,1667280070
167,81,2.5,1080774113
311,191,3.0,1244710319
11,173,5.0,1035281481
310,192,5.0,1436283705
420,4,3.5,1515282959
372,97,1.0,1423695768
279,144,4.0,1325673735
445,141,4.0,1228956115
369,84,2.5,1115335523
471,125,4.5,1329837238
99,142,2.5,1023511603
229,28,4.5,1510179838
57,48,4.0,1104155482
313,125,1.5,1494564249
230,200,3.0,1483376745
138,149,3.5,1313823256
225,127,4.0,1445131080
445,100,4.5,1289396600
201,150,5.0,1422798873
113,147,3.0,1507744857
63,63,4.0,1284661422
453,73,5.0,1104149333
383,173,2.5,1630020491
114,149,3.0,1563896861
309,111,1.5,1257092109
438,52,2.5,1023453173
221,95,3.5,1578286998
47,66,1.0,1583795841
494,83,4.0,1570992338
305,107,3.0,1272824300
393,47,3.5,1195093779
312,5,2.0,1646074004
14,114,3.5,1178225150
371,77,5.0,1569868358
429,102,3.0,1164627654
41,34,1.0,1126751538
27,48,5.0,1406177232
393,50,4.0,1111055732
179,120,3.5,1425208654
384,1,4.0,1391399187
462,20,3.5,1270243526
296,97,5.0,1303572716
237,121,4.5,1560379046
162,32,3.0,1362467876
133,22,5.0,1296843854
154,27,5.0,1058010875
123,13,4.5,1100504420
90,154,4.0,1375728857
271,198,2.5,1645993543
136,176,4.5,1430728076
115,45,4.0,1364939202
68,93,3.5,1296607366
296,189,4.5,1646936258
128,143,3.5,1269438922
55,6,4.0,1614100537
406,76,4.5,1203217691
394,18,2.0,1248461289
6,150,2.5,1270575390
233,161,2.5,1060124040
126,196,5.0,1481535578
116,82,4.5,1062130183
337,84,4.5,1108988523
224,32,5.0,1511882984
459,56,2.0,1455485269
260,44,1.0,1453459575
450,24,3.5,1550301661
350,121,4.5,1650423088
226,168,3.5,1032606730
4,175,2.0,1115713396
8,181,2.5,1584765825
331,86,2.0,1592803740
278,150,3.0,1557248694
373,63,2.0,1136387892
51,31,3.5,1287771545
444,116,3.0,1212808882
456,24,4.5,1011591373
418,66,2.5,1273699830
80,114,4.0,1691441157
173,149,3.5,1627156835
69,60,4.0,1243471371
213,12,4.0,1676669637
445,171,4.5,1231280254
241,137,4.5,1575879332
424,138,4.0,1261222112
16,115,4.0,1357271923
49,133,2.5,1125236653
461,127,4.5,1322357534
486,98,2.5,1218194657
224,140,3.0,1622724490
217,54,2.5,1491884995
391,146,2.5,1617547769
169,139,3.0,1331147001
92,188,3.0,1140064015
131,109,2.5,1401798429
275,172,3.5,1385573926
77,128,3.5,1642479659
102,84,3.0,1622703556
63,1,5.0,1513783271
152,176,4.0,1627736947
11,111,3.5,1245343210
383,13,2.5,1192716185
378,41,3.5,1000578815
258,191,4.0,1152226267
193,89,3.5,1468408530
209,51,5.0,1424000091
409,9,1.5,1399119890
187,106,3.0,1230950282
19,102,4.5,1501808786
469,56,2.5,1623063620
21,196,1.5,1262835329
130,81,3.0,1579887730
169,116,5.0,1024984665
476,99,2.5,1610013395
422,101,3.0,1491473809
240,11,4.0,1009668206
69,45,3.0,1263514063
110,30,3.0,1035609947
361,94,2.5,1227101259
421,47,3.0,1051060728
19,90,2.0,1519433303
456,21,3.0,1518579185
255,183,5.0,1244104133
482,25,5.0,1540398480
464,97,5.0,1021780334
370,3,3.5,1461323503
472,54,5.0,1606515254
58,103,5.0,1637376091
53,130,3.5,1571878140
477,88,2.5,1516542108
342,152,5.0,1108073840
46,146,2.0,1216901383
48,172,2.5,1407723527
79,73,1.0,1041044804
343,120,4.5,1496416353
185,46,0.5,1408535764
144,101,4.5,1498038787
230,184,5.0,1181265796
375,147,5.0,1323828734
43,84,2.0,1033751465
374,24,1.5,1082451385
162,74,2.5,1031973133
39,31,4.5,1326525231
47,162,5.0,1655334215
17,196,4.5,1485521096
196,196,4.0,1561340519
286,54,5.0,1604642634
403,184,3.0,1080077163
415,39,2.5,1230890861
220,92,2.0,1375879486
290,125,4.0,1204296758
343,156,3.5,1530696991
226,96,4.5,1233969387
288,190,3.0,1354896547
414,148,4.5,1628888794
296,134,3.0,1027674473
111,193,3.5,1528237258
328,64,3.5,1197302059
220,162,1.5,1519189745
479,5,3.5,1251413682
452,108,4.0,1697516123
115,89,2.5,1127649267
293,85,5.0,1489207289
249,164,3.5,1595653231
326,113,2.5,1405426059
455,177,2.5,1536197506
160,7,5.0,1548666688
259,149,2.5,1099424356
124,126,4.0,1523576615
389,46,4.5,1680827888
303,148,4.0,1356197221
53,18,3.0,1187460302
209,62,4.5,1232783814
195,135,3.5,1200224029
210,86,1.5,1040217815
302,87,5.0,1273413575
331,8,3.0,1093089834
288,182,3.5,1071796916
217,115,4.0,1413207038
218,8,3.0,1406071757
202,168,4.5,1132118362
68,138,2.0,1137980189
28,83,3.0,1528287016
135,174,5.0,1109897259
414,72,3.5,1310729764
479,170,2.0,1043116404
90,82,3.5,1497379064
113,148,4.0,1455604101
21,158,1.5,1027576841
21,188,5.0,1057392153
477,114,5.0,1637906134
470,149,3.5,1119739024
282,174,3.5,1580049215
53,195,3.5,1072014234
22,38,4.5,1414907715
406,55,4.0,1165502481
255,193,4.0,1118892882
365,53,5.0,1554568045
368,13,5.0,1675166641
13,154,2.5,1041458963
232,42,4.5,1143642232
450,78,5.0,1390555709
205,35,4.0,1044764490
315,76,4.0,1273436858
315,186,3.0,1086858619
198,190,2.0,1174097912
253,99,5.0,1363103058
234,134,2.0,1553974367
270,187,5.0,1426521920
26,126,3.5,1313963712
171,176,5.0,1643207481
397,83,3.5,1195034093
375,80,4.5,1347205159
463,156,4.0,1148123050
243,104,2.5,1686344413
425,81,3.5,1268442726
132,178,3.5,1268859041
80,48,4.5,1447997703
471,24,3.5,1470578394
71,176,4.0,1077515517
401,68,2.5,1320101078
54,9,2.0,1598826152
331,85,3.5,1550164047
225,123,3.5,1370332637
96,7,2.0,1188410954
75,136,4.0,1067065300
70,34,4.0,1244331105
218,55,3.5,1250403412
194,31,3.5,1698119985
459,40,2.0,1248546218
171,169,2.0,1104037241
439,100,4.0,1064961296
6,56,2.5,1460727956
224,129,2.5,1255366764
482,199,4.0,1313506634
474,16,5.0,1345754961
147,30,3.0,1222677029
22,116,5.0,1510380350
350,111,3.5,1496458367
234,195,4.0,1081196690
49,197,4.5,1613892522
368,67,4.5,1180407126
376,31,4.0,1465650882
220,185,3.0,1650217336
281,116,4.5,1672251632
3,178,4.0,1161323652
74,167,3.0,1115462684
432,107,5.0,1521367137
165,191,4.0,1682752875
188,33,2.5,1606109660
108,8,2.5,1072754604
331,164,5.0,1033770598
288,194,3.0,1676791583
402,58,4.5,1337640893
188,29,4.0,1663952785
142,154,4.5,1134392549
170,54,5.0,1350353999
44,200,4.5,1443892465
398,34,4.5,1501774679
292,57,3.5,1209076707
25,29,2.5,1346734979
90,104,5.0,1301539872
313,185,3.5,1193694554
403,123,3.5,1059443898
10,65,4.0,1104242186
133,111,3.5,1332484738
362,101,5.0,1159573626
436,139,4.0,1184996205
339,167,2.0,1049648039
118,111,2.5,1481034115
6,4,3.5,1104827041
135,153,4.5,1050491486
44,186,1.5,1541967521
39,176,4.0,1494228290
200,6,4.5,1560776987
263,47,4.5,1185974120
91,161,3.5,1210203763
173,36,5.0,1686667996
313,76,2.5,1180875726
305,74,4.5,1193118115
79,117,3.5,1229688226
42,25,3.5,1666170024
94,100,3.5,1218426682
308,10,4.5,1631653705
41,137,2.0,1215144733
42,108,4.5,1097176371
275,107,4.5,1449319830
469,69,3.0,1396874002
41,23,3.5,1586901540
152,17,2.5,1424708538
126,198,2.0,1053412714
89,109,3.5,1558640163
44,25,3.5,1036573251
295,2,3.0,1331900313
116,3,2.0,1396833127
264,145,4.0,1332237944
499,110,3.0,1134991514
198,138,2.5,1431618764
244,7,5.0,1068054973
496,40,2.5,1343203371
395,171,4.0,1429013280
355,111,1.5,1257005421
279,166,2.0,1557013081
308,150,4.0,1552310995
407,24,3.0,1456221767
361,168,2.0,1381471567
378,119,4.5,1064718788
100,194,4.0,1623803267
474,14,1.0,1574948916
448,123,4.5,1084203249
119,80,2.0,1562718150
186,18,1.5,1006202148
67,182,2.5,1671998563
250,157,3.5,1066306519
291,178,3.5,1425371569
47,193,1.5,1452014448
29,166,2.0,1314573209
375,96,2.5,1575448665
43,129,2.5,1386502519
283,187,4.5,1473587872
428,67,3.0,1035953858
116,114,4.5,1405388708
157,23,5.0,1517851813
479,100,4.0,1120467226
435,13,0.5,1182243340
12,1,3.0,1471944598
478,106,3.5,1344616290
418,175,3.5,1676408565
15,3,1.0,1000235607
397,117,2.5,1311972278
133,55,2.0,1496357173
112,148,2.5,1088628479
448,24,3.0,1423687443
164,64,2.5,1363445905
74,23,2.5,1140391430
310,172,3.5,1058908917
353,80,3.0,1440884427
420,13,3.5,1210482927
155,180,3.0,1546562527
192,9,1.5,1675347329
313,194,2.5,1155791529
22,25,3.0,1155232318
213,141,3.0,1167271540
294,167,2.0,1159507948
220,41,4.5,1370635168
48,29,4.0,1597171067
310,145,3.0,1674930282
364,64,3.5,1583856379
301,91,2.0,1691526841
58,160,4.5,1086786785
314,143,5.0,1385848732
176,151,2.5,1135183892
170,192,5.0,1332613785
18,12,2.5,1056727775
332,135,3.0,1292963745
161,29,5.0,1560628395
67,72,3.5,1267708575
269,31,4.5,1446108722
60,171,3.0,1473032875
396,132,1.5,1561331156
278,35,5.0,1325155147
354,66,3.0,1154474067
342,82,3.5,1048119076
455,20,2.5,1528152641
348,35,4.5,1642026839
488,108,4.5,1127571933
386,63,1.5,1504165436
313,191,3.5,1331455152
35,187,4.5,1553215841
426,124,5.0,1430527623
320,85,4.5,1036795369
57,68,4.5,1026564866
246,130,3.0,1520037631
204,51,2.0,1433625418
86,71,3.0,1643633050
402,131,2.0,1174278175
13,103,2.5,1581301501
309,164,2.5,1050010378
387,77,2.5,1084318082
454,53,4.0,1693216025
347,92,2.5,1162964486
2,41,5.0,1638026587
364,5,4.5,1454432771
369,6,5.0,1224110109
109,147,2.5,1551231949
331,141,3.5,1104576547
363,81,2.0,1350469470
345,181,4.0,1041551058
184,180,1.5,1188621936
416,4,5.0,1083187003
264,175,2.5,1253309490
295,132,4.0,1627612619
278,108,4.0,1422442416
327,120,3.0,1658922510
139,69,2.5,1472828104
170,109,3.5,1280026458
231,13,4.5,1413147259
93,23,3.5,1425942867
445,41,4.0,1291713179
413,146,4.5,1471306705
405,46,3.5,1019903651
303,199,3.5,1677933827
379,118,3.5,1042012506
398,98,5.0,1007818052
490,115,3.0,1623219691
366,109,5.0,1076173705
410,187,4.0,1045828145
405,142,2.5,1652569300
67,166,3.5,1131688201
394,188,2.0,1274222681
445,147,2.0,1254288037
131,8,4.0,1613747778
54,132,4.5,1611292179
333,10,3.5,1663075438
315,184,3.5,1460251204
253,35,3.0,1483117509
437,37,3.5,1279699480
153,113,5.0,1289435659
218,122,4.5,1217186880
326,85,3.5,1213269173
107,108,3.5,1494070594
264,131,3.0,1052599940
114,42,2.0,1288753283
92,101,3.0,1105907474
263,138,4.5,1317741904
457,55,2.5,1439269174
236,188,3.0,1054327100
308,77,2.0,1207656647
448,68,4.5,1287847012
39,101,2.0,1177204675
29,87,4.0,1358680791
161,169,4.5,1665129618
116,182,3.0,1537562903
116,59,2.5,1358415852
476,60,4.0,1345534612
486,157,5.0,1475814224
239,9,5.0,1186682823
96,13,3.5,1050992606
113,87,2.5,1210409978
500,184,3.0,1121842962
350,46,1.5,1593765556
154,121,3.0,1350256109
352,103,4.0,1067238321
277,96,3.0,1463826724
495,96,3.0,1004347675
414,146,3.5,1547143126
273,80,3.0,1554215627
130,49,4.5,1418250319
466,78,2.0,1387338703
442,38,4.0,1363512781
334,136,3.5,1237908294
117,102,4.0,1681300116
41,31,2.0,1637048685
395,124,4.5,1354820096
146,81,4.0,1140173005
289,47,5.0,1051677651
285,134,2.5,1455342545
364,46,3.0,1184121794
424,155,1.5,1307685978
483,166,2.5,1138909765
220,14,5.0,1359962243
261,45,4.0,1125180160
113,42,2.5,1384059284
327,144,3.5,1064726012
205,157,3.5,1580819836
473,62,1.0,1633360179
120,173,1.5,1304449634
453,119,5.0,1077910013
151,74,4.5,1177891837
238,120,1.5,1382494548
99,32,3.5,1362286671
46,128,2.5,1151580471
307,26,5.0,1203513338
29,5,4.0,1666285000
167,26,2.0,1672826305
92,22,3.5,1347953090
442,88,3.5,1088412438
324,187,3.5,1094333701
219,93,3.0,1567649108
148,87,3.5,1069750269
223,130,2.5,1026929593
314,28,2.0,1369562884
371,81,2.0,1052215628
152,181,2.0,1547811063
285,56,4.0,1640922878
167,6,4.0,1264138188
89,177,5.0,1100206856
321,11,3.0,1170461628
226,77,4.5,1692717790
444,38,3.5,1310114495
216,136,4.0,1339712557
461,144,4.5,1155906854
278,19,4.0,1345659432
297,93,3.5,1255896906
130,32,3.0,1081154029
413,189,4.0,1191763630
154,48,5.0,1402375088
132,41,3.5,1621829568
387,18,3.0,1577651490
471,19,4.5,1588879862
258,9,2.0,1556774306
491,112,3.0,1339958082
112,79,2.5,1184298352
383,53,3.5,1279591251
125,80,5.0,1519664183
146,118,4.5,1401531622
12,107,1.5,1194541827
213,126,3.0,1123812571
179,123,1.5,1496073383
216,119,5.0,1279012010
72,14,3.0,1461638642
357,192,3.5,1092538681
413,117,3.5,1691765053
94,95,3.5,1387954054
75,34,0.5,1038110485
51,4,4.0,1309225219
366,144,3.0,1030696319
33,113,4.5,1628384224
177,94,3.5,1685903813
200,135,4.5,1526464450
263,42,2.5,1414925090
159,90,2.0,1314616454
231,119,4.5,1041873122
201,120,4.0,1589834166
179,160,4.0,1292615544
321,112,4.0,1601845678
247,48,4.0,1082796733
39,105,2.0,1551802050
26,179,5.0,1193386047
378,58,3.5,1129915562
366,105,3.5,1146833666
13,139,3.0,1640140090
308,17,0.5,1318830269
400,162,4.0,1404929498
56,78,2.5,1282614591
468,44,3.5,1592096200
382,26,2.5,1385851132
400,110,3.0,1604699216
249,61,3.0,1050452539
482,107,2.5,1377538664
323,103,3.0,1525493673
215,56,3.0,1037694316
364,140,2.5,1188157188
400,10,5.0,1124621443
417,76,2.5,1277679629
461,157,4.0,1179148252
195,194,4.5,1348391690
266,26,4.5,1541722133
287,120,3.0,1169445044
15,172,3.5,1444342094
288,155,3.5,1238318092
303,28,4.0,1190999391
260,112,3.0,1262460697
21,157,4.0,1387655139
314,55,3.0,1600467372
319,88,5.0,1557699869
98,157,3.5,1531521352
137,177,3.5,1358825047
403,27,4.0,1101691813
17,27,5.0,1627977873
435,24,3.0,1542532488
115,109,4.5,1534221525
6,152,2.5,1354978085
108,31,3.5,1321885323
494,156,2.5,1569166627
445,108,3.0,1369438218
406,81,2.5,1686047615
433,67,4.5,1623815419
96,174,3.0,1229204934
305,105,4.0,1459143361
349,40,3.0,1274887497
455,129,3.5,1670269122
302,10,5.0,1585168464
146,73,2.5,1394895978
232,194,2.5,1413320187
112,173,3.0,1159868833
322,69,3.5,1267980748
376,1,4.0,1276049616
409,2,3.5,1159998590
174,121,4.0,1482315809
426,136,2.0,1256764944
326,101,4.0,1594539954
265,14,4.0,1175591160
485,43,4.5,1084954216
173,191,3.0,1157790040
195,185,3.5,1201059947
251,31,4.5,1360287965
232,78,2.0,1396366051
77,12,1.5,1055136957
20,2,2.0,1682797788
39,38,2.5,1021169987
332,126,5.0,1503453993
145,129,5.0,1443372968
431,42,2.5,1133972988
492,56,3.5,1376363768
477,196,3.0,1293424528
10,178,4.0,1312474123
366,29,4.0,1650124867
46,136,2.5,1548025603
333,47,3.0,1545355901
460,197,3.5,1295016673
179,109,5.0,1112503505
363,56,2.5,1288276812
328,133,1.5,1383265677
134,87,5.0,1002516232
141,147,4.0,1297714539
190,19,2.0,1669330268
84,2,4.0,1120084176
439,124,4.5,1096555591
473,47,3.5,1632696592
325,107,5.0,1679620564
382,11,4.0,1011614227
476,102,4.0,1550401338
37,24,3.5,1224483284
170,5,3.5,1186969420
149,31,4.5,1254743214
312,191,3.5,1236869068
486,86,4.5,1602928807
393,58,4.0,1277336454
163,155,3.5,1406772786
82,123,3.0,1159008075
280,169,3.0,1189439994
221,73,4.0,1561553677
417,106,4.5,1349565289
15,11,4.0,1540266640
245,84,2.5,1462070348
355,49,1.5,1149316736
186,80,4.5,1043196790
175,27,5.0,1266796536
221,186,3.0,1431834734
164,21,3.0,1214706713
145,58,4.5,1600278643
46,183,2.5,1520601100
193,109,5.0,1481913889
109,13,4.0,1220606183
52,156,3.5,1449352264
34,6,2.5,1382119122
270,20,4.5,1176260822
354,12,3.0,1654649896
75,90,4.5,1230280091
247,166,4.0,1198750396
343,29,5.0,1461309645
423,148,3.5,1085765633
37,138,5.0,1236529130
464,159,4.0,1065949424
301,25,3.5,1527634177
226,194,3.0,1096777883
25,152,4.5,1023698907
462,65,3.0,1157045707
369,165,2.5,1120025181
335,148,3.0,1149244217
51,107,3.5,1565823406
481,79,5.0,1070541671
416,186,4.0,1082241297
264,180,2.5,1596537741
116,83,5.0,1090984984
141,105,3.5,1314114095
213,83,5.0,1179971503
7,67,5.0,1586402492
409,133,1.5,1106899508
412,140,0.5,1221944712
184,74,5.0,1069188634
297,25,2.5,1649178170
475,55,1.5,1426149049
126,145,3.0,1651867072
497,164,2.5,1580298726
304,45,2.5,1092562488
387,15,4.5,1180474305
405,97,3.0,1154836845
115,135,1.5,1011007081
265,198,3.5,1051327408
476,15,2.5,1037906087
59,109,3.0,1639546190
112,9,3.5,1639645429
157,45,4.5,1599997381
25,27,3.0,1552422739
124,95,4.5,1614332117
422,167,1.5,1205780366
26,71,4.5,1508739375
404,178,5.0,1417815393
167,87,3.0,1356772021
289,12,2.5,1432727341
56,173,2.0,1160530614
5,81,3.5,1403156923
269,195,5.0,1070616573
486,84,3.0,1669299806
298,125,5.0,1230813085
112,71,2.0,1458817691
158,169,3.0,1490821299
425,179,3.5,1681404512
90,18,4.0,1584315816
4,124,3.0,1324658544
50,172,5.0,1668373780
158,58,5.0,1188299501
62,143,3.5,1499130153
39,21,3.0,1145659916
11,131,3.0,1079844652
258,79,4.5,1523401106
440,190,2.5,1175182586
329,91,1.5,1042464646
264,173,2.0,1503183536
22,31,4.5,1116341607
377,34,2.0,1395111331
89,3,3.0,1535621203
90,99,3.5,1215766935
166,49,1.5,1272121435
199,106,3.5,1624251760
337,200,3.0,1536195379
216,97,1.0,1085064670
36,89,3.5,1076475936
339,91,4.0,1411166935
191,186,3.5,1042754761
13,169,4.0,1083413029
89,74,4.0,1574217476
475,148,4.5,1341394805
413,138,2.5,1040736798
75,165,2.0,1183089544
43,140,2.0,1128770472
197,50,2.5,1143049732
260,27,5.0,1320507387
185,62,2.5,1139176715
410,71,3.0,1056590535
260,43,3.0,1586137825
268,191,3.0,1091345366
414,152,5.0,1617957393
288,84,1.5,1228517618
389,75,5.0,1218047092
185,87,3.5,1574597129
343,36,4.5,1271973414
343,50,3.5,1279052328
457,96,4.5,1650639979
472,26,2.5,1693225668
494,70,2.0,1394846506
134,68,5.0,1195211472
208,105,5.0,1485090068
149,84,2.0,1048560642
157,186,4.5,1640925031
59,75,5.0,1236441399
118,168,4.5,1077390206
167,127,3.5,1583861674
258,131,5.0,1069599104
65,9,4.5,1048944381
390,191,2.5,1462998051
49,16,3.0,1631197189
232,151,2.0,1653369673
69,19,3.5,1292563431
115,63,3.5,1582875607
348,77,4.5,1174038547
303,64,4.5,1564868094
59,76,4.0,1614407970
20,137,4.0,1443487393
257,91,5.0,1395103981
269,190,3.0,1124957105
109,135,0.5,1040498734
480,21,5.0,1090900259
55,102,2.5,1695537679
373,181,4.5,1569293782
466,83,3.0,1610443883
479,89,5.0,1069468848
220,198,2.5,1520235072
442,35,2.5,1253243966
430,56,3.0,1359908147
231,127,4.0,1423434312
39,163,4.0,1218024189
130,133,4.0,1618604738
272,119,3.5,1264612090
348,147,4.5,1571047196
280,24,4.5,1517674526
354,140,5.0,1224357858
443,129,4.0,1458458042
402,192,4.0,1584816949
263,122,5.0,1522145637
29,39,5.0,1218452620
382,199,4.0,1590131474
99,169,2.0,1519578873
183,67,1.5,1267197158
21,110,4.0,1483753996
214,100,4.5,1476218041
187,150,2.5,1025823250
455,134,4.0,1612337689
227,156,2.5,1283438085
128,194,4.0,1212814988
256,86,4.0,1170555117
129,161,4.0,1131695642
226,100,4.0,1661822985
317,11,3.0,1286419246
58,158,3.0,1154373137
358,20,5.0,1345558585
293,133,4.0,1026110593
385,34,4.0,1015934864
313,78,3.5,1486756159
345,15,4.5,1134421846
141,95,4.5,1056881229
245,77,2.5,1553864688
183,33,4.0,1522084523
478,22,3.0,1504658469
249,172,4.0,1199372473
315,29,4.5,1577628520
47,132,2.0,1422299883
44,190,2.0,1439468464
251,15,2.5,1308761615
316,17,2.5,1124457809
364,86,3.5,1033805897
54,130,5.0,1558331090
62,114,5.0,1285605661
14,16,3.0,1339773251
352,140,4.5,1144237894
440,139,3.5,1537923407
416,157,4.0,1492776050
393,18,2.5,1023697654
307,189,2.0,1205292068
99,153,4.5,1591320004
88,194,3.5,1506318326
208,46,4.0,1334818870
372,162,5.0,1169083046
283,44,3.0,1405679792
157,78,3.0,1213584994
93,44,5.0,1011052655
332,10,3.5,1540668256
129,64,2.5,1363661885
55,18,4.5,1560976934
497,135,3.0,1060591433
357,113,2.5,1491100482
107,14,3.5,1624049085
403,137,4.5,1389641713
252,40,2.0,1027787806
302,196,2.0,1040838459
310,89,3.5,1204764710
73,153,2.0,1636005888
223,184,2.0,1398303799
379,55,3.5,1582822585
359,6,5.0,1315911770
412,75,4.5,1473417620
220,30,3.5,1294543285
32,55,5.0,1597874886
486,48,5.0,1325579434
297,112,4.0,1047285984
233,184,3.0,1317794485
241,20,5.0,1348901225
470,25,5.0,1367736962
388,190,4.0,1575523469
281,124,5.0,1626268326
2,188,2.5,1350654848
234,94,1.0,1586370679
445,56,2.5,1224278058
301,42,3.5,1432217179
464,55,3.5,1663077605
387,12,4.5,1137881327
393,115,1.5,1361041360
231,200,1.5,1048274694
293,194,4.5,1319126522
222,157,2.0,1430155095
292,64,3.0,1336282457
334,63,3.5,1259256558
280,125,2.5,1036456756
219,68,4.0,1465221465
81,52,1.0,1305036608
380,166,5.0,1128765362
438,66,3.0,1395366691
247,17,3.5,1103636130
166,46,5.0,1099214058
240,97,2.0,1422664983
375,190,2.0,1467255536
90,98,5.0,1621368220
307,136,1.5,1026657920
275,96,4.0,1652606586
270,178,3.0,1645532174
50,41,1.5,1411465545
78,151,4.0,1287624420
340,34,4.0,1066576559
416,26,3.5,1569416483
70,8,5.0,1616285236
177,103,2.5,1667562882
263,86,4.5,1044233362
112,84,4.0,1257996328
390,126,4.5,1563763492
64,197,3.0,1291680698
360,115,2.0,1648189063
169,115,2.5,1273906263
202,10,3.5,1306180861
72,147,4.5,1241911484
492,173,3.5,1364348194
93,140,4.0,1419786822
411,86,5.0,1426342120
30,122,3.5,1388920251
483,42,3.0,1646626059
49,171,4.0,1004180987
92,14,1.5,1053975917
73,115,1.5,1505618767
151,109,3.5,1230744059
377,37,2.5,1574485804
106,8,3.0,1292728616
375,38,4.5,1268669164
207,165,4.0,1014595900
83,179,3.5,1368756703
311,108,3.5,1296652363
441,74,3.0,1174273017
337,95,4.5,1479671252
335,49,4.5,1337718594
125,7,4.5,1628903937
448,152,4.5,1180677816
284,149,3.5,1150241295
420,47,2.5,1153653526
12,181,3.5,1064017758
414,48,3.5,1057252209
96,70,2.5,1341231144
273,182,5.0,1298221469
444,101,5.0,1021115842
412,197,3.5,1174711161
296,143,4.5,1350622774
302,130,4.0,1076314831
402,151,3.0,1359519597
345,112,4.0,1519693041
46,61,2.5,1035161371
69,78,2.5,1005252730
355,139,4.0,1539038132
221,80,4.0,1635146918
351,152,5.0,1145207820
161,44,3.5,1333944902
371,174,3.0,1180977717
8,40,4.5,1234444151
407,149,3.5,1649825850
405,31,2.5,1444134659
356,31,3.0,1690940379
186,83,3.5,1164396091
26,1,5.0,1414870574
239,97,4.0,1150099788
430,69,2.5,1157177321
69,118,5.0,1441417476
247,181,2.5,1103341091
457,32,2.5,1502066706
255,37,5.0,1679795967
231,18,5.0,1457883933
434,15,4.0,1641461614
194,154,2.0,1621356584
260,15,3.5,1582116271
231,53,2.0,1507600667
173,61,5.0,1524394270
368,78,4.0,1469485496
388,41,4.5,1401754282
279,81,3.0,1396315892
43,192,5.0,1445566344
273,162,3.0,1030274059
160,16,2.5,1523898507
11,143,4.0,1379132360
115,141,4.5,1665454004
261,131,5.0,1498572633
209,53,5.0,1453248184
130,82,5.0,1064687827
398,171,2.5,1396130575
292,12,2.5,1666924130
291,188,2.5,1034145923
254,39,3.5,1117914226
104,137,1.0,1661464536
500,196,5.0,1068738619
103,27,2.5,1047470987
451,39,2.0,1407100251
390,170,3.0,1258597793
169,178,2.0,1172372354
431,44,4.5,1014752277
38,105,2.5,1138497364
104,104,4.0,1482926106
105,143,4.5,1088477909
460,92,3.0,1073881996
134,142,2.5,1418374223
443,52,2.5,1393314669
53,146,2.0,1613685015
220,146,3.0,1463538349
44,84,3.5,1429572368
460,96,2.0,1128661252
491,108,2.5,1414354981
482,91,3.5,1258182714
476,49,3.5,1258265577
245,199,0.5,1609744488
115,175,4.5,1230091846
60,23,5.0,1042017379
60,89,3.0,1410448218
293,120,1.5,1457247599
495,165,2.5,1174519023
167,51,2.5,1166016215
303,179,5.0,1343099452
330,31,2.0,1642025388
314,101,3.0,1151884139
387,182,5.0,1390462364
84,163,3.5,1253387775
113,185,3.5,1115050529
376,25,3.5,1042316180
18,198,4.5,1433485356
406,3,4.0,1695266176
36,29,5.0,1035053241
465,163,5.0,1544737307
212,173,4.0,1181211241
204,194,3.5,1328396573
295,137,3.5,1637484827
67,34,3.0,1655145116
28,178,3.5,1388654878
389,103,2.0,1444247146
108,185,2.5,1480829635
94,89,4.5,1523065170
215,166,4.0,1151654601
405,8,3.5,1345950316
164,200,4.0,1274018846
460,71,5.0,1297686753
57,135,3.0,1689537064
115,90,2.0,1655159014
271,96,4.5,1153750315
314,72,4.0,1499059102
266,15,4.5,1503416821
6,138,2.0,1416065907
231,56,1.5,1327190154
140,37,4.0,1655846179
77,35,3.5,1516079979
486,79,3.0,1351092511
161,170,5.0,1571148758
4,187,3.5,1168528877
5,70,5.0,1273959334
241,94,4.5,1084853314
126,164,2.0,1652828507
421,197,2.5,1290516760
113,25,2.0,1315178523
190,11,4.0,1661207442
54,158,3.5,1464730605
72,135,5.0,1540547563
188,7,4.0,1376703900
139,31,2.0,1062460849
238,15,3.0,1110196023
498,68,1.0,1306237329
480,106,4.0,1048236020
397,77,5.0,1436154725
189,42,3.5,1453809871
249,184,3.5,1489840891
368,97,3.5,1485430824
137,106,4.0,1426508669
233,68,3.5,1336701891
320,187,4.0,1038996562
492,116,2.5,1402013600
152,169,2.5,1469391432
90,114,2.0,1062976514
243,119,3.5,1121176834
380,88,2.0,1538604573
222,52,5.0,1124573121
26,81,3.0,1345832927
18,139,1.0,1224441800
409,117,2.0,1685386561
285,189,3.5,1295618259
49,158,4.5,1242312218
10,19,4.0,1491443555
338,130,2.5,1469728872
65,57,3.0,1184828525
134,168,2.5,1695566354
256,85,4.0,1286450457
223,54,3.5,1297677969
152,51,3.0,1152350363
132,42,2.5,1354322286
68,30,3.0,1051609490
316,94,3.5,1310825501
155,119,5.0,1352481896
431,167,3.5,1670137492
194,5,3.0,1535445039
479,97,3.0,1413752989
220,153,5.0,1659918832
366,121,4.5,1116161577
371,179,4.5,1389759140
427,30,4.5,1431495976
247,69,3.5,1222408365
330,146,5.0,1478997343
57,184,1.5,1103001181
364,151,5.0,1457848021
19,167,4.5,1204096699
262,170,4.0,1605129815
438,152,2.5,1276063689
88,167,4.5,1488637911
386,89,5.0,1144369408
25,14,2.5,1534855415
143,77,2.5,1579499061
468,112,2.5,1414681459
472,13,4.0,1043986575
216,81,3.5,1029400580
114,43,5.0,1067401630
101,34,1.5,1680057892
443,91,2.5,1593461656
424,108,3.5,1534524861
398,172,4.5,1601347224
152,89,4.0,1298635586
480,164,3.5,1348499237
188,79,4.0,1314224095
498,78,3.5,1419720111
292,69,5.0,1316989887
494,7,3.0,1184413313
213,116,3.0,1549107347
149,134,4.5,1376100106
291,106,5.0,1572841297
418,181,2.5,1145732058
229,178,4.0,1653663646
170,174,3.0,1451051810
393,163,4.0,1195835318
229,67,1.5,1438124844
59,74,3.0,1333847816
13,119,3.0,1551186312
353,54,3.0,1297105824
119,44,0.5,1077736192
272,194,5.0,1429852370
260,69,0.5,1233628162
160,198,4.0,1621159078
321,85,2.0,1231059339
141,18,2.0,1588180829
323,193,3.5,1503419791
318,141,4.5,1032385228
412,99,2.0,1102350876
191,189,2.0,1177077886
112,61,2.0,1283846760
108,117,4.0,1601800810
264,4,2.0,1682809011
264,104,5.0,1247330053
183,140,2.0,1673191575
95,133,4.0,1445344295
166,11,5.0,1306990368
210,87,3.5,1565641705
488,6,1.5,1297488048
324,38,4.0,1652128322
8,114,3.0,1535011284
346,54,3.5,1636538860
177,188,5.0,1177600723
214,42,3.5,1512229197
110,81,4.0,1571761267
52,176,2.5,1605358727
192,18,3.0,1445834386
61,23,5.0,1225903269
10,37,3.5,1226901219
358,192,4.0,1569372293
96,181,4.5,1303765171
194,77,5.0,1348728609
436,140,2.0,1032488286
172,53,3.0,1099287594
161,101,5.0,1296002338
212,150,5.0,1195642506
32,96,3.0,1052314535
332,132,4.0,1661071100
288,64,4.0,1034120095
343,128,4.0,1031992752
227,200,4.0,1007615994
440,34,5.0,1436422613
71,69,1.5,1050475584
146,180,2.5,1423561180
77,18,4.5,1163442867
339,39,3.0,1537254325
458,163,4.0,1104472031
198,103,5.0,1143716504
199,179,5.0,1438875052
142,114,4.0,1115289956
226,69,5.0,1203951903
202,28,3.5,1027187067
127,60,3.0,1389529466
141,150,1.5,1316393041
321,35,2.5,1235596527
119,46,3.5,1607725323
171,126,3.5,1322536377
377,14,4.0,1174288114
373,29,5.0,1349926163
79,89,4.5,1271275313
321,105,4.5,1180677767
432,180,5.0,1045704350
308,38,3.0,1339136663
271,183,3.0,1524108684
463,20,5.0,1666753019
265,77,4.0,1339564999
443,102,3.5,1061337129
257,179,3.5,1693854670
234,109,3.5,1240981838
44,178,3.5,1498265253
463,5,3.5,1691285357
171,162,3.0,1607392182
305,87,4.0,1434065801
363,200,4.5,1015589642
228,12,3.0,1241473410
10,168,4.5,1627997818
29,53,2.0,1501687830
366,168,4.0,1234683197
12,61,4.0,1393647301
278,63,3.5,1674785400
10,174,3.5,1107764136
161,174,3.0,1585656156
108,99,3.0,1494804222
463,155,3.5,1503149186
459,151,3.0,1673123795
293,199,5.0,1446237490
268,88,1.0,1020091062
190,130,3.5,1479919210
251,168,1.0,1407489010
235,153,2.0,1024407486
217,110,3.0,1157936816
446,174,5.0,1130381895
249,158,5.0,1025282629
319,51,3.5,1364460612
80,44,3.5,1307152647
331,175,4.5,1111894650
381,136,5.0,1636564370
18,180,3.0,1063738313
118,123,4.5,1164640950
347,4,2.5,1549924808
354,82,3.0,1665598983
357,179,4.0,1002267064
369,38,2.5,1512912083
405,35,3.0,1064245805
454,116,1.5,1119635093
165,162,4.0,1010265348
364,82,2.5,1126456289
376,10,2.5,1430949550
205,6,5.0,1698246570
132,20,2.5,1111697599
252,73,4.5,1556144286
228,14,5.0,1656681196
249,163,4.5,1130350674
200,164,3.0,1490110763
492,69,3.0,1049564638
20,70,2.5,1411622062
465,147,1.5,1475374731
275,33,4.5,1497606719
132,60,4.5,1460613910
242,39,4.0,1024031446
191,65,0.5,1050378364
357,85,3.5,1038705187
192,110,4.5,1604685962
147,124,5.0,1500956757
235,10,4.0,1041675182
149,58,3.5,1087286264
31,159,2.5,1136840759
319,167,4.0,1123474168
144,44,3.0,1123552477
329,112,2.5,1323098436
3,146,2.0,1515001124
330,110,2.5,1514777597
404,14,4.0,1425778569
456,65,2.0,1516003255
428,49,3.0,1638094037
386,54,5.0,1602802985
286,51,2.0,1561581149
434,121,4.0,1453586917
90,195,4.0,1132238774
4,196,3.0,1402407589
63,17,4.0,1391754807
382,34,3.5,1255823779
492,151,4.5,1525957965
20,99,2.0,1382850442
412,141,5.0,1213616006
131,104,5.0,1588850527
9,185,1.0,1239676403
154,173,5.0,1327457313
497,167,3.0,1108994622
407,38,5.0,1222887425
25,54,4.5,1023399101
114,156,2.0,1658427782
122,172,4.0,1504298078
304,160,2.5,1122562054
293,21,4.0,1126645973
283,155,3.5,1604904952
153,96,2.5,1358834273
19,7,2.0,1143762733
82,122,4.0,1082354022
309,29,4.0,1483292201
456,184,3.5,1540440891
278,95,2.5,1203584241
144,150,3.0,1193866855
176,10,2.0,1495738191
43,154,4.5,1369096315
353,75,1.0,1124769311
175,153,4.5,1313133989
136,191,3.5,1265806502
231,66,4.0,1599095976
46,180,4.0,1632977800
417,42,3.5,1018176695
447,110,3.0,1286920582
446,76,5.0,1420060107
488,194,1.5,1513149846
209,174,5.0,1502420403
390,121,2.0,1044895380
356,196,3.0,1112903243
222,112,5.0,1127308757
349,54,5.0,1206500246
354,173,3.5,1579128900
377,65,2.0,1678131985
25,133,4.5,1227611172
82,138,3.5,1612328507
184,54,2.0,1672715653
387,143,4.0,1093161286
466,16,2.0,1162650458
362,17,3.5,1442330654
359,59,2.5,1249325319
280,187,1.0,1383352781
120,109,1.5,1145641334
195,181,3.0,1081261958
124,74,4.0,1086193056
139,172,5.0,1045221816
253,6,5.0,1410641542
387,26,1.5,1269156344
233,191,3.0,1092648467
441,95,3.0,1601905478
133,170,3.5,1474506673
215,180,5.0,1290177677
69,129,3.5,1341857653
217,20,4.5,1675780750
317,192,5.0,1613491170
381,152,1.5,1138462844
461,179,3.0,1426880320
313,151,4.0,1211650991
216,120,4.0,1686100482
38,13,5.0,1485527536
200,167,3.0,1193417346
457,79,3.5,1505857098
189,19,2.5,1099483558
290,193,5.0,1487277567
330,107,3.5,1218583199
79,185,5.0,1407826191
444,178,5.0,1126605328
264,52,2.0,1435160095
402,66,5.0,1263604706
150,196,4.5,1111798133
462,99,3.5,1370424417
78,111,4.5,1668125956
71,157,3.0,1614596187
180,138,5.0,1535088065
227,171,3.5,1354370337
247,150,4.5,1629482868
349,158,2.5,1018105629
483,73,4.0,1271187937
189,145,4.5,1188367424
322,117,4.0,1641323228
471,37,4.0,1041258940
55,20,2.5,1370428050
345,76,4.0,1459182034
165,194,2.5,1471596008
25,22,3.5,1699589811
433,140,3.0,1493114877
159,171,3.5,1080090408
37,36,1.5,1336246108
462,155,3.5,1535353696
474,161,3.5,1032106576
302,199,1.5,1658143936
424,111,4.0,1343198129
17,15,4.5,1559230240
493,110,4.0,1374178301
121,84,4.5,1689537617
167,82,3.0,1236829584
480,79,3.0,1531114463
250,8,3.5,1578151154
309,21,3.5,1042100150
54,182,0.5,1020403373
139,52,2.5,1057078105
268,174,4.5,1078629818
361,45,2.5,1086744902
311,86,3.0,1283623528
198,159,3.5,1146417208
291,77,2.0,1322244334
253,73,5.0,1144151845
369,4,3.5,1653347610
200,133,2.5,1212212133
165,132,4.5,1533886428
292,48,3.0,1548426608
456,44,3.5,1518344921
41,78,5.0,1254441229
419,29,3.0,1010887857
374,53,5.0,1595178843
175,67,3.0,1207876807
323,70,3.5,1581507018
94,136,4.0,1395655477
18,45,3.0,1646426274
65,6,2.5,1454627194
51,142,4.0,1681146142
125,10,5.0,1371841273
416,2,4.5,1520660346
33,134,4.0,1268638947
426,162,3.0,1394227540
119,62,4.5,1423731033
213,129,4.0,1195017855
95,44,4.5,1557020601
434,193,3.5,1129513128
468,135,4.0,1577469787
68,16,3.0,1212859454
292,73,4.5,1005512001
307,133,2.0,1415951149
87,133,3.0,1342372999
297,133,2.5,1365683238
381,129,5.0,1079346126
239,23,4.5,1434951517
396,170,2.0,1175753283
272,125,2.0,1649431096
369,141,1.5,1391615957
145,70,2.0,1141358232
181,120,2.5,1586222166
319,65,2.5,1601981757
20,126,3.0,1379849766
326,176,4.5,1634225777
450,154,3.5,1603485561
10,43,4.5,1429844171
336,191,2.0,1344243917
149,110,3.0,1179857542
498,87,2.5,1479179525
259,96,4.0,1578711510
186,39,3.5,1043062197
137,86,5.0,1544364756
19,174,2.5,1132711186
294,65,2.5,1393972213
29,154,4.0,1490460434
398,91,3.5,1267637995
296,82,4.0,1696751649
276,98,3.5,1621342890
270,40,3.5,1297309836
408,25,2.5,1269953443
221,15,3.0,1642207256
318,64,1.5,1361780320
109,37,5.0,1620653165
263,34,5.0,1165423210
206,10,4.5,1180291338
336,196,3.0,1628819730
257,16,2.5,1686205872
147,98,4.0,1244438945
444,167,2.5,1192125213
328,143,5.0,1185094764
135,194,0.5,1557954597
496,112,3.0,1432631114
130,182,2.0,1105448151
461,40,5.0,1255425339
39,165,5.0,1380465283
325,134,4.0,1489304402
487,87,5.0,1208350032
264,165,3.5,1059518727
402,70,4.5,1535142102
295,146,1.5,1287509084
269,25,3.0,1675360622
104,171,3.5,1568391729
440,113,2.5,1239336171
192,147,4.0,1477816150
187,61,1.0,1155049253
200,150,4.0,1453325975
410,90,3.0,1084794462
438,35,2.5,1074443429
68,143,4.5,1482575740
468,198,5.0,1197627319
176,196,4.5,1218769728
114,137,2.5,1071287312
50,194,4.5,1249799523
440,102,3.0,1313182096
199,51,5.0,1473703706
367,46,4.0,1263753048
69,135,1.5,1467863261
468,84,3.0,1115901672
99,23,2.5,1295780120
449,80,2.5,1385041759
289,161,3.0,1620487371
251,20,4.0,1122266032
392,12,4.5,1446721337
353,51,3.0,1644691924
146,72,5.0,1620388608
200,23,1.5,1306290612
46,52,2.5,1445664020
174,25,5.0,1229497804
275,142,2.0,1152791198
353,177,5.0,1423988994
422,65,3.5,1672095644
382,133,3.5,1518498293
309,15,4.5,1077632175
292,137,4.5,1197423185
50,16,5.0,1692716568
202,26,3.0,1459996065
108,179,3.5,1138850321
171,20,3.0,1502738416
450,62,2.0,1486384576
320,83,3.5,1329864987
289,103,3.5,1610875139
414,65,1.5,1223116150
413,42,5.0,1540917061
265,76,3.5,1267530260
415,41,2.5,1384345235
176,25,4.0,1581045160
229,158,3.0,1039428020
2,28,3.5,1073278072
246,50,5.0,1347896447
417,120,4.0,1609513917
51,125,3.0,1610759320
222,1,2.5,1528210119
404,75,2.5,1605420304
428,72,4.5,1227088334
248,28,3.5,1048099475
54,80,4.0,1337197422
341,117,3.0,1134213859
137,168,2.5,1198062385
92,21,4.0,1220332210
21,17,2.5,1334677467
106,58,3.0,1533915597
106,40,2.0,1349940321
111,148,2.5,1011192442
272,195,4.5,1545765078
389,130,5.0,1169674754
10,49,5.0,1301824759
224,194,5.0,1549191335
2,67,3.0,1684959190
167,62,4.5,1625574219
148,132,5.0,1204159940
325,68,2.5,1171342850
282,44,3.5,1358451971
208,165,3.5,1490738110
211,142,1.5,1597898455
337,123,4.0,1237376260
192,137,2.5,1568860604
350,133,5.0,1101521886
348,117,2.5,1105577314
275,87,4.0,1618731959
434,45,3.5,1011546823
323,72,1.5,1409219739
200,166,3.0,1137166646
220,54,4.0,1098884517
75,166,4.5,1359717142
327,52,3.5,1347849862
129,168,4.5,1011206949
344,77,4.0,1348875628
276,102,4.0,1142317240
231,97,4.0,1641953876
177,147,3.0,1125706532
72,103,2.5,1218823045
486,94,5.0,1282936457
336,121,4.5,1001761690
109,142,3.5,1437453308
474,4,4.0,1166898905
329,96,4.0,1223048297
19,104,2.5,1623596600
256,32,3.0,1012937307
468,127,5.0,1462000911
236,149,3.5,1147998065
255,137,4.0,1585225627
60,183,5.0,1130049976
209,31,3.5,1571734208
286,115,2.5,1355386050
386,107,3.5,1232094365
330,142,3.0,1161135968
209,59,2.0,1407333767
278,25,4.5,1661343267
229,4,3.0,1631296623
145,193,0.5,1043582180
437,62,4.0,1141455556
353,83,4.0,1575590203
271,193,5.0,1141093153
334,167,3.5,1094928566
320,4,5.0,1534746597
64,52,4.5,1075133693
11,120,3.0,1112891302
429,112,4.0,1073319721
160,126,3.5,1150920233
111,49,2.5,1480178263
373,51,3.0,1674037935
341,141,2.5,1086717782
490,83,3.5,1409648407
118,162,3.5,1134825375
356,189,3.0,1244373298
57,36,3.5,1399077408
36,179,1.0,1498729168
237,80,2.5,1323254873
176,179,3.0,1283784785
256,67,5.0,1183632119
491,197,4.5,1476671353
467,104,2.5,1312931685
422,109,5.0,1432767765
49,180,3.5,1180195312
375,179,2.0,1108195857
347,145,3.5,1214714066
473,115,4.5,1675990017
275,144,2.0,1388170845
230,172,2.5,1518202384
182,58,5.0,1208581870
258,173,4.0,1178141711
260,135,3.0,1382015130
138,164,3.5,1051694722
202,86,4.0,1390644009
470,51,3.5,1389542974
400,2,5.0,1333095909
84,39,3.5,1444345116
357,196,4.5,1581581162
403,44,3.5,1579209831
192,66,3.5,1055855371
225,14,4.5,1477745651
367,78,4.5,1619552535
19,150,1.5,1289541606
17,123,3.5,1294298513
47,126,5.0,1154848612
209,88,3.0,1680317573
174,186,4.0,1284099564
280,136,5.0,1588047645
205,107,2.0,1582909406
287,42,3.0,1064735954
38,75,1.5,1410172827
175,38,3.5,1037113162
293,34,4.0,1634243764
178,31,4.5,1525903544
294,114,5.0,1453222302
20,107,3.5,1402902127
178,130,2.0,1314006664
236,62,2.5,1483470873
52,113,2.5,1467440262
144,128,3.5,1664328713
21,120,5.0,1657603882
483,105,3.5,1189576624
46,6,5.0,1139691620
305,191,3.5,1659261201
338,194,2.0,1211899145
153,26,2.5,1427147931
356,149,2.5,1491183316
274,151,3.5,1097639732
29,172,4.0,1336257077
8,138,2.5,1363953816
422,12,4.5,1650481513
296,102,5.0,1065900938
93,17,3.0,1122376703
167,89,4.5,1529294112
74,102,1.0,1234508612
366,185,0.5,1607469281
198,70,4.5,1119637994
197,62,3.0,1241819821
113,45,5.0,1468154593
84,51,3.5,1685514034
471,199,2.5,1024435992
373,91,5.0,1193103638
282,179,4.5,1658564785
129,54,5.0,1340913356
13,91,3.0,1069808347
404,34,4.0,1636301739
376,135,2.5,1198447244
458,172,1.5,1514320838
330,58,4.5,1013432976
452,85,3.0,1322067400
208,181,2.5,1391494157
189,91,2.0,1602553209
283,63,3.5,1686084384
401,123,3.5,1074117751
64,78,3.0,1599897118
118,127,2.5,1392704278
324,198,4.5,1173219290
455,127,0.5,1492671200
401,74,4.5,1341837682
144,60,4.0,1271839029
47,145,2.0,1269534894
230,47,1.0,1603565232
116,39,4.0,1120131133
93,129,2.0,1635511262
412,107,5.0,1070243598
8,93,5.0,1317795953
208,164,4.0,1031582444
197,28,3.5,1313253124
69,38,3.0,1680156117
369,49,1.5,1461826576
192,173,3.0,1694052226
494,53,3.0,1049061221
377,53,2.5,1392680912
149,172,4.0,1316628388
438,113,3.5,1202610020
79,110,4.5,1134356018
359,2,3.0,1431986333
427,29,4.0,1427670252
292,47,3.5,1118377584
169,175,4.0,1495329706
138,32,3.5,1129452529
303,144,5.0,1278889763
305,29,0.5,1654940505
320,8,4.5,1405119486
360,192,4.5,1343774953
312,54,2.0,1270820983
366,9,5.0,1651925482
138,58,3.5,1378083555
275,4,3.5,1486198244
352,196,4.0,1645507681
41,3,4.5,1034427993
487,159,3.5,1198980373
116,190,3.5,1385822231
226,67,4.5,1671785355
406,59,4.5,1660958282
103,144,4.0,1268649275
345,43,1.5,1642424468
306,115,2.5,1006200483
230,3,5.0,1316361660
95,48,3.0,1110252596
49,182,3.0,1206684662
108,37,4.0,1565161780
245,58,4.0,1441217804
112,155,3.0,1147706189
213,69,4.5,1597610986
407,100,2.0,1259741278
48,138,1.5,1263436615
439,16,5.0,1465750016
350,123,2.0,1433231207
75,139,1.5,1350276210
350,88,3.0,1698017978
364,109,3.5,1186890508
308,67,3.0,1617467310
468,91,3.0,1389565978
333,141,2.0,1000208844
336,159,4.5,1502122618
212,76,1.5,1424789210
477,160,3.5,1490309023
100,172,4.0,1207351549
106,109,4.5,1469771449
450,104,4.0,1529627723
463,160,2.0,1355426218
83,118,3.0,1294628915
222,42,2.5,1352652492
376,28,1.5,1164311375
68,141,4.0,1020947333
116,139,2.5,1161692496
7,114,3.5,1017876479
219,148,3.5,1377216774
150,130,2.0,1397354757
44,187,2.0,1195630027
438,91,3.0,1430565172
424,180,2.0,1639601152
402,180,4.5,1586341361
242,61,5.0,1106233884
89,42,4.5,1078590555
81,182,4.0,1269153220
125,118,3.5,1385164244
150,24,2.0,1158153318
35,128,4.5,1254512639
87,46,5.0,1377333370
332,68,3.0,1488816229
463,116,3.5,1613358945
153,68,2.5,1069685972
111,104,3.0,1154933719
282,87,2.0,1040497840
424,146,3.0,1652499258
489,8,4.0,1266564492
427,176,4.0,1610265644
25,33,4.0,1044639047
238,123,0.5,1107481454
192,24,3.5,1486740298
176,71,4.0,1597942656
375,122,3.5,1058046264
312,123,5.0,1152579978
206,80,3.5,1011823661
145,108,4.0,1206500102
364,2,2.5,1532945303
388,107,4.0,1509504606
240,169,4.5,1349705181
119,168,2.5,1295654442
406,15,2.0,1574646009
152,48,3.0,1055311488
342,194,2.5,1594967612
369,111,4.0,1530842986
495,95,3.0,1452671984
361,192,4.5,1439429277
264,124,1.5,1269236494
87,131,2.5,1428197822
294,168,2.5,1388226358
120,28,4.0,1381993272
277,7,1.0,1573379700
132,129,3.0,1186388243
360,31,3.0,1561469333
159,116,4.0,1601507956
28,23,3.5,1526075555
56,62,2.5,1165866492
409,176,1.0,1217370797
338,193,2.5,1018405010
53,186,2.0,1229877245
318,181,2.0,1639228213
282,111,2.5,1084381396
32,99,4.5,1426008562
213,1,2.0,1024874334
375,138,1.5,1189597857
344,51,3.0,1161335986
163,182,3.0,1000907865
436,171,3.0,1080147549
272,13,2.5,1129072573
211,45,3.0,1117781592
427,161,4.0,1002263819
427,154,2.5,1675969272
174,87,4.5,1249782452
35,130,3.5,1291689532
208,173,4.5,1227632274
341,6,4.0,1065306230
210,122,2.0,1152390327
495,126,1.0,1428611336
343,104,5.0,1455898677
476,77,2.5,1213206127
290,32,3.5,1540657960
359,139,3.0,1270357170
137,47,5.0,1430043697
267,95,3.5,1140827764
202,17,2.0,1461164422
383,126,3.0,1606886938
318,35,5.0,1070454703
338,87,2.5,1088305518
369,176,1.5,1025020726
440,172,4.5,1423419582
288,180,2.5,1169237354
31,86,1.5,1123903903
366,53,2.5,1274800077
24,134,4.0,1208754693
61,80,4.0,1341727934
216,103,4.0,1624328688
205,39,2.0,1418450418
465,37,4.5,1187482270
151,45,4.5,1329891123
100,79,4.0,1379745207
313,7,2.0,1553954782
419,145,2.5,1621522256
225,4,4.0,1697979571
201,126,4.0,1430830516
150,51,2.0,1290653840
338,47,5.0,1396515486
232,36,3.5,1607765775
59,54,4.5,1510492600
75,158,2.0,1067693076
175,1,3.5,1413096616
306,25,2.0,1158585652
117,57,3.5,1524793161
318,96,4.0,1310621247
347,58,4.0,1615153568
478,97,2.5,1544678900
26,197,1.5,1299349220
498,5,4.0,1236183141
236,120,3.0,1404414245
321,162,3.0,1536777819
384,74,2.5,1591727438
29,133,3.5,1266160775
294,44,3.5,1067234106
276,165,4.5,1036967714
94,156,1.0,1333694197
45,159,2.0,1599038432
130,34,4.0,1209022223
280,137,1.0,1676517380
267,103,2.5,1232473423
198,144,5.0,1283722225
216,168,3.0,1525696326
352,142,4.5,1644709767
342,196,1.5,1390863837
61,184,4.5,1438924464
79,77,3.0,1419334507
89,77,4.0,1588279968
497,89,4.0,1633160343
492,148,3.0,1145851334
400,50,4.0,1237167665
231,161,2.0,1345417816
173,112,3.5,1277593663
214,193,4.0,1686834556
103,20,3.0,1274244832
96,141,2.5,1674219721
137,111,3.0,1005726861
291,137,5.0,1229523792
319,132,4.5,1003306061
389,12,4.5,1362185138
372,117,5.0,1203900151
204,134,3.5,1240357862
127,16,3.5,1322512679
412,134,1.0,1393059003
414,79,2.5,1407213125
491,18,4.0,1150603495
318,131,4.5,1122913572
53,8,2.0,1468330440
270,6,3.5,1169631417
42,72,5.0,1537612970
437,129,3.5,1653704006
378,166,5.0,1050559525
74,41,4.0,1523874593
232,41,4.0,1583606800
90,96,2.5,1197195869
295,38,1.5,1550259025
282,140,4.5,1432462822
287,13,4.0,1657256334
471,15,3.5,1519929663
210,175,2.0,1337806904
153,103,3.0,1551349907
247,197,3.0,1040549436
490,165,3.0,1027504152
339,17,4.0,1460783693
98,36,4.5,1596170158
50,131,4.0,1028733538
189,50,3.5,1302431771
19,66,3.5,1228350760
330,166,3.5,1188533982
278,20,2.5,1315455309
320,194,3.5,1429741244
321,18,4.5,1238500195
472,156,3.5,1402680580
110,72,2.5,1255491551
116,57,2.0,1411685642
397,48,2.5,1179199722
301,190,2.0,1077236263
127,197,5.0,1684306907
308,149,2.5,1590537841
176,124,3.5,1088154790
341,5,3.5,1606188357
364,74,5.0,1249257581
413,47,4.0,1501686501
17,193,4.0,1052755843
56,2,3.5,1644971480
251,52,4.0,1286165772
53,76,4.0,1505522251
165,31,2.5,1521656947
364,118,2.5,1344503263
196,145,3.5,1400004618
141,9,3.0,1330329348
270,166,3.5,1216555426
307,178,2.0,1148809072
140,8,1.5,1336383639
125,187,2.0,1661348037
70,21,3.5,1106967121
3,30,1.5,1395739365
313,39,5.0,1305161813
161,67,5.0,1519166249
494,180,4.5,1619988522
78,159,3.0,1395903256
233,195,3.0,1364071379
59,152,4.0,1550007313
167,193,4.0,1402753943
50,160,4.0,1018233022
184,13,2.0,1106871758
428,132,3.5,1430239966
145,107,4.0,1670422889
126,162,0.5,1407618304
7,62,2.0,1181095438
196,127,4.0,1583137973
378,61,3.0,1551010849
94,134,3.0,1173714611
242,180,5.0,1482227201
215,175,3.5,1360617891
316,38,3.0,1491229334
286,79,3.0,1470400109
78,71,3.0,1232912178
438,137,2.5,1397072173
133,46,3.0,1502168972
209,117,2.0,1293863264
402,112,3.0,1678769406
152,69,3.0,1555515917
412,112,4.0,1241640825
196,32,5.0,1112819103
1,131,4.0,1597961438
332,118,3.5,1446182155
447,97,4.0,1698121952
35,177,2.5,1369825154
239,39,4.5,1281281610
188,96,4.0,1369237940
55,149,3.5,1203181188
41,140,4.0,1639639982
433,105,4.0,1042271514
280,198,4.0,1038621054
107,193,4.5,1187463735
270,189,2.5,1368353487
425,158,5.0,1192800871
195,24,1.5,1503548367
425,72,4.5,1144269135
342,195,3.5,1003994069
227,79,2.5,1626000451
138,43,4.5,1699461881
128,52,1.5,1435887071
109,160,5.0,1408580698
206,156,5.0,1475466510
198,91,3.5,1430862738
485,62,2.5,1594521004
270,58,3.0,1011689723
49,13,4.5,1556150793
480,126,3.0,1340469345
218,57,0.5,1347951102
353,98,4.0,1457887129
420,19,4.5,1198032519
254,153,4.0,1654326607
121,146,4.5,1167246044
144,66,5.0,1658763028
254,43,3.0,1315457631
444,142,5.0,1076164908
26,183,3.5,1366667259
287,185,5.0,1078566155
156,18,3.5,1618993327
9,26,5.0,1339772006
9,59,4.5,1130710714
278,3,3.5,1580334409
275,74,2.0,1380509393
359,128,3.5,1270408559
158,182,2.5,1316321182
39,23,4.0,1588556385
205,137,4.5,1565204410
142,192,4.5,1355673123
294,148,4.0,1495102921
33,115,3.5,1604677868
478,136,5.0,1201009098
224,78,5.0,1526673538
87,160,2.0,1655878837
436,84,5.0,1501488520
91,196,5.0,1534746649
211,154,2.5,1002189980
208,22,1.0,1019505673
23,68,5.0,1442355820
145,12,3.5,1498914109
490,103,3.0,1507177567
182,182,4.0,1037725364
484,17,5.0,1635083093
457,59,1.0,1636198544
108,173,3.5,1064431576
425,52,3.5,1129585817
81,95,5.0,1042801707
165,124,4.5,1367039723
141,69,4.5,1165162903
73,96,3.0,1060943480
88,77,4.5,1628766967
188,15,3.0,1416091654
337,130,3.5,1248928619
358,28,4.0,1244228584
477,48,3.5,1216505543
405,43,4.0,1101109501
325,184,5.0,1331875730
321,190,3.0,1583466466
323,139,2.5,1512375595
41,183,2.5,1279098008
146,93,2.0,1447823910
289,168,5.0,1530606744
408,136,4.5,1488983394
66,101,5.0,1468687142
442,65,4.5,1406020134
126,156,3.5,1299352250
340,55,5.0,1117527489
345,62,2.5,1524765967
382,112,5.0,1234563945
94,81,3.5,1682759417
307,154,5.0,1339612425
57,35,2.0,1679307265
39,134,3.0,1520998362
246,134,1.5,1448954549
195,74,5.0,1339613697
304,95,4.0,1235490473
231,141,5.0,1029766925
243,109,3.0,1168552754
392,161,5.0,1473516907
33,94,3.5,1674605104
238,136,3.5,1690831265
141,15,3.0,1136984430
300,73,2.5,1512893307
499,146,4.0,1040060735
281,191,4.0,1602206998
190,103,1.5,1157020663
144,195,0.5,1682275599
117,17,3.0,1640361003
171,88,5.0,1250335803
400,51,4.0,1481771628
477,56,2.0,1019193920
313,148,1.5,1654466732
312,78,5.0,1615447904
237,73,1.5,1694037632
284,37,4.5,1200762776
196,13,4.0,1433907798
169,99,5.0,1279221848
292,44,2.5,1315502558
246,56,4.5,1419762007
388,159,5.0,1417951113
402,10,2.0,1443025857
327,158,3.5,1603851680
279,150,3.5,1220398308
379,54,2.0,1168706518
498,192,4.0,1154060417
100,50,2.0,1486461334
464,141,4.0,1296514300
144,184,5.0,1154521893
416,30,3.5,1230377686
395,25,3.5,1665171255
490,196,5.0,1158774475
475,156,5.0,1627532892
315,63,3.0,1061850280
408,142,4.5,1526869531
257,182,0.5,1474234173
288,148,2.5,1427609789
116,180,5.0,1068268297
403,75,3.0,1288209889
248,85,3.5,1582447388
183,111,2.5,1324978590
9,63,2.0,1010148753
165,58,0.5,1066303494
63,77,3.0,1316805786
302,122,4.0,1017582099
145,174,4.0,1304555892
410,160,2.5,1355082196
159,51,2.0,1008627547
240,14,3.0,1364867633
451,149,2.0,1171662524
325,180,2.5,1035825730
102,198,3.5,1447879532
7,177,2.5,1201817289
449,172,5.0,1392833936
364,28,2.0,1045739106
497,109,3.0,1360925128
331,179,4.5,1506608592
25,1,4.5,1319589535
173,167,4.0,1699268773
111,77,2.5,1272776891
36,61,4.0,1442131653
4,172,4.5,1621426100
204,180,4.0,1105974025
161,117,3.5,1593890794
444,146,4.0,1357016984
449,15,3.5,1245999525
218,131,4.0,1312649984
428,55,3.5,1518091609
132,69,1.5,1441894120
253,90,3.0,1096018123
116,191,5.0,1303079496
288,113,1.0,1482277958
184,172,5.0,1313562112
195,87,4.5,1154936478
398,56,3.5,1379917820
98,62,1.5,1310321634
219,125,3.5,1104990914
90,6,2.5,1113088515
146,114,5.0,1581960444
141,123,2.5,1347660059
201,137,3.0,1673122091
490,169,4.0,1156214051
400,128,2.5,1235902900
465,150,4.5,1000520297
341,149,3.0,1487087062
480,39,1.0,1681863882
293,185,3.5,1109051146
479,38,4.5,1547490939
412,152,5.0,1238903605
200,44,4.0,1546741075
316,25,5.0,1274149932
55,151,4.0,1418100799
188,180,2.5,1625858572
173,166,2.5,1402032848
415,165,0.5,1580338098
443,8,3.0,1598551603
453,49,4.5,1494935950
87,49,1.5,1589076355
70,97,5.0,1265945937
301,130,3.5,1231931400
400,144,2.5,1265379959
370,34,1.5,1325064770
443,57,5.0,1457075674
17,155,5.0,1491632721
246,104,3.0,1323395536
126,17,4.5,1446199671
445,64,3.0,1218414707
181,176,3.0,1481593457
97,130,2.5,1469934839
415,190,3.0,1587859566
253,141,3.0,1486109637
114,40,3.5,1525444666
452,19,5.0,1158155313
337,167,5.0,1676190523
254,93,2.0,1430704398
138,73,4.0,1122886514
87,64,4.0,1421750374
169,63,4.0,1440034272
158,49,3.0,1490163863
51,194,4.0,1126920212
320,23,2.0,1254365953
199,15,5.0,1673428178
71,171,4.0,1231158793
446,199,4.5,1532873892
499,123,2.0,1194956972
260,79,2.5,1147355135
358,51,1.5,1475661628
472,195,5.0,1182739573
100,56,2.0,1059830405
143,157,3.5,1029739025
466,117,3.5,1324466010
462,102,4.0,1197566206
152,115,2.0,1381780135
443,77,4.5,1344006672
260,124,5.0,1487849945
246,108,2.5,1083232265
230,146,3.5,1192021022
322,121,4.5,1496875825
22,78,4.0,1683229562
481,48,2.5,1496243027
382,12,4.5,1403930156
427,48,5.0,1475529178
161,111,5.0,1076812494
342,87,4.0,1237022629
154,66,4.5,1120821898
38,14,3.0,1288484743
466,55,2.5,1006136653
52,138,3.5,1425408895
88,60,5.0,1313134860
95,144,3.0,1471958177
270,38,4.0,1262507968
34,127,4.0,1369961951
267,124,3.0,1064673994
453,83,5.0,1181667849
110,162,5.0,1112522984
211,19,5.0,1452833142
141,162,2.5,1630420771
82,188,4.0,1549973369
112,10,3.5,1439445180
59,191,2.5,1299312165
111,18,2.5,1119075403
96,54,3.5,1577117272
320,97,3.0,1667450165
486,28,2.5,1310701569
166,83,3.5,1391359637
35,7,2.0,1144513629
76,58,3.0,1336172018
153,130,4.0,1163838363
160,165,3.5,1435755597
37,173,3.0,1398267077
497,34,5.0,1195836229
141,145,5.0,1594552744
31,180,3.5,1107038372
141,88,2.5,1615279564
443,79,4.5,1368271959
261,159,5.0,1140494241
325,71,5.0,1516483446
120,84,2.0,1327106491
45,143,3.5,1343786117
192,155,2.5,1325328323
275,78,2.5,1073172935
18,189,5.0,1078410861
333,79,5.0,1375668143
302,40,5.0,1373902636
277,146,4.5,1428017262
15,118,3.5,1698207301
22,180,3.5,1507435892
450,142,2.5,1130317204
474,140,5.0,1497602783
368,108,2.5,1583795438
186,71,3.0,1019692150
303,38,3.0,1121144138
380,138,0.5,1212170965
117,146,4.5,1602557782
36,84,2.5,1152022372
221,3,4.5,1662488545
44,188,3.0,1672548243
366,26,3.0,1497202563
47,136,2.0,1287093788
102,5,5.0,1134998576
182,59,5.0,1656214342
200,65,4.5,1473135946
47,183,4.0,1248329269
152,145,3.5,1034248169
241,110,5.0,1053275040
464,83,3.5,1457035615
312,87,5.0,1180027671
356,47,2.5,1578835510
181,80,4.5,1284348298
5,22,5.0,1210897118
149,176,2.0,1173877355
487,163,2.5,1057950891
364,155,3.5,1164086361
177,183,4.0,1635243525
151,65,3.0,1560562682
286,198,3.5,1667592478
455,59,1.0,1603186026
461,70,4.5,1376621323
386,175,4.5,1150538995
229,34,5.0,1393286835
22,171,4.0,1674156236
182,141,3.0,1523436765
444,62,2.5,1106909734
60,186,2.5,1573342665
334,97,3.5,1423393105
405,118,2.5,1588206263
237,130,2.5,1143064019
128,93,3.5,1606698294
405,170,1.5,1175946600
380,174,2.5,1396791311
134,139,4.0,1441596479
471,136,4.0,1306753788
120,158,4.5,1563282954
375,23,3.5,1678361687
56,80,3.5,1630421714
180,88,4.5,1578930179
1,191,3.5,1217953922
42,117,2.5,1650948675
487,67,2.5,1510683562
454,52,5.0,1354694992
434,155,5.0,1063894040
380,78,4.5,1415204928
177,74,2.5,1545324097
417,110,5.0,1570462902
147,114,3.0,1469349548
22,173,4.0,1168641312
150,57,3.5,1363867339
401,89,3.5,1659910810
153,176,3.0,1169946634
265,25,5.0,1136660429
68,12,3.5,1395434087
421,112,4.0,1084400106
181,100,4.0,1598684410
90,129,3.5,1691040312
325,173,1.5,1581280082
106,108,2.5,1404365086
334,137,4.5,1533274897
132,113,4.0,1325969764
215,73,2.5,1478072492
273,26,3.5,1418648496
337,5,4.0,1698097536
179,152,4.0,1437574241
111,154,5.0,1681290118
91,127,1.0,1170829697
84,69,5.0,1470275960
478,67,4.0,1201125205
178,14,2.5,1462652675
11,10,3.5,1073601019
59,171,5.0,1012680876
211,69,5.0,1144582355
215,137,2.5,1132492482
359,64,2.5,1291510543
192,121,2.0,1119068296
84,156,4.0,1502630994
293,11,4.0,1332357509
428,7,4.5,1157595525
382,149,4.0,1359378652
10,54,4.5,1121386925
220,150,2.0,1235331354
402,27,5.0,1428538354
90,69,5.0,1680705324
183,59,3.0,1650976680
488,3,2.5,1348621851
226,158,4.5,1491802143
48,6,1.5,1595577652
265,150,2.5,1478294686
174,161,2.5,1311182856
429,6,3.5,1282448865
168,103,3.0,1157704100
296,140,2.5,1617277809
364,150,2.5,1543810715
393,119,2.5,1464401389
461,119,2.0,1360569045
262,103,4.0,1697526937
101,161,5.0,1291931218
117,179,4.0,1473813604
2,142,5.0,1217947145
140,13,2.5,1461690703
38,77,2.5,1255770904
307,38,4.0,1355083955
319,191,4.0,1455615577
282,42,3.5,1160114627
41,172,3.5,1644608484
95,115,2.0,1241953898
203,33,0.5,1636275710
384,140,4.0,1142812664
6,104,4.5,1052243223
253,18,3.0,1014561562
333,20,3.0,1568252570
208,199,2.5,1224304983
43,115,3.0,1524252539
146,168,4.5,1303266598
413,6,2.5,1274115916
214,58,4.5,1199432787
170,102,3.0,1504722277
178,133,1.0,1504807331
469,90,3.0,1579360708
200,134,5.0,1015134980
6,165,2.5,1118955344
174,52,3.0,1189728649
381,67,3.5,1428825559
151,196,3.5,1434352348
327,151,5.0,1374614413
112,179,2.5,1450347721
32,182,3.5,1445125237
104,42,4.5,1210104948
248,76,2.5,1261331344
100,53,3.5,1584050369
102,132,4.5,1316655395
370,50,3.0,1071263729
244,150,3.5,1200761644
102,179,2.0,1526225404
153,155,4.5,1190027878
429,119,3.5,1147782152
370,102,3.0,1256335011
316,176,3.0,1314295300
28,30,3.5,1155815758
373,110,4.0,1553203528
226,198,2.5,1425629272
420,120,3.0,1128853787
350,186,3.0,1669153133
311,133,3.5,1526845614
471,104,5.0,1148761714
467,87,2.5,1046182777
445,79,1.5,1087775909
214,98,5.0,1211379335
408,92,2.5,1520780778
279,177,5.0,1439832739
198,8,5.0,1303726281
292,1,4.0,1653947824
122,151,5.0,1037114536
126,37,1.5,1515310569
182,158,2.0,1306305421
73,114,4.0,1672736044
201,28,3.0,1469792482
76,175,2.5,1208497602
229,78,4.5,1380631823
424,115,4.0,1611299721
121,13,5.0,1639255875
279,156,3.0,1038876483
61,116,3.5,1176702977
30,142,5.0,1511470666
221,116,2.0,1508316148
270,121,3.5,1551323350
19,131,2.5,1274897637
282,81,5.0,1573314801
45,177,5.0,1605784251
481,108,4.0,1021001137
337,147,4.0,1303978592
489,149,3.5,1623604900
342,40,3.5,1689623958
425,48,3.5,1190171312
163,18,2.0,1457071599
227,13,4.5,1338268788
434,199,2.5,1330040265
219,151,3.0,1467541951
225,63,3.5,1265571080
399,85,2.5,1003028031
318,75,4.0,1373067198
139,167,3.0,1524701620
109,22,5.0,1497906168
19,110,2.5,1668413676
349,136,3.5,1524004064
413,57,2.0,1023585396
7,179,4.5,1421974265
432,173,3.0,1083431935
300,90,3.0,1154435583
210,24,3.5,1613335384
146,196,3.5,1517739042
454,123,4.0,1044616551
428,113,4.0,1079248728
445,70,3.5,1449762410
180,139,3.5,1128383861
325,47,0.5,1316426980
72,82,3.0,1153832187
268,147,5.0,1136833511
142,109,4.0,1028994037
111,111,2.0,1600619056
384,90,3.0,1699785275
155,125,3.0,1060161281
105,94,5.0,1395719232
192,98,4.5,1487220994
157,185,2.5,1277795164
108,125,3.5,1233129900
284,166,2.0,1586683041
28,40,2.5,1309634517
419,14,3.0,1637630478
162,130,2.5,1198447241
326,68,4.0,1685571336
80,142,5.0,1189117233
440,158,3.5,1520960930
465,17,2.0,1470349357
272,33,3.5,1580078185
338,36,4.0,1130725137
211,186,3.5,1403565565
367,102,5.0,1544639384
165,55,4.0,1451491746
391,162,4.0,1467629874
413,136,1.0,1650152300
462,143,2.5,1286272502
81,62,4.0,1288848112
149,139,4.0,1093382744
106,182,3.0,1101113526
197,108,4.0,1190289167
42,9,4.5,1013137384
154,147,3.0,1625254231
18,115,3.0,1083349748
25,42,3.0,1127772427
130,10,4.0,1463133794
174,83,3.0,1408738362
25,125,4.5,1144909384
249,59,3.0,1316824175
43,117,3.0,1022687396
251,121,5.0,1279797023
417,10,2.0,1548110869
147,93,4.5,1173745068
54,103,1.5,1243461985
257,80,4.5,1657171697
40,13,5.0,1088162315
49,64,5.0,1077391825
360,124,5.0,1489521668
221,26,3.5,1228782873
323,183,4.5,1462961779
460,147,4.0,1292030140
238,111,5.0,1127436935
289,48,2.0,1261840309
235,112,5.0,1631093071
393,81,4.0,1446873145
170,130,2.5,1486471617
486,36,3.0,1415883436
151,118,1.5,1326973956
337,91,0.5,1017936542
353,131,2.0,1495000063
340,188,3.0,1267149315
228,81,3.5,1187566825
13,125,2.0,1508516455
91,45,3.0,1122972532
34,162,4.0,1614160008
65,36,3.0,1264114457
364,117,2.0,1318483174
464,22,2.5,1273557786
337,101,5.0,1214121649
365,176,1.5,1670846808
4,105,5.0,1638677329
451,55,5.0,1082984437
302,73,3.0,1189039047
106,187,4.0,1237453013
187,47,2.5,1409762516
333,145,4.0,1335144830
431,141,5.0,1379176294
107,169,5.0,1636114524
66,107,3.0,1089155524
209,175,2.0,1363463213
157,200,3.0,1154284493
127,186,4.0,1038207230
246,75,4.5,1302428350
389,68,3.5,1493438096
412,9,5.0,1448136535
22,181,3.5,1248852071
129,177,3.0,1298460735
121,44,4.0,1675114291
449,26,4.5,1289084285
147,110,2.5,1429677695
268,18,2.5,1530539543
155,155,1.5,1128615330
392,32,3.0,1428145788
180,28,5.0,1013460580
408,69,4.5,1065373441
99,135,5.0,1495730338
267,173,2.5,1588837202
384,170,3.5,1649433807
355,196,1.0,1617661592
31,147,4.5,1530137593
271,21,5.0,1241604687
69,149,2.0,1310000670
40,200,5.0,1167612158
174,75,3.0,1268268752
384,61,2.0,1166760404
331,99,3.0,1317878690
295,42,4.5,1529087984
395,142,3.5,1106434873
480,31,3.0,1241987377
49,185,4.0,1115168589
172,12,4.5,1015481919
23,94,3.5,1697098547
401,70,3.0,1378116135
73,88,3.0,1188948277
441,114,4.0,1566988384
166,190,1.5,1430320596
229,111,2.5,1493362320
372,88,3.5,1139099011
423,113,2.5,1480923599
345,28,4.0,1596983351
14,37,3.5,1002401309
293,6,5.0,1272254571
281,196,2.5,1141177761
206,94,3.5,1044244395
319,192,2.5,1200768220
236,103,5.0,1433378685
285,89,5.0,1329951214
69,43,1.5,1688504260
42,87,3.5,1029739623
220,50,3.5,1450602968
445,53,3.0,1599273969
406,119,3.0,1083322494
496,170,4.5,1582064325
137,194,5.0,1592399702
37,65,4.5,1359569741
343,54,4.5,1445745385
333,18,3.0,1160764790
88,88,4.5,1332124978
444,190,4.5,1134298552
39,86,3.0,1457142699
331,7,3.0,1040981484
191,64,1.5,1471942438
380,147,2.0,1355157431
16,149,3.0,1097732144
290,129,2.0,1180568633
456,163,4.5,1491633995
127,48,3.5,1065609004
201,100,4.0,1103732077
377,26,2.0,1578437464
427,162,5.0,1603151670
367,188,4.0,1644286075
299,168,4.0,1473858981
90,7,4.5,1669744274
156,125,4.0,1339087980
291,143,2.5,1537317525
469,168,4.5,1198153705
421,178,2.5,1354539650
28,68,4.0,1003086938
202,78,2.5,1469103494
2,91,5.0,1561789302
267,40,4.5,1261950967
263,97,4.5,1178839546
428,106,2.5,1499867621
485,159,4.0,1321471475
442,150,3.5,1038624419
140,47,3.5,1076359940
190,151,1.0,1590262967
75,15,5.0,1096925316
397,38,3.5,1139712282
127,182,4.0,1306414428
191,155,2.0,1302540186
281,164,5.0,1629671327
336,169,5.0,1302026072
437,27,4.5,1351407985
255,180,4.0,1576487265
24,183,5.0,1541848590
86,74,4.5,1437907938
296,24,2.0,1637098743
267,28,4.0,1016423383
193,164,4.0,1563429537
242,165,3.5,1113107582
319,106,4.0,1553010209
281,133,5.0,1351816416
67,104,3.5,1250075302
266,25,3.0,1158814379
12,95,2.0,1607820598
206,67,1.5,1296606936
260,117,3.0,1421662918
481,74,2.5,1062539825
397,70,3.5,1699737529
459,190,3.0,1241327433
397,30,2.0,1286052645
441,1,3.0,1363825431
339,198,4.0,1181865018
477,87,3.0,1316813465
181,77,3.5,1276268762
28,104,5.0,1537140715
220,118,5.0,1087014994
8,49,4.0,1527900608
42,68,4.0,1068328369
20,132,2.5,1329733759
62,26,3.0,1007098229
386,134,3.0,1326907297
110,84,3.5,1269770469
313,178,3.5,1351117824
358,194,2.0,1054706984
12,46,4.0,1078871213
273,32,3.0,1511779359
188,56,5.0,1084147750
17,77,5.0,1553955008
482,13,1.5,1521256175
360,51,3.0,1110083676
160,6,5.0,1286905290
462,198,4.5,1447375613
338,174,3.5,1569037545
442,168,0.5,1490936458
99,183,3.0,1155075873
16,161,4.0,1587895089
404,81,1.0,1327014925
461,21,4.0,1370405703
269,178,2.5,1239988888
363,80,4.0,1147647171
283,180,3.5,1300702548
262,190,3.0,1368649964
238,91,4.5,1088892831
172,189,4.0,1068246093
350,110,5.0,1116346099
8,170,5.0,1121043675
359,10,2.5,1184106203
20,73,5.0,1239080571
189,31,2.5,1300667117
73,156,2.0,1367195755
163,79,1.5,1165906837
59,15,3.0,1215049774
149,109,4.5,1462644421
407,164,3.5,1541671986
368,199,4.0,1659533505
386,170,0.5,1033176133
99,88,3.0,1491396982
109,51,2.0,1443469910
399,103,1.5,1694206425
398,141,2.0,1390397632
488,12,3.5,1227355413
161,48,4.5,1487841704
30,104,2.5,1392078056
207,198,4.0,1151091131
59,83,4.5,1671523185
350,143,4.0,1643684067
318,55,2.5,1167050115
334,177,3.0,1184469547
313,68,4.0,1059938558
313,72,2.5,1683897744
388,52,4.5,1108995856
15,140,2.0,1131881948
493,92,4.0,1043925739
76,83,4.5,1635638829
315,168,3.5,1572910983
323,199,2.5,1166846172
438,144,1.5,1177342094
287,8,2.0,1293738685
261,44,4.0,1017301305
276,134,3.5,1074841790
384,38,3.0,1673292426
5,24,4.0,1610824738
110,70,1.0,1565884408
280,13,3.0,1119612757
85,35,2.0,1390299457
144,19,2.0,1265766816
310,10,3.0,1477863717
94,35,5.0,1312721630
104,124,4.5,1699121848
418,147,2.0,1234209374
432,110,5.0,1266011307
390,89,2.0,1170048830
33,38,5.0,1373513394
405,182,2.5,1104226673
64,159,3.5,1089222765
87,69,5.0,1110222636
432,88,3.0,1486288544
460,133,5.0,1269466460
233,64,3.5,1146769332
431,180,3.5,1184537070
373,194,2.5,1356127949
496,183,5.0,1676281649
301,9,3.0,1207647630
390,93,5.0,1088145499
30,163,2.5,1169479747
422,153,3.0,1545038152
226,10,4.5,1071509142
462,34,3.5,1251013667
48,137,4.0,1434155659
20,115,2.0,1221092246
453,199,3.5,1371642078
183,128,4.0,1001335785
427,159,5.0,1622749578
493,170,3.0,1685343616
287,5,4.0,1316149964
417,75,5.0,1516680540
183,187,3.5,1140216990
182,74,5.0,1190966967
451,20,5.0,1213294462
195,153,3.5,1271269434
446,82,5.0,1299725420
30,117,4.0,1188272620
235,195,4.5,1384475677
273,47,4.5,1550468799
193,16,5.0,1024049754
21,51,4.5,1577614611
103,187,3.5,1337953376
130,113,3.0,1063848912
5,107,4.0,1596293604
495,102,2.0,1020872476
468,52,4.0,1172286979
17,156,4.5,1674677997
290,22,3.5,1082864679
185,154,3.5,1137100726
20,191,4.5,1638115205
271,79,4.5,1632751897
420,63,4.5,1568705264
268,8,4.5,1148772454
492,119,3.5,1279825192
90,81,3.5,1351694633
469,87,4.0,1288275327
1,177,5.0,1377484271
354,116,4.0,1512859196
221,127,5.0,1351091773
388,147,1.0,1689555169
186,172,4.0,1173169406
10,69,3.5,1084284867
445,72,1.5,1519265556
50,51,1.5,1088038638
408,129,4.0,1127534996
249,193,3.5,1234736490
354,128,4.5,1407142812
319,85,0.5,1043785654
374,29,5.0,1115193145
361,73,5.0,1448416919
32,120,2.0,1665371727
23,111,5.0,1428878984
192,130,5.0,1373077716
242,77,2.0,1472982913
414,63,3.5,1626448766
268,152,3.5,1105472164
322,10,1.5,1690574020
164,5,3.0,1336474885
104,16,5.0,1100680751
477,96,2.5,1307389566
409,192,5.0,1546496879
428,128,4.0,1064625287
349,138,2.5,1541039647
282,21,3.5,1532482554
17,33,1.5,1509575780
348,163,4.0,1204873804
351,25,3.5,1003124424
150,142,3.0,1008586267
387,48,2.0,1516295591
14,17,3.5,1503994767
9,187,3.5,1524911818
76,13,2.0,1477166185
121,164,5.0,1328812885
350,68,4.0,1635928395
277,80,2.5,1368390582
312,146,3.5,1676862365
443,112,4.5,1219891625
65,99,5.0,1655896420
302,90,5.0,1366389676
17,70,5.0,1463960767
198,134,2.0,1534799903
431,119,2.5,1513173771
45,161,2.0,1401131626
46,193,5.0,1068292673
338,116,3.5,1198704110
208,67,5.0,1507479091
350,3,2.0,1299506850
450,125,2.5,1299144432
378,30,2.5,1244402163
440,147,5.0,1310340270
439,125,4.5,1317730284
62,11,1.0,1456742571
255,107,3.0,1351866861
254,171,4.5,1236003386
19,38,5.0,1315249124
162,127,4.0,1433241716
470,64,3.5,1342680676
203,146,2.5,1435952413
251,65,5.0,1199188819
488,125,2.0,1427921893
377,181,1.5,1563381263
136,198,3.5,1339950805
269,88,3.0,1676859621
412,2,4.5,1374102345
249,77,4.0,1543774803
27,63,5.0,1584169794
43,113,4.0,1659963433
393,142,5.0,1394778696
270,24,2.5,1557791486
82,179,4.5,1485677972
463,21,3.0,1598044530
77,83,3.0,1381198011
448,53,2.5,1246574369
152,116,5.0,1216808947
90,87,3.5,1054822639
440,178,2.5,1598047549
52,133,4.5,1282903115
222,41,3.0,1594352129
255,110,2.5,1261407102
468,83,5.0,1252748465
54,4,2.0,1011801711
446,156,5.0,1543496052
4,94,2.5,1052502731
434,49,4.5,1187021037
266,71,3.5,1608241492
247,8,4.5,1553060004
447,105,2.0,1069600822
265,126,1.5,1115786595
315,33,4.5,1089714961
374,17,1.5,1052197143
469,61,2.0,1118707741
151,60,3.5,1062785833
329,169,2.0,1498174544
251,51,2.0,1382131051
199,54,3.0,1340034586
254,148,1.0,1485222395
259,107,2.0,1288207030
319,173,5.0,1131091971
427,76,4.5,1400153250
14,74,5.0,1409595211
65,136,4.0,1401061788
223,42,5.0,1064140743
191,52,3.0,1205462091
23,162,3.5,1546779555
328,151,4.0,1134331681
177,180,1.0,1084836874
481,110,4.0,1613748848
359,155,3.0,1390264392
271,13,3.0,1395278305
194,17,4.5,1374929301
415,188,1.5,1062683371
198,116,3.5,1423419480
159,183,4.0,1308743281
207,185,3.0,1036662592
141,75,3.5,1531285302
444,141,3.5,1362724519
383,145,4.5,1293251921
112,200,3.5,1247768951
408,184,2.0,1484983083
300,96,3.0,1040899422
188,153,3.0,1496878653
354,95,2.5,1247234643
105,82,3.5,1241815512
331,78,3.5,1529761632
122,170,3.5,1696549193
431,183,2.5,1691383798
84,102,3.5,1626433682
82,114,5.0,1037630970
336,170,4.0,1398443419
164,30,5.0,1029971321
497,50,3.5,1436516474
427,117,2.5,1211653522
107,187,4.5,1693490166
92,185,2.0,1016322334
420,12,3.0,1601024610
84,92,3.5,1636290749
150,26,4.5,1575353741
108,145,5.0,1553317681
253,198,4.5,1658115322
7,36,4.5,1616397114
17,116,4.5,1498071237
82,29,4.5,1088970681
7,188,2.0,1424388152
85,71,5.0,1462463400
316,91,5.0,1672011321
39,97,3.5,1058941264
156,122,4.0,1406297785
342,127,2.0,1468293106
279,20,3.0,1423064399
26,174,3.0,1615309373
230,168,3.0,1029669968
82,112,4.5,1622711746
325,127,3.5,1002325749
30,72,2.0,1684346854
13,186,2.0,1505480952
380,69,1.0,1326372196
408,50,4.5,1488050036
201,140,3.0,1335599666
146,145,4.5,1393663080
94,53,5.0,1426991938
11,94,2.5,1235940431
108,142,4.0,1407139768
364,75,5.0,1627242885
44,182,3.0,1439915936
396,80,3.0,1203398826
410,126,4.0,1673619889
496,126,5.0,1342331546
469,129,4.5,1228250141
260,186,2.5,1106163810
226,184,2.5,1543592593
422,154,3.0,1608974058
96,152,1.5,1674588121
232,59,3.5,1115119502
29,193,3.5,1026833759
92,3,3.5,1030201442
409,170,2.0,1171570635
251,26,4.0,1184175293
337,172,2.5,1412865300
59,90,3.0,1479580416
375,10,2.5,1691829450
376,70,5.0,1039354806
51,165,2.5,1187138584
265,173,5.0,1074295470
10,104,3.5,1545678024
498,165,4.0,1293771046
338,178,3.5,1606038506
167,93,2.5,1473953562
79,55,4.0,1153606748
455,121,3.0,1144439857
359,144,4.0,1050188506
113,78,4.0,1292446134
9,101,5.0,1699120636
337,138,4.0,1600339611
405,55,4.5,1405598264
341,140,4.5,1500402894
379,91,3.0,1696186127
400,132,4.5,1569483246
124,186,3.5,1528905942
239,93,3.0,1061129693
5,137,2.0,1443052003
135,120,4.5,1433191835
237,127,3.0,1242191938
244,69,4.5,1459768054
312,2,3.5,1421939215
450,45,3.0,1697894222
485,92,2.5,1268398802
246,180,5.0,1155117129
41,154,3.0,1213546356
265,165,5.0,1376233923
470,71,2.5,1461485461
277,56,5.0,1502214161
186,129,3.5,1462570517
464,146,4.5,1355307638
335,60,2.0,1653125135
276,129,2.0,1598500866
27,178,4.0,1547661291
289,73,2.5,1215828210
67,18,5.0,1418980276
495,178,4.0,1392584296
389,38,2.5,1205901926
56,38,2.5,1562977999
3,38,3.0,1268402644
474,199,3.0,1650810048
264,87,4.0,1594969400
384,136,3.5,1609722671
297,128,5.0,1698081773
370,123,4.5,1225840353
425,27,2.5,1687560605
89,101,3.0,1007925240
1,92,2.5,1484449201
139,158,2.5,1004217184
365,102,1.5,1561157634
90,48,4.5,1590033913
7,42,5.0,1379010364
62,149,2.5,1498899265
120,64,2.0,1407886119
309,105,4.0,1437188624
292,46,2.5,1567607191
130,3,5.0,1464966401
466,136,2.5,1503914053
60,166,1.0,1476941223
33,178,3.5,1552610864
103,24,3.0,1644841272
123,162,3.5,1265712439
446,180,3.0,1692420549
7,73,4.0,1196343883
480,166,4.0,1217757460
297,172,4.0,1694903311
18,43,3.5,1292559877
109,90,3.5,1363741217
233,127,2.0,1231045178
475,7,4.0,1477616382
128,111,4.5,1354969631
173,182,4.0,1466714633
344,32,3.5,1201983679
462,26,4.0,1535158134
498,41,4.0,1659409626
283,37,4.5,1227667292
376,133,3.5,1254646860
271,35,2.0,1416725523
393,124,3.5,1047557787
268,106,2.5,1005686424
187,99,3.0,1136530348
143,57,3.5,1693564972
286,154,4.5,1148518173
443,106,4.5,1604581369
429,181,4.0,1377620773
321,151,5.0,1609923359
402,98,3.5,1467888433
429,113,3.5,1314379334
474,156,3.0,1437045410
7,12,2.0,1215731542
435,36,4.0,1115596804
171,71,1.5,1505486442
377,93,2.5,1239850270
227,48,3.5,1571970144
8,79,2.5,1527733211
218,112,3.5,1112217027
148,90,3.5,1447109184
1,32,3.0,1485942158
35,134,3.5,1585686500
39,164,3.5,1291357286
476,127,2.0,1156078064
75,100,4.0,1147634099
108,61,1.0,1026395628
133,85,5.0,1176184855
325,6,4.0,1307003182
468,59,4.5,1401194374
38,152,4.5,1646682622
276,133,3.5,1696082438
160,171,2.5,1197418499
183,79,3.5,1300457722
128,198,4.5,1497553077
38,163,2.5,1161362939
363,187,3.5,1158330321
303,125,1.5,1507727826
452,194,2.5,1116510259
436,31,2.5,1016010063
39,60,5.0,1624997935
283,145,2.0,1120680152
381,83,4.0,1677416769
39,138,5.0,1589113709
112,176,4.5,1057577653
126,32,5.0,1279326939
325,23,5.0,1556365007
279,58,3.5,1115752574
473,1,4.0,1260406453
31,121,3.5,1401611180
62,175,4.0,1363731751
216,82,4.0,1008998946
76,40,5.0,1558547618
342,136,4.0,1314043229
100,108,2.5,1097410209
264,71,4.0,1024305381
266,52,4.5,1422834022
495,182,2.5,1633934231
150,76,2.5,1441251164
231,95,4.5,1204493160
259,19,3.0,1374193815
464,169,3.0,1577525093
397,186,3.0,1195800354
347,90,4.0,1556696611
75,110,5.0,1634948931
391,157,4.5,1422986122
458,108,3.0,1548080078
100,140,5.0,1495290722
97,5,4.5,1229584183
214,54,4.5,1568980297
458,139,4.5,1569406316
101,140,3.0,1059825048
27,116,2.5,1535262849
177,143,3.0,1065985509
33,150,4.5,1672686994
7,11,2.0,1242017367
38,54,2.0,1439923591
24,34,1.5,1368219455
343,126,2.0,1284675461
382,27,2.5,1275894099
207,164,3.5,1529602407
229,81,2.0,1491185277
158,138,4.5,1404380486
304,162,3.5,1157567160
399,102,1.0,1410530511
495,21,3.5,1432256815
302,45,3.5,1028004051
115,169,5.0,1593968005
356,63,4.0,1594349187
384,157,1.5,1664794467
432,183,4.0,1424514441
96,111,3.5,1013046554
25,65,4.0,1085485009
234,74,5.0,1415774124
471,154,3.0,1526178378
198,107,2.5,1210383971
129,90,4.0,1079172327
108,57,5.0,1475142379
321,128,4.5,1407360780
225,126,3.0,1163402615
99,54,4.5,1341036598
165,169,5.0,1601051862
458,21,2.5,1205976362
240,139,2.5,1197802819
396,188,3.5,1149296935
497,71,4.0,1124205283
445,165,5.0,1321114488
44,198,3.0,1584570959
417,153,4.0,1255937574
305,189,5.0,1087280321
93,165,4.0,1339264196
378,162,3.0,1124047692
337,13,4.0,1227010123
243,145,3.0,1047952149
397,45,4.0,1304666599
314,138,3.5,1634037611
271,43,3.5,1451358147
321,100,3.0,1127182534
134,88,3.0,1576717051
499,198,4.5,1112367633
473,157,3.5,1452508037
461,128,5.0,1352931057
50,22,1.0,1117810179
324,57,3.0,1142730612
373,100,2.5,1289703336
428,195,3.0,1199989996
103,182,2.5,1696501426
355,20,1.5,1415831919
96,117,4.5,1240395009
415,173,3.0,1320153858
160,136,4.0,1441489702
262,52,2.0,1411608396
137,112,1.5,1049400943
408,96,4.0,1519276469
90,46,4.5,1692463821
416,163,3.0,1088131805
79,136,2.5,1514045457
181,200,5.0,1293037068
201,51,3.5,1603755789
89,24,2.5,1443252264
326,141,1.5,1410470904
60,92,2.5,1068610648
200,48,3.0,1170731226
352,50,4.5,1476736726
457,157,3.5,1677384713
310,193,3.5,1555345016
271,112,2.5,1494263605
14,155,5.0,1526583458
176,102,4.5,1228210327
233,51,4.5,1637143344
346,183,3.5,1424793546
330,33,4.0,1153016915
334,36,0.5,1256456905
58,10,3.5,1067574321
76,34,5.0,1422968980
228,61,3.0,1339368347
447,165,2.5,1129744026
463,82,3.5,1420922976
444,73,2.5,1030711173
459,14,2.5,1345854085
217,80,4.0,1041341776
153,199,4.5,1123711634
293,173,4.0,1143821936
417,52,2.0,1324179900
279,172,2.5,1643612176
74,155,4.0,1194300961
386,17,4.5,1133079101
55,118,3.5,1002652603
52,69,2.5,1193951939
142,176,4.5,1106123350
369,81,5.0,1608726650
406,10,5.0,1121287933
211,128,5.0,1527765329
447,181,3.0,1531821729
379,45,4.5,1283077532
408,66,5.0,1288127147
326,142,3.0,1132985230
55,59,2.5,1673774950
223,11,2.5,1340646139
373,140,3.5,1589980425
263,119,1.5,1104455783
432,15,5.0,1367773054
461,164,2.0,1437729948
375,71,4.0,1240397997
390,198,1.0,1637258437
49,152,5.0,1044989145
294,194,5.0,1327769320
24,110,1.5,1682211955
396,117,4.0,1297471471
127,53,3.0,1099833644
123,102,3.5,1476432460
246,138,4.5,1410408531
267,69,2.5,1340592326
91,54,3.5,1562018066
155,183,1.5,1369532770
34,58,3.5,1208276874
37,180,1.0,1286044754
33,180,5.0,1439976863
458,191,1.5,1651399416
59,148,4.0,1569143216
206,75,4.5,1215636036
382,172,5.0,1567040920
104,67,5.0,1507458189
464,115,5.0,1477891211
336,81,3.5,1155431856
436,136,5.0,1031424851
390,46,4.0,1426494325
321,113,4.0,1076823825
323,14,3.0,1395931498
197,164,5.0,1455838987
340,26,2.5,1032460703
172,131,2.0,1216933732
498,99,4.0,1026415950
74,127,1.5,1586352947
297,21,3.5,1222703458
106,70,5.0,1177463897
291,128,4.0,1322500110
425,168,3.5,1493439707
486,185,2.5,1551180061
307,1,1.5,1664586730
256,31,4.5,1400050813
80,28,3.5,1642256875
39,172,4.0,1286865605
180,59,1.0,1166413662
361,177,4.5,1186250457
378,22,5.0,1430398471
242,124,5.0,1488084710
268,196,4.0,1155141822
196,190,2.0,1368131164
397,107,3.5,1652386960
15,183,3.5,1658651151
239,113,3.0,1078182389
65,37,3.0,1373841520
46,84,5.0,1417569673
309,45,2.5,1200448463
154,20,3.0,1560717734
46,154,4.0,1280564529
177,72,5.0,1503248076
260,29,3.0,1243321659
459,140,1.5,1517128771
439,14,1.0,1205590004
499,4,5.0,1564684241
332,98,1.0,1363481935
453,200,3.5,1592146264
90,14,1.5,1065732031
216,60,2.5,1084902351
282,134,2.5,1253944315
205,125,1.0,1639522455
130,183,5.0,1185525531
84,169,4.0,1472630269
3,12,3.0,1657238590
192,148,3.0,1236001492
102,30,5.0,1328646649
226,1,3.5,1416176712
425,42,5.0,1445134757
30,43,3.0,1488205083
15,77,4.0,1576176793
278,190,2.0,1031231547
269,105,3.0,1404718335
468,102,4.5,1530494426
156,27,5.0,1260827318
238,195,5.0,1025895295
86,92,4.0,1491565080
191,42,5.0,1115867621
453,187,4.0,1207947065
46,129,3.0,1041871397
62,117,1.5,1357191981
452,193,3.0,1030541923
41,106,2.0,1292750723
56,153,5.0,1013740690
303,116,5.0,1276724181
45,122,2.5,1313499119
314,168,5.0,1420378520
338,97,2.0,1143006450
2,36,5.0,1142723198
187,93,3.5,1014253123
494,37,4.0,1698617227
16,98,5.0,1639935636
376,65,4.0,1659660178
447,71,3.5,1273253685
252,81,4.5,1696238498
455,35,2.5,1421810464
204,177,1.0,1566973958
307,16,5.0,1405850880
316,84,2.0,1236372135
40,125,4.5,1392521378
324,190,3.5,1659290491
286,177,3.5,1338443052
237,85,2.5,1590268546
141,65,3.0,1298891468
334,87,3.5,1364805555
353,50,3.5,1288053563
397,56,2.5,1192810297
132,106,4.5,1039229925
2,105,4.5,1655751093
186,160,4.0,1387367022
208,138,3.0,1001192347
289,182,4.5,1430451260
145,53,4.0,1185512385
26,35,1.0,1604846968
67,11,4.0,1051156589
325,131,5.0,1385492929
213,186,4.5,1387958180
73,7,5.0,1665724359
413,69,2.5,1635557578
283,176,3.5,1144894892
104,133,3.5,1305102606
290,31,3.5,1034687235
226,51,3.0,1341391047
393,98,2.0,1692584201
423,42,3.5,1158905761
474,131,2.5,1019947921
421,22,4.0,1065384719
10,109,3.5,1376344243
187,139,1.0,1061239666
281,131,5.0,1588730168
26,105,4.0,1586205895
449,28,3.0,1302106815
485,39,3.0,1084626454
218,143,2.0,1601597479
487,50,3.5,1005500813
212,48,4.5,1449856847
74,162,5.0,1373964005
106,105,3.5,1678888977
105,18,3.5,1068247538
330,135,5.0,1292218019
144,143,2.0,1131583971
318,61,3.5,1585909607
99,186,2.5,1444640424
271,150,3.5,1577641984
249,63,4.5,1091523419
87,188,1.5,1277543593
345,69,5.0,1378909847
39,178,4.0,1459720564
148,111,3.5,1126380608
327,123,5.0,1335882769
461,41,2.5,1388664409
451,154,2.0,1454845453
477,2,2.5,1112711416
17,132,4.0,1483418732
442,5,3.0,1134258182
495,196,2.5,1300160831
131,184,2.5,1364640257
494,168,3.5,1374871302
196,179,3.5,1412282395
174,106,2.0,1579176733
482,48,2.0,1077172989
281,194,3.0,1148097620
143,116,4.5,1190705124
151,27,3.0,1229078307
100,73,1.5,1688766835
199,171,3.5,1167994645
42,59,3.5,1116845902
485,183,1.5,1279182746
50,15,2.0,1063726205
491,126,4.5,1430736623
212,99,2.0,1026277653
451,130,4.5,1077337395
489,34,1.5,1622195881
454,58,1.5,1500843176
264,190,3.5,1591653679
218,166,2.5,1577585149
405,99,3.0,1279655346
338,30,3.5,1656081368
373,78,3.0,1438265600
217,120,2.5,1016808407
128,119,4.0,1351608672
352,186,3.5,1501820087
417,89,3.5,1319590628
314,158,3.5,1532270478
37,103,2.5,1000449738
131,132,2.5,1195094187
202,112,3.0,1069824080
85,72,2.5,1271536176
36,143,3.5,1640357078
111,200,3.0,1511514288
235,192,3.5,1221694915
417,160,3.5,1357166174
420,106,5.0,1393521269
4,114,2.0,1574714465
103,56,3.5,1680576073
341,183,2.0,1685912100
233,171,3.0,1336997705
162,40,2.5,1532604329
376,118,4.5,1383655295
28,153,1.5,1482404810
293,136,4.5,1414460894
65,10,4.0,1612721417
207,143,5.0,1272710501
190,47,5.0,1574678324
390,148,2.5,1158565801
200,22,5.0,1113552775
250,129,3.0,1640660474
13,79,4.0,1004313158
2,1,5.0,1064170132
17,22,2.5,1386465643
247,76,3.5,1563103156
104,118,1.0,1486534942
495,57,4.5,1017266315
408,186,5.0,1017312652
94,39,4.0,1348120368
498,22,5.0,1552836638
38,179,5.0,1571931400
14,200,2.5,1110221466
265,189,4.0,1080068210
355,109,4.0,1048399431
431,112,2.0,1053014426
196,136,5.0,1200877695
441,161,3.0,1664654759
5,67,3.0,1164096760
6,78,3.0,1077659965
298,153,3.5,1004205369
332,120,5.0,1418853006
163,153,3.0,1486433958
288,61,1.5,1458920927
477,161,3.5,1101776879
413,18,2.5,1033336839
355,51,3.0,1121824418
359,173,4.0,1037267006
419,8,2.0,1035704094
357,45,3.0,1273480937
495,158,4.0,1141137833
126,110,2.5,1050746711
181,190,3.5,1446709618
243,48,4.0,1116813052
373,172,3.5,1040259368
200,138,3.5,1067858688
115,47,4.0,1524733257
74,24,2.5,1260351481
195,96,1.5,1615898865
139,53,2.5,1037035478
374,5,2.0,1587676196
415,60,5.0,1644280187
452,57,1.5,1594841080
96,63,4.5,1052176394
26,123,2.5,1164590675
335,20,4.5,1297783001
26,44,3.0,1459418158
35,180,3.5,1384708545
409,18,4.0,1413204824
475,76,5.0,1639477330
283,104,3.0,1549883980
371,42,3.0,1278965375
352,139,4.0,1682474561
474,83,1.5,1327308196
94,83,1.5,1018031345
70,24,4.0,1157777558
497,186,4.5,1090080822
47,31,4.0,1393607314
485,131,3.5,1542298583
393,70,3.0,1045068438
240,25,5.0,1298388497
73,61,5.0,1579227903
304,118,3.5,1424656380
211,52,2.5,1203029402
144,135,2.5,1574089054
339,199,4.0,1445706562
35,139,2.0,1037155268
393,118,2.0,1228421439
278,161,3.0,1675720028
386,135,4.0,1127914342
275,81,5.0,1165795891
356,88,4.0,1051844834
270,14,4.0,1100372512
297,159,4.5,1070542663
434,30,4.5,1335790515
245,162,3.0,1658299876
219,157,4.5,1242635600
73,30,4.5,1688844876
241,50,4.0,1224139843
68,173,3.5,1616105009
475,72,4.0,1664478365
212,57,4.0,1021091525
34,27,1.5,1535459585
429,26,4.0,1317202894
291,147,5.0,1504791416
438,136,4.5,1368263603
153,93,4.0,1253125628
227,175,3.5,1341366031
84,25,3.0,1460426107
20,143,3.5,1329481130
405,12,4.5,1025468479
500,2,4.0,1468811760
219,72,4.5,1371959962
286,129,3.0,1124854262
122,134,5.0,1573650240
455,97,3.0,1543256844
258,147,3.5,1579063335
97,113,3.0,1111249567
214,189,3.5,1470923586
8,198,5.0,1323089421
15,165,4.0,1270046583
460,151,4.0,1501214521
466,164,5.0,1218548269
305,96,0.5,1595377497
244,141,3.5,1661948884
489,170,3.0,1239971709
477,145,2.5,1479103597
153,40,1.5,1373773682
301,120,3.0,1301463770
2,52,4.5,1228758507
108,19,3.5,1451243962
336,102,4.5,1327420864
273,98,3.5,1255764991
14,41,5.0,1666328401
252,122,3.0,1609245564
98,7,1.5,1165557753
378,196,1.5,1014119477
93,29,3.0,1624705345
500,3,2.5,1600300931
148,30,3.0,1355514933
490,41,5.0,1507125617
444,163,1.5,1562832387
144,153,5.0,1523011984
77,167,2.5,1489165551
223,133,2.0,1309891272
192,21,3.5,1227891161
365,94,5.0,1426179785
214,166,2.5,1529002751
61,56,3.0,1620355782
87,132,3.0,1506611784
144,160,5.0,1564782006
421,185,3.0,1307940015
471,6,4.0,1555197210
233,31,3.5,1169509980
117,60,3.5,1534714007
137,174,3.0,1302105679
132,114,5.0,1479123663
71,199,5.0,1252153947
90,84,2.5,1648170003
369,92,2.0,1656389172
465,194,3.5,1055593042
159,199,1.0,1690090393
380,66,3.5,1137291905
333,172,5.0,1111727362
422,17,3.0,1225529702
62,166,5.0,1605442231
168,49,5.0,1269879960
41,59,2.5,1273519999
285,80,3.5,1479277649
154,5,4.0,1427495927
324,177,4.5,1674902492
277,190,4.5,1387323176
188,109,5.0,1684897661
435,17,2.5,1511929003
418,194,3.5,1069986426
430,154,5.0,1621807553
206,98,5.0,1467464086
254,123,4.0,1455999039
176,150,3.0,1197472645
481,185,4.5,1522317693
63,47,4.0,1201209770
180,161,4.0,1676916632
304,156,4.5,1355471604
65,172,2.5,1130406564
473,143,4.5,1197926873
291,117,3.5,1301781275
95,28,5.0,1068562740
299,180,3.5,1103434103
106,76,4.0,1055395014
342,163,4.0,1548000891
39,129,3.0,1373851702
173,114,2.5,1315323299
142,184,4.5,1665746621
210,123,2.5,1525452604
147,35,3.0,1234391120
315,43,3.0,1414871322
219,5,4.0,1245052355
313,3,4.5,1398813067
446,23,1.5,1053730173
149,178,2.5,1072477177
143,137,2.5,1418945814
160,186,3.0,1032334154
214,40,1.0,1090016739
357,97,5.0,1224394952
456,140,3.5,1057859927
192,74,3.5,1370798545
52,175,4.5,1223044250
269,60,4.0,1676154682
95,66,4.0,1021747976
301,49,3.5,1084974880
379,175,3.5,1068440645
348,113,4.5,1186989024
399,73,4.0,1091757187
475,194,5.0,1408417026
127,28,3.5,1310292761
480,81,4.5,1307218636
151,187,3.5,1243324462
192,19,4.0,1237521799
180,200,4.0,1517283463
426,5,3.0,1584563090
199,173,2.5,1123786953
154,73,4.5,1319234079
28,130,4.0,1698760980
27,3,5.0,1553214143
162,124,3.5,1369355354
410,55,2.5,1201277126
27,141,3.5,1004347497
399,175,4.5,1646007115
386,79,1.0,1251976699
267,87,3.5,1633517107
149,81,4.5,1638296917
146,21,4.0,1173557768
12,131,3.0,1306419891
131,89,2.0,1274552834
420,119,3.5,1531597091
421,10,2.0,1020874832
211,156,4.5,1064413813
498,23,3.5,1326052578
144,100,5.0,1598292674
464,194,1.0,1452034876
455,28,3.0,1493016465
326,123,4.5,1118700786
341,55,5.0,1380609583
16,109,4.5,1527819791
393,38,2.5,1015377877
23,169,3.0,1357824408
70,29,1.0,1246517440
202,167,3.5,1473958413
92,164,5.0,1351641966
92,75,3.5,1597567091
173,131,4.0,1366718324
86,153,4.0,1544650218
269,67,3.0,1310914865
368,34,0.5,1309199583
181,4,5.0,1646594536
402,114,4.0,1117673364
401,106,2.0,1441253271
181,83,4.0,1393808955
311,60,3.5,1283157139
394,109,5.0,1556850325
84,4,4.0,1140928835
2,24,4.0,1241244815
183,66,3.5,1175462036
429,153,2.5,1628525373
497,160,4.5,1630607508
100,16,3.5,1081166824
385,109,2.5,1337015434
288,37,2.5,1088389156
497,85,2.0,1146046229
353,191,5.0,1620606675
32,28,5.0,1283196842
479,124,5.0,1341270036
329,19,4.0,1341254048
238,103,3.5,1017260272
173,181,3.0,1675272336
191,74,2.5,1013180195
399,59,5.0,1073159821
229,37,2.5,1347605637
67,88,2.5,1011449428
364,91,3.5,1503684645
285,125,3.5,1449307982
38,95,4.0,1668859780
421,73,2.5,1572576279
38,23,1.0,1382431068
90,3,3.0,1489359007
215,109,3.5,1381372005
272,141,3.0,1147376985
277,65,3.0,1492589656
385,158,3.0,1551662237
287,67,2.0,1068685213
89,64,5.0,1226800772
189,58,5.0,1426322691
105,58,5.0,1128064690
129,44,2.0,1628266985
433,117,4.0,1244899720
422,48,3.0,1611652406
489,103,3.0,1646233714
396,104,2.5,1311766364
92,122,5.0,1628555115
24,172,3.0,1496155730
119,40,2.5,1146634988
321,131,3.5,1539687349
187,181,4.5,1289758446
69,68,3.5,1026491324
256,194,4.0,1366036033
40,179,4.5,1003686035
175,194,2.5,1439278283
306,36,3.5,1110766193
159,149,2.5,1508557500
300,116,2.5,1436242211
264,50,5.0,1535995987
226,15,3.5,1513807276
351,18,2.0,1649082467
126,16,3.5,1496375085
432,146,2.0,1134196084
207,38,3.0,1606405393
201,183,2.5,1172595909
97,195,4.0,1588566368
380,70,5.0,1424389521
324,159,3.5,1222186482
402,18,2.5,1535739327
433,49,3.5,1424662561
463,75,5.0,1160537159
42,58,4.0,1528323314
101,196,3.5,1538728074
44,118,1.0,1041318383
322,166,3.5,1151580073
298,118,4.5,1528674862
210,6,4.5,1294754333
100,91,5.0,1066105735
106,66,2.5,1536429607
239,95,3.0,1401080006
147,97,3.5,1590933835
465,49,4.5,1692598612
279,44,3.0,1001377947
66,97,4.0,1594368570
75,48,3.0,1191004495
321,17,2.5,1411456495
428,68,5.0,1200527177
426,48,4.0,1637171637
408,90,4.5,1437094101
368,148,3.5,1655285510
480,84,4.5,1690535747
343,13,2.0,1106448225
304,188,2.5,1499803944
235,125,4.5,1553626677
259,11,3.5,1289976077
218,106,3.0,1050044587
416,158,2.5,1619605296
141,21,4.5,1577292606
256,167,5.0,1584684240
241,9,4.0,1495338540
82,20,3.0,1033382215
156,145,5.0,1624073465
18,134,4.0,1673140742
447,66,3.0,1510896582
480,125,5.0,1161103364
362,3,3.5,1129913812
169,129,2.0,1208159088
29,143,3.0,1535770311
173,49,4.0,1170185734
266,171,2.5,1265095553
219,197,1.5,1638407338
175,87,5.0,1415728011
417,159,5.0,1690850411
402,130,3.0,1668417122
196,57,2.5,1459233867
104,197,2.0,1338183641
407,56,2.5,1345558757
148,9,1.5,1518326981
402,57,2.0,1053869714
16,50,3.5,1564023871
334,35,1.5,1028076890
12,113,1.5,1590517128
133,94,3.5,1037892145
325,159,3.0,1446754313
278,162,4.0,1221104073
160,54,3.0,1249110752
443,16,3.5,1121628753
191,110,4.5,1672147637
412,104,3.0,1453755401
500,185,4.5,1190608262
156,164,3.0,1501625066
98,33,2.5,1176962357
273,51,2.0,1147987781
59,44,1.5,1136535486
496,189,2.0,1434951912
233,95,1.5,1312759018
192,72,2.5,1439527969
138,180,4.5,1227602474
85,37,3.5,1637333885
36,59,3.0,1621937796
368,55,2.5,1203354514
12,99,3.5,1580722288
9,10,3.5,1051364493
2,131,2.0,1489526026
180,166,4.0,1349954206
85,174,3.0,1490314689
326,149,4.0,1177977597
337,79,3.5,1296815917
149,70,2.0,1622828254
44,120,5.0,1630795882
177,62,3.5,1238033427
418,138,3.0,1069912852
469,164,4.0,1073378788
188,100,2.0,1598550584
29,28,1.5,1440660536
40,32,4.0,1430002244
2,34,5.0,1016379077
6,155,4.0,1386384591
301,99,4.5,1625389755
342,176,2.0,1544302742
320,67,3.0,1004959278
490,87,2.5,1187480997
367,130,4.5,1154340851
185,10,4.0,1038721231
244,196,4.5,1633026802
10,8,3.0,1044023987
439,44,2.0,1183000562
29,93,5.0,1138970860
75,140,3.5,1021069831
354,197,5.0,1374255775
180,186,3.5,1009054677
403,33,5.0,1095178756
341,74,5.0,1327048570
273,178,3.5,1297513340
184,199,3.5,1632910769
410,175,3.5,1511619979
279,104,2.0,1306826923
137,63,3.0,1670127939
325,115,3.0,1489175994
113,60,4.0,1485448329
54,21,2.5,1299881627
374,191,3.5,1043526916
8,26,3.0,1183249883
476,180,3.5,1015462046
376,81,5.0,1691679354
141,66,5.0,1097159446
220,84,2.0,1044505948
350,50,3.5,1503387668
359,181,3.0,1669834113
93,9,2.5,1439905046
1,17,5.0,1689394570
113,143,3.0,1609982069
305,161,3.0,1263387258
319,33,5.0,1355382984
460,125,4.5,1017598764
471,106,3.0,1195661193
73,68,4.5,1661590618
68,36,3.0,1506468944
423,75,3.5,1148033751
94,96,2.5,1054427648
23,145,0.5,1604755193
346,56,2.0,1155924613
89,65,2.0,1550618187
359,120,4.0,1525544047
157,169,3.5,1540148473
312,115,5.0,1020558090
112,34,2.0,1684800465
387,13,5.0,1274735199
143,133,5.0,1361425648
310,70,3.5,1589674771
454,38,2.5,1130186019
156,172,2.5,1505369946
75,123,3.5,1205248494
183,69,5.0,1374825226
325,167,3.5,1628078865
17,117,1.5,1390300769
280,106,5.0,1445749913
185,103,3.0,1161299325
190,196,5.0,1214961285
371,45,4.5,1388420138
270,10,3.5,1008023219
13,115,4.5,1599468287
163,67,2.5,1316189425
66,172,3.0,1452304607
294,47,3.0,1429797196
291,9,3.5,1621815412
302,133,4.0,1594965037
500,120,4.0,1257110696
17,36,1.5,1086021260
128,19,3.0,1507685589
382,179,3.0,1333837024
214,20,4.0,1561627040
156,84,2.0,1237349474
338,107,4.5,1675416858
84,145,2.0,1443444485
127,58,4.0,1077777148
349,116,5.0,1575396586
84,53,2.0,1573408027
74,151,4.0,1550746908
40,139,3.5,1268793801
94,198,2.5,1405549379
156,121,2.0,1679681765
442,95,2.5,1249927420
416,41,2.5,1504493810
455,154,3.5,1107848744
340,106,3.0,1199008617
3,160,4.0,1011479411
111,144,4.5,1236877215
377,2,1.5,1076380868
122,69,3.0,1686620024
375,168,2.5,1222544623
258,182,2.0,1502583617
374,195,1.5,1024577960
155,179,1.5,1055038506
332,167,3.0,1159353889
227,111,4.0,1141688833
427,98,4.0,1385532653
355,168,2.0,1319253511
410,78,2.0,1621775648
84,38,4.0,1355962385
259,83,3.0,1374961727
489,49,4.5,1065647164
73,72,2.0,1438222056
266,55,1.5,1195679453
388,134,4.0,1447537941
41,87,1.0,1575114790
402,179,2.0,1191734557
225,11,2.5,1419462788
198,185,3.0,1623905646
454,122,4.0,1587363609
113,43,2.5,1321721463
49,118,5.0,1119404606
111,12,1.5,1533277864
434,50,3.0,1117515536
88,4,4.5,1219052689
17,78,4.5,1597143920
99,24,0.5,1241631703
416,31,5.0,1606848294
177,163,3.0,1113406880
1,168,4.0,1262644695
198,21,3.0,1489930186
67,81,5.0,1321344135
14,141,5.0,1078122521
117,30,5.0,1622552651
126,179,4.0,1119679522
438,57,4.5,1133865272
164,80,2.0,1408649934
11,149,3.0,1694062244
132,167,4.5,1335001309
232,92,4.0,1300816260
140,124,3.5,1252465424
74,53,2.5,1685367769
387,96,5.0,1520534097
404,177,5.0,1516923928
471,116,5.0,1616873320
331,112,4.0,1638256221
426,121,3.5,1523796260
363,63,5.0,1569852865
149,91,4.5,1428163829
266,166,2.5,1457796472
425,84,4.0,1673744167
69,79,4.5,1563053225
25,165,2.5,1686089043
445,78,4.5,1462985162
183,147,4.5,1267371245
113,4,3.0,1697688926
181,158,2.0,1360843562
158,147,4.0,1224772803
454,117,5.0,1145477503
466,98,4.0,1314903195
120,5,4.5,1635876962
161,88,2.0,1672032060
431,53,3.5,1164519776
195,76,3.5,1011839114
483,53,2.5,1615457031
13,68,4.0,1224720132
170,110,4.0,1578460168
422,31,3.0,1249224234
371,149,3.5,1433112159
93,4,5.0,1227889675
49,98,3.0,1044299238
454,88,2.0,1148300177
442,135,2.0,1116852182
73,22,4.0,1347540107
26,87,0.5,1097762590
63,147,3.0,1325324554
466,163,2.5,1120838426
386,114,3.5,1047878676
26,131,3.5,1452976585
29,149,4.0,1160832249
59,103,4.0,1682130988
16,68,5.0,1662924974
202,16,3.0,1482213144
465,1,2.5,1094833740
209,9,4.5,1148076351
422,174,1.5,1643441349
16,17,4.5,1618181886
379,48,3.5,1347559579
455,33,4.0,1149325715
461,37,4.0,1540283907
419,43,3.5,1574574675
161,185,3.5,1430964420
473,136,2.0,1198392021
394,122,2.5,1370475799
285,143,5.0,1437172203
154,83,4.5,1331338384
72,42,5.0,1176139140
106,194,3.0,1530206776
123,185,3.5,1324859033
103,42,4.0,1188827235
39,74,5.0,1068644551
284,152,3.5,1095495112
336,8,4.0,1185631671
146,66,4.5,1540065287
25,7,4.5,1072030143
50,57,3.5,1655080388
199,28,5.0,1290510769
148,83,2.0,1138196603
19,55,2.0,1476202934
230,198,4.0,1553589005
394,68,4.0,1454559578
253,102,3.0,1068023834
482,136,3.0,1025951743
239,110,3.0,1678230427
399,125,2.5,1187798505
12,50,3.5,1693442823
419,141,1.5,1346554170
151,111,5.0,1612864448
155,160,4.0,1290196539
262,76,5.0,1008989775
369,200,3.5,1296899638
224,42,3.5,1164211293
302,139,3.5,1654092714
380,150,2.5,1434934890
400,21,2.0,1208492038
257,162,2.5,1457759252
429,132,3.0,1028221179
65,59,2.5,1676780362
51,71,5.0,1621293668
166,67,2.5,1140293334
82,190,4.0,1252403934
247,185,4.0,1410211537
448,52,5.0,1206454103
329,148,4.5,1272714816
189,56,3.5,1139078909
314,176,5.0,1539190129
305,127,2.0,1341793285
415,16,2.5,1624265509
317,133,4.0,1114350506
245,20,3.5,1492489016
344,9,4.5,1273848010
313,102,3.5,1453938752
67,115,4.0,1665714939
182,37,4.5,1123312822
317,167,3.5,1690868517
208,3,4.5,1605984258
210,91,2.5,1379695282
147,39,2.5,1690415804
176,200,4.5,1634523201
154,64,3.5,1013821554
333,137,3.5,1254319317
366,104,2.5,1235519405
461,46,3.0,1651531885
178,108,4.0,1041920694
101,73,3.0,1230916119
130,28,2.5,1666917981
436,134,2.5,1568041727
427,31,2.5,1143511398
316,95,3.0,1118861295
473,31,3.0,1548373543
246,172,5.0,1649913114
82,166,4.5,1037903908
205,36,4.0,1112284661
495,199,5.0,1009189067
97,17,3.5,1656241544
372,80,4.0,1197657810
433,45,4.0,1540077969
215,154,4.0,1513370918
461,171,2.5,1097033674
168,133,3.0,1473868234
424,173,2.5,1305211677
179,69,4.0,1289111315
56,69,3.5,1513364110
313,99,1.0,1643679992
310,109,4.0,1161833279
181,126,4.0,1129283446
289,55,5.0,1488804248
170,123,4.5,1498781762
401,186,5.0,1176266474
480,52,2.0,1609153817
361,184,5.0,1443321051
143,115,3.5,1382368893
428,37,2.5,1252656389
275,179,0.5,1010737866
483,16,5.0,1152872208
203,40,3.0,1631385261
381,85,3.5,1289471284
402,164,4.0,1572483821
241,21,5.0,1282517347
398,200,3.0,1191682525
121,54,3.5,1063373187
182,177,4.5,1688011725
206,83,3.0,1351797659
166,98,2.5,1409747526
395,179,1.0,1520703631
242,183,5.0,1006378852
461,121,4.0,1400502362
436,98,4.0,1695360157
197,105,3.0,1554091214
10,162,4.5,1151166520
257,55,3.0,1004611639
428,137,3.5,1180478078
321,52,3.5,1260587025
349,140,5.0,1410049610
143,122,4.5,1295201261
455,106,2.5,1359369091
365,188,4.0,1260197122
7,2,3.0,1279885756
381,88,2.5,1274329037
63,181,4.0,1341694771
69,93,3.5,1241147458
99,200,2.0,1538344570
299,194,3.0,1642132254
424,197,4.5,1299996212
44,47,4.0,1335522236
286,171,4.0,1052749432
8,31,5.0,1482322105
26,138,4.5,1387551006
394,115,3.5,1492978104
213,86,3.0,1195413747
435,188,2.5,1459834249
412,185,3.0,1275739537
429,71,1.5,1529804139
104,15,2.0,1082811683
314,180,4.5,1628924722
191,87,5.0,1235515538
93,149,3.5,1062214480
225,164,2.5,1074389351
194,170,0.5,1475103114
152,16,5.0,1608248324
289,106,2.0,1593762220
209,170,1.5,1286640300
136,185,3.0,1643888235
306,3,3.5,1291504155
450,67,3.5,1584766196
453,87,2.5,1403246344
88,130,4.0,1149440826
188,99,3.0,1184503900
154,143,3.0,1452996248
4,47,3.0,1323914055
216,166,2.5,1346069906
282,6,2.0,1540225153
373,111,2.0,1404168709
236,57,2.0,1075824188
341,19,4.0,1250684161
318,37,4.0,1417013170
434,97,3.0,1053151058
400,101,3.0,1445500684
496,66,5.0,1173523760
443,83,4.0,1664998664
388,194,5.0,1467399318
98,98,3.0,1094390756
136,30,2.0,1087673543
341,192,4.5,1501134735
309,44,3.5,1052592344
417,27,2.5,1633268088
404,87,4.0,1497956234
367,45,2.5,1240585122
161,35,4.5,1465179857
81,167,4.0,1669154666
82,13,3.0,1034270173
145,172,1.5,1284809787
10,20,2.5,1159445020
117,104,5.0,1395075224
438,77,5.0,1669520622
210,142,5.0,1214019076
391,112,4.0,1343234171
328,122,2.0,1218071646
10,52,5.0,1391733764
63,169,3.0,1452830292
221,146,2.5,1069498905
451,14,4.0,1217760582
347,131,5.0,1078742625
177,138,3.5,1626446205
346,75,3.5,1011896043
184,79,1.5,1011528005
314,90,3.5,1087343748
150,90,4.5,1430145062
494,148,3.5,1437701370
277,84,3.5,1174021233
80,93,4.0,1246759891
168,27,2.0,1576857028
330,14,1.0,1318940773
224,60,3.5,1445958882
475,39,3.0,1147958525
421,25,4.0,1359877368
240,46,5.0,1054781208
340,98,5.0,1401397405
343,53,1.0,1550199809
138,169,5.0,1132350721
387,164,4.5,1391011691
360,34,3.0,1260422746
198,27,5.0,1072988255
50,84,0.5,1463604922
164,172,3.0,1272187651
263,50,3.5,1401801261
73,80,3.5,1632578010
496,82,5.0,1134843237
418,134,5.0,1553289635
432,37,4.5,1576841280
36,175,3.0,1688916706
349,127,4.5,1499648203
203,167,3.0,1277597302
461,124,4.5,1020790225
416,45,2.5,1000668909
153,123,4.0,1215561316
12,124,2.0,1656571158
12,60,4.5,1664486221
425,180,3.0,1124323322
213,174,2.0,1250741291
286,128,2.5,1491546624
316,111,3.0,1288842458
116,157,2.5,1444846807
216,45,4.5,1500060097
481,58,3.0,1404035468
429,18,4.5,1415282074
493,34,3.0,1240644462
16,186,4.5,1528593519
160,9,3.5,1322619364
125,101,3.0,1321439636
93,51,2.5,1269406508
485,40,3.5,1412863487
4,200,4.5,1615183429
146,164,2.5,1278797160
345,91,3.5,1492408235
104,13,3.0,1664069306
444,179,5.0,1125882525
422,16,4.0,1588488329
435,38,3.5,1431975680
307,21,3.0,1002135945
500,52,4.5,1548739535
254,54,3.5,1029793865
142,42,3.5,1381967214
320,182,3.5,1160010253
73,167,2.0,1213513346
214,99,5.0,1642813123
397,191,4.5,1467122855
63,193,3.5,1621140896
65,34,3.5,1578659539
435,196,2.5,1666253518
10,7,1.5,1061542507
475,112,2.5,1630757122
214,8,5.0,1168809078
32,192,3.0,1612739802
214,64,5.0,1245903524
397,142,3.5,1465721497
187,136,2.5,1005261223
318,1,2.5,1209151530
218,98,4.0,1290115186
133,92,1.5,1461742429
239,172,2.5,1219207211
152,143,3.0,1022716115
254,120,4.5,1150717894
292,9,4.0,1250149613
237,75,3.5,1068729569
103,193,4.0,1400991449
237,12,4.5,1502715637
327,23,3.5,1187087160
177,164,2.5,1697377643
123,80,3.5,1299642504
204,17,2.5,1096262603
162,21,1.0,1086861317
69,132,3.5,1461270649
448,37,4.0,1043527634
490,86,4.0,1610804531
19,190,4.0,1127307589
35,69,5.0,1086046201
201,47,2.5,1364687280
237,142,3.0,1217555152
384,149,2.0,1603260764
248,148,4.0,1058528150
107,23,5.0,1091474000
473,185,3.0,1179072916
292,191,4.5,1593242549
332,42,2.5,1466316301
307,170,4.5,1062419634
206,147,1.0,1329142205
280,28,5.0,1387351953
459,125,2.0,1128520701
125,1,3.5,1019494318
72,121,5.0,1000247889
432,196,2.0,1449264307
128,85,5.0,1649220056
321,200,5.0,1296288496
385,143,4.5,1530407588
114,185,3.5,1057427416
161,91,3.5,1037448733
14,134,4.0,1476298083
495,142,4.5,1115534282
229,43,1.0,1241811759
157,151,3.0,1182481690
120,199,3.0,1556372965
228,106,2.5,1110915507
196,97,2.5,1394971849
96,120,2.0,1450394570
115,77,5.0,1616790315
173,14,3.0,1542759366
17,143,3.5,1355055484
380,176,3.0,1600461837
306,37,3.0,1095246280
393,68,4.0,1092713781
359,141,3.0,1062673243
210,186,4.0,1331400620
430,162,5.0,1401164693
468,141,2.0,1599643515
71,114,4.0,1476042300
2,85,4.0,1492542481
435,83,2.0,1398346981
424,46,4.5,1399245512
29,26,3.0,1481336977
148,94,5.0,1390092856
414,70,4.5,1516241492
226,64,3.5,1348621512
62,13,3.0,1092966529
414,25,5.0,1369753101
471,131,3.0,1265823146
250,60,4.0,1367815028
320,82,3.5,1216847430
286,15,5.0,1301245179
219,109,5.0,1172582118
256,77,4.0,1022057483
46,43,3.0,1253421318
355,175,3.5,1659362884
428,112,2.0,1320009326
335,31,4.0,1473994086
276,31,2.5,1687547637
33,83,5.0,1617627606
430,50,3.0,1530927713
9,129,4.5,1515812120
228,88,5.0,1075126081
32,148,4.5,1422263602
13,177,3.0,1428909217
77,105,3.0,1443191804
273,185,5.0,1436749230
392,133,5.0,1273781111
381,77,4.0,1039390879
111,44,3.0,1033548156
490,22,2.5,1193534091
181,153,3.0,1573345532
482,137,4.5,1208484754
384,139,5.0,1121513125
311,23,3.5,1454174985
101,1,5.0,1204928354
42,184,4.5,1641175080
31,7,3.0,1605021412
474,149,4.5,1168107231
275,85,4.5,1577134327
203,157,4.5,1127723718
113,34,3.0,1382162633
224,71,4.5,1521341482
87,177,5.0,1686773925
420,54,4.5,1456851610
244,92,5.0,1426797855
391,49,3.5,1309054066
60,159,5.0,1044922694
348,36,5.0,1248524569
426,187,3.0,1369667641
42,10,2.0,1171878731
44,191,5.0,1199362039
193,115,3.0,1394360501
445,161,2.5,1536838769
247,29,4.0,1310322617
5,63,3.0,1489848063
135,1,1.0,1042428831
451,91,4.5,1046945369
444,68,4.5,1623244224
247,54,2.5,1109527909
493,140,3.5,1038210565
397,180,2.5,1518549221
21,48,2.5,1437388168
391,46,3.0,1674379091
500,15,4.0,1131303398
370,14,5.0,1544672407
149,123,3.0,1521667854
56,66,4.5,1404073185
214,157,4.5,1453357630
476,72,1.0,1662807391
131,191,2.0,1509281812
446,68,5.0,1527812862
390,57,3.0,1045302496
18,113,4.0,1063682685
204,77,4.0,1151307018
77,29,1.0,1111947863
492,112,2.5,1694412678
158,89,4.5,1557519536
178,189,2.5,1190435968
253,148,3.0,1091584831
301,152,2.0,1623211417
273,97,2.5,1479564412
26,88,3.0,1006652425
372,165,1.5,1507185951
134,61,5.0,1277244271
35,175,2.0,1192174330
119,189,3.5,1038220569
247,112,2.5,1232857830
182,119,5.0,1039221065
336,24,2.0,1634953655
99,191,2.5,1070709859
77,177,2.0,1682820102
178,73,0.5,1031826403
394,19,4.0,1477374682
35,86,3.5,1497061643
3,26,4.0,1685240495
431,131,4.5,1072986392
333,43,3.5,1472503720
348,128,3.0,1386688009
119,2,4.0,1075440893
169,103,3.0,1666975911
421,36,5.0,1347943842
288,133,3.0,1315840420
212,87,3.5,1184392294
38,138,4.5,1455122959
269,148,5.0,1551411015
188,21,2.5,1666974752
263,88,2.0,1297982900
137,157,3.0,1262219298
22,35,2.5,1476090699
113,150,4.5,1557083664
466,51,3.5,1471694705
406,146,2.0,1149911956
493,149,4.5,1218971034
369,91,5.0,1257631819
112,190,2.5,1550306223
62,115,4.0,1032664107
79,87,1.0,1102725027
197,51,3.0,1006435864
114,195,4.0,1398720200
120,196,3.5,1450050350
163,193,3.5,1555023638
303,111,2.5,1163806282
39,111,5.0,1661037327
98,175,3.0,1164654715
106,146,2.0,1543814193
474,51,3.5,1475314174
336,90,4.5,1243662348
264,127,4.0,1349999439
375,154,3.0,1529572597
213,145,5.0,1138977393
351,43,3.5,1150960982
460,102,1.5,1062002072
281,2,4.0,1246712234
117,177,3.5,1126721527
73,69,3.5,1595336130
271,182,4.5,1001636190
66,42,3.0,1313672608
321,86,3.0,1487630882
138,113,2.0,1340481291
61,127,3.0,1306853751
394,76,4.0,1356349620
467,42,3.0,1325199021
373,8,1.5,1388092205
229,9,4.5,1073983930
12,142,4.5,1201358138
198,1,4.5,1351337377
313,13,2.5,1274256276
401,125,3.5,1450779857
117,63,4.0,1163248839
113,72,4.0,1698967009
275,152,4.0,1156631885
99,43,2.0,1568891538
233,87,5.0,1664946387
432,143,2.0,1070210947
400,32,1.5,1326538085
133,156,0.5,1252241439
467,35,4.5,1017449115
291,98,5.0,1380999097
313,79,2.5,1415227081
450,130,1.5,1270593762
342,84,4.5,1433430669
386,95,2.0,1095207527
32,95,4.0,1471904209
258,78,2.5,1461987124
251,21,3.0,1480366699
467,164,4.0,1689868235
307,19,4.0,1283229993
276,15,3.5,1446435107
122,167,5.0,1690158104
371,59,5.0,1419094451
139,160,5.0,1655869156
481,119,3.5,1518795890
423,6,3.5,1324287165
58,145,5.0,1155637256
224,5,2.5,1216837738
61,4,3.0,1363874018
489,100,3.5,1506492636
58,168,3.5,1211256724
422,156,3.0,1287297716
465,8,2.5,1535937664
70,89,4.5,1651822878
146,141,3.0,1271443330
262,23,3.5,1006895731
253,143,3.5,1019276246
308,192,4.5,1111171239
218,180,4.0,1198955011
483,69,3.0,1333387769
459,168,3.0,1212506821
493,95,3.5,1079472843
500,192,2.0,1116858251
127,3,2.5,1447292793
286,50,4.0,1329742909
287,187,4.0,1570602054
287,21,2.5,1564651481
312,112,3.5,1692320943
220,65,1.5,1583411384
13,102,3.5,1012859959
372,140,3.0,1296948620
8,86,5.0,1483371443
483,8,4.0,1549390888
196,110,2.5,1616314826
437,145,2.5,1113156838
310,132,4.5,1034050222
199,125,4.5,1512896832
105,69,5.0,1290945632
54,159,5.0,1106170350
113,130,4.0,1545396451
266,197,5.0,1552422435
87,3,3.5,1307327140
445,133,3.5,1170472351
24,50,2.0,1126334363
448,179,5.0,1556347694
457,165,3.5,1558220998
155,129,3.5,1135893839
436,4,2.5,1399397791
453,166,5.0,1397224343
255,6,4.5,1666718221
194,79,2.5,1640132526
55,91,4.0,1161718272
213,70,4.5,1484342585
310,200,2.0,1027779718
259,118,4.5,1432544209
346,197,4.0,1180526590
279,128,4.0,1373173362
2,93,5.0,1531786303
42,153,5.0,1287337745
366,198,5.0,1695973310
82,181,4.0,1061355313
172,52,4.5,1343256387
427,116,4.0,1152199770
264,130,5.0,1441217421
419,57,3.5,1112653036
188,36,3.0,1344075575
465,64,4.0,1168628237
329,50,5.0,1504493225
145,157,2.5,1583313516
96,61,2.5,1282505029
137,62,2.5,1367785789
319,142,2.0,1620333098
135,61,2.5,1182741349
343,171,4.5,1220377562
19,111,4.0,1048729394
470,106,2.0,1443993840
255,90,4.5,1183038848
388,39,4.0,1698521679
347,8,4.5,1146932205
471,89,3.0,1344921346
440,103,2.0,1593091911
192,83,4.5,1517346127
365,189,4.5,1201599086
144,17,2.0,1386135553
22,133,4.0,1572609052
368,32,3.0,1170982159
83,80,4.5,1484367580
274,20,4.5,1181918302
472,28,5.0,1179524329
367,50,2.5,1279340426
31,87,2.5,1417740255
441,143,3.0,1585380887
330,129,3.0,1222981970
480,186,4.0,1168061769
360,64,2.0,1689697461
306,102,5.0,1677535984
188,184,5.0,1116143455
482,167,5.0,1438381398
290,72,4.0,1545480029
286,106,3.5,1412147805
352,187,3.5,1393448774
482,99,2.5,1182806223
482,57,3.5,1532697002
406,137,4.0,1427380788
375,67,2.5,1026751345
371,185,5.0,1357076864
73,161,3.5,1023046753
453,52,2.5,1642770364
156,42,3.5,1650807925
36,52,3.0,1221310241
199,27,2.5,1030865212
63,21,5.0,1249907557
21,98,3.5,1311961660
290,186,4.5,1214058235
117,118,4.0,1632271607
149,156,4.0,1506835719
481,66,3.5,1540800180
210,143,3.0,1543720990
148,179,5.0,1426220756
206,63,4.5,1192321689
345,4,3.5,1252209630
274,196,4.5,1305880510
335,181,5.0,1203125013
167,147,4.0,1144708024
384,8,5.0,1551582311
193,1,3.0,1345344856
320,86,2.5,1377280666
126,14,3.0,1346072841
333,186,3.5,1125397795
206,183,5.0,1170985084
102,57,3.0,1243637932
399,82,4.0,1435420789
285,152,5.0,1636131277
289,158,4.0,1659183929
270,122,3.0,1110577234
186,111,2.0,1283951697
23,46,5.0,1354093078
284,158,2.0,1266437255
104,73,3.0,1181863729
490,200,3.5,1287163791
384,166,5.0,1530365016
259,63,4.5,1643267935
294,193,3.5,1649913200
324,82,5.0,1020579538
123,123,5.0,1268101201
388,142,3.0,1000682079
380,18,3.0,1228902320
54,7,4.5,1679384423
129,72,5.0,1323036208
350,190,2.5,1061938693
461,73,1.5,1539341650
494,18,4.5,1550670858
464,3,5.0,1004674942
232,10,3.5,1067638066
380,24,5.0,1588244912
420,87,2.5,1005029975
269,170,2.5,1412632128
393,169,2.5,1687194765
156,90,3.5,1255051125
118,112,3.5,1037540504
38,15,2.5,1410093947
190,180,5.0,1165290722
43,68,4.0,1183602103
97,28,2.5,1301362310
59,145,4.0,1464711690
281,126,3.0,1562396361
311,126,3.5,1193217392
344,60,4.5,1223835555
273,177,4.5,1278756805
391,187,4.5,1020850995
54,189,3.5,1493744708
52,136,2.5,1660928070
139,87,3.0,1645553934
420,194,3.5,1276608500
240,38,5.0,1632153600
401,154,3.0,1304607114
218,181,3.5,1612463113
246,74,2.0,1313346046
433,163,4.0,1450857106
192,188,3.5,1199943029
392,54,3.5,1382624041
227,87,4.5,1324222557
295,60,2.5,1679614833
61,162,5.0,1264864637
340,77,2.5,1555687144
87,199,5.0,1102662267
28,86,1.5,1067890586
423,168,4.0,1230682379
357,162,4.0,1637306237
423,110,3.0,1381549665
248,183,4.0,1268147647
390,53,3.0,1507292529
41,13,4.0,1169300645
227,160,4.0,1399825465
366,108,5.0,1105941471
453,89,2.0,1199966673
43,91,3.5,1131242349
484,123,3.0,1213883637
175,37,3.5,1028906397
61,49,3.5,1113418578
350,55,3.0,1327572775
359,3,3.0,1352565341
357,195,4.5,1241439074
175,104,3.0,1508384323
308,51,3.5,1076404884
497,103,3.5,1241674244
237,146,2.5,1320356597
308,106,4.0,1477969145
157,70,2.5,1378332122
93,91,4.0,1495428027
500,22,4.0,1585507102
480,119,3.5,1068679896
97,72,2.0,1002270032
202,142,3.5,1531429357
163,22,2.5,1169738574
378,129,3.5,1128402294
481,121,4.5,1253784009
441,105,3.5,1697726625
185,100,5.0,1507236523
240,135,4.0,1540689258
222,47,4.5,1582583602
12,3,4.5,1563587224
363,144,5.0,1591196646
154,115,2.0,1124847853
62,74,3.0,1076670955
100,75,3.5,1621022889
426,123,4.5,1139366810
391,135,3.5,1072877476
1,133,3.5,1594426166
205,82,4.5,1311484197
261,38,3.0,1106915489
379,58,3.0,1045126300
385,159,4.0,1261592751
381,46,5.0,1072705100
411,40,3.5,1605454381
77,14,2.5,1357215012
70,137,3.0,1072239862
65,95,3.0,1097536735
483,137,5.0,1036025558
180,144,3.0,1463050828
114,18,4.0,1145201136
478,107,3.5,1368687153
214,147,2.0,1015538282
427,6,3.0,1017744569
213,187,0.5,1191045406
231,175,3.5,1615528945
343,79,4.0,1552878904
111,182,2.5,1318368035
47,197,3.0,1015664082
192,42,2.0,1634776087
52,171,1.0,1517615316
105,158,1.5,1219875004
181,40,4.5,1093514218
101,178,3.0,1302897275
463,31,4.0,1415314885
220,189,5.0,1043059483
275,27,4.5,1386685772
119,175,4.0,1461126113
166,119,3.0,1196211935
351,117,5.0,1569741045
240,167,5.0,1170783821
122,16,4.5,1661887583
339,134,3.5,1087652420
269,104,2.5,1318660471
235,165,5.0,1367757389
29,73,4.5,1373034129
138,135,3.5,1655401034
452,186,3.0,1584537938
489,63,2.0,1413259650
50,90,4.5,1328834716
207,107,3.5,1666743894
20,177,4.0,1690181881
389,42,4.5,1052196093
189,132,4.5,1008008745
476,196,2.5,1091511610
371,95,3.5,1512473680
391,34,4.0,1438974315
16,73,4.0,1479381487
470,179,1.5,1159034487
212,135,2.5,1382484353
490,27,4.5,1619339616
383,35,4.5,1629321797
247,99,5.0,1423003741
113,69,1.5,1568954491
181,61,4.5,1001726596
292,41,4.0,1366537949
347,134,2.0,1229449794
216,118,1.5,1581400507
402,166,4.5,1505243878
250,98,2.5,1309928603
74,138,2.0,1224210816
220,122,4.0,1405836390
405,74,3.5,1157169257
462,115,4.0,1109852466
276,136,4.0,1655852059
464,86,5.0,1097285881
286,8,4.5,1017397745
331,14,4.5,1140904221
369,10,2.5,1383106055
218,43,5.0,1468754906
323,194,3.0,1424659197
192,49,2.5,1133590568
408,108,3.0,1670444184
208,120,4.0,1567446074
381,190,3.0,1670145740
294,78,2.5,1406793382
189,65,2.5,1469974342
53,179,3.5,1174078835
355,179,4.0,1280501973
296,125,4.5,1178969005
88,197,1.5,1053635180
318,82,2.5,1205837684
342,107,4.5,1222145267
353,160,3.0,1231747861
252,164,3.5,1658945214
128,185,5.0,1139504282
119,153,1.0,1400700436
266,175,3.5,1214989748
244,19,4.5,1618976930
43,58,2.5,1288178734
479,154,3.5,1429352497
303,11,2.0,1246836598
26,157,4.0,1478211694
221,49,2.5,1439956199
446,160,3.0,1458981156
153,57,4.5,1498408104
198,110,4.0,1438129632
479,116,4.5,1115525308
119,171,5.0,1493405746
318,27,3.5,1375263972
109,86,5.0,1334735217
20,27,3.5,1177244904
109,193,5.0,1335894972
216,143,3.5,1609376717
99,55,4.5,1119551117
376,101,3.0,1371215238
62,172,5.0,1141897843
385,191,5.0,1641336865
299,198,3.0,1699870385
228,66,3.5,1256145439
128,27,2.5,1039024502
88,32,4.5,1002198488
439,49,4.5,1525898139
387,172,2.0,1196780454
31,17,5.0,1201200158
435,191,4.0,1090241175
101,184,3.0,1440660722
79,31,5.0,1479776643
246,146,3.0,1535698893
300,139,5.0,1417627912
80,175,2.0,1158522723
107,175,3.0,1280420887
311,122,3.5,1692282721
16,90,3.0,1578479203
182,189,2.5,1406421924
3,27,3.0,1366583089
28,165,3.0,1460700921
486,13,3.0,1173545900
218,2,5.0,1565148947
270,100,4.0,1489679162
383,107,3.5,1530645306
27,142,4.5,1361592202
236,118,3.5,1495473914
160,100,2.5,1596399339
218,85,1.5,1461703737
143,56,4.5,1548585571
240,62,1.0,1548725626
311,76,1.5,1447980331
233,197,4.0,1524579813
12,27,3.5,1314216395
321,67,5.0,1288383220
123,14,2.5,1210193788
44,36,4.5,1440363059
174,145,3.5,1462313633
8,145,4.0,1140782782
494,35,3.5,1288155769
333,37,4.0,1428174746
474,76,4.0,1456524789
137,50,4.0,1592836363
500,156,2.0,1215003107
314,166,3.5,1176219319
296,132,4.0,1679972007
215,177,3.5,1453060199
483,7,3.5,1158813588
412,187,1.0,1302328408
154,3,5.0,1625774091
136,125,2.0,1514800216
499,13,3.0,1492546083
114,152,2.5,1392643599
141,50,4.0,1306747597
186,101,4.0,1005584365
42,30,4.5,1639380129
473,93,4.5,1424835952
405,150,5.0,1103964567
72,167,3.0,1342158023
462,133,2.5,1559686618
158,140,3.0,1692470719
250,130,2.0,1516591772
117,130,3.0,1624448318
85,48,1.5,1145965074
52,70,2.5,1553362930
447,173,1.5,1327018633
139,133,5.0,1607845943
69,34,3.5,1383083195
14,51,5.0,1163901482
491,52,5.0,1138762535
61,118,5.0,1118353898
74,30,3.5,1623264896
471,163,4.0,1082904338
139,39,2.5,1613580032
358,151,3.0,1243519384
179,56,3.5,1154653635
223,31,1.5,1206133463
270,174,3.0,1526718432
381,65,4.5,1044674154
56,60,3.0,1114734892
166,64,2.5,1588866583
264,194,3.0,1563166439
121,61,4.5,1057670017
421,2,4.0,1034546582
34,169,3.0,1093571552
489,154,3.5,1352284659
101,78,4.5,1062838861
328,125,5.0,1471648573
71,45,3.0,1636496014
371,79,3.5,1108175263
354,42,5.0,1282900282
357,27,4.0,1564725446
68,52,2.0,1696059392
355,8,2.5,1355264836
356,6,2.5,1122627597
453,158,3.0,1485788133
193,51,4.0,1039372566
401,194,5.0,1370877547
438,79,3.5,1178117094
1,182,4.5,1590819697
24,174,5.0,1649253256
419,65,5.0,1122736758
458,182,5.0,1493242093
441,97,2.5,1637317473
66,173,2.0,1171926269
209,160,2.5,1168471484
306,134,3.5,1511395372
317,79,2.5,1497133181
176,23,1.5,1354035334
16,113,2.0,1182597889
333,50,5.0,1143580165
10,75,3.0,1363335073
34,59,5.0,1177690640
168,180,3.0,1346763545
369,51,4.5,1644161355
134,3,3.5,1694615443
100,107,3.5,1419400232
228,192,4.5,1355899757
283,60,3.0,1206744885
371,138,2.0,1092464540
81,112,2.5,1065323823
456,29,2.5,1645537630
415,69,3.5,1450158823
223,151,1.0,1480601548
66,138,4.0,1188914777
311,135,5.0,1436166503
261,46,3.0,1478843268
146,12,2.5,1160728371
467,185,5.0,1029982252
396,7,5.0,1417213991
415,194,4.0,1492538047
339,172,2.5,1450358794
400,60,4.0,1592266621
278,15,2.5,1565880671
457,82,2.0,1354478214
216,154,4.0,1357163186
411,185,3.0,1392789212
348,14,1.0,1030628061
244,18,4.0,1443293588
135,76,5.0,1694166054
298,21,4.5,1638218795
20,45,3.0,1624037866
285,92,1.0,1636409144
19,144,3.5,1513060134
117,145,2.5,1108091027
69,162,2.5,1283252245
407,22,1.0,1014202307
439,133,5.0,1646936578
475,13,2.0,1666656968
467,53,1.5,1195103135
233,43,5.0,1086874851
146,189,3.5,1661391089
194,135,3.5,1286691112
28,3,4.0,1667277852
135,23,4.0,1123843942
283,64,4.0,1566866798
17,134,1.5,1370951098
325,25,1.5,1441104478
137,26,2.5,1655245443
326,143,3.0,1675283548
459,37,3.0,1038100209
66,121,4.0,1636831096
392,84,3.0,1044871937
326,52,2.5,1690614251
419,1,4.0,1464220003
154,145,4.5,1201698125
337,55,2.5,1260639220
39,157,2.0,1128891459
430,12,3.5,1572469035
61,186,3.0,1640219325
221,128,4.5,1691164799
369,77,2.5,1502040413
92,151,2.0,1061761554
377,137,2.5,1058726814
196,15,4.0,1241367101
499,188,3.0,1313899074
93,118,3.5,1276837074
477,107,3.0,1534733653
338,113,4.5,1463229102
271,197,4.0,1551378771
262,178,1.5,1668079484
20,31,4.5,1198995958
30,115,4.0,1427725318
152,127,5.0,1391742336
77,193,3.0,1600776936
66,2,2.5,1578679317
395,111,3.5,1206207716
451,176,3.5,1579248952
187,24,5.0,1351665501
106,54,4.5,1367976572
134,154,3.5,1302722632
223,96,3.5,1515146425
280,197,3.5,1010961957
348,90,3.0,1361201911
288,96,4.5,1672591871
171,7,2.0,1216442838
334,111,3.5,1299095694
258,183,5.0,1303443199
92,12,2.0,1681379169
361,134,5.0,1368766920
465,117,2.0,1035412979
67,129,3.0,1055728602
307,47,4.5,1398800738
372,150,5.0,1661645281
271,50,4.0,1586083101
417,48,4.0,1480128367
388,144,5.0,1434852374
312,171,2.0,1553388296
381,150,1.5,1469099167
87,174,1.0,1441706924
25,151,2.5,1049353487
246,181,2.5,1604325151
211,137,4.0,1676670232
242,184,4.5,1060665693
270,138,4.5,1095481892
363,174,4.5,1231251618
257,191,2.5,1103665964
315,86,4.0,1475734151
498,1,2.5,1053352935
487,70,4.0,1620940528
485,164,3.5,1447705262
133,43,4.5,1588565283
351,163,5.0,1103316085
375,123,3.5,1644893656
287,31,2.0,1414117769
299,18,1.5,1196012288
445,157,2.5,1269870297
140,187,5.0,1523303114
206,178,4.0,1063421070
242,3,4.0,1413825278
66,55,4.0,1689613919
303,40,4.5,1566107854
471,86,1.5,1286630018
83,123,4.5,1109478514
411,119,4.0,1647446815
106,16,2.0,1394824013
353,58,4.0,1669943394
74,51,2.0,1299349863
85,19,4.0,1586693448
316,30,3.5,1471609347
346,86,2.5,1175319474
401,172,4.0,1495547351
212,90,4.5,1390133248
262,3,3.0,1310154633
289,66,4.5,1143578921
466,147,3.0,1662496226
203,140,4.5,1350160249
461,102,3.5,1567728175
417,156,5.0,1587864664
49,137,2.5,1600700235
367,178,2.5,1251161403
463,183,2.5,1442641563
68,110,3.5,1526580404
226,166,3.5,1242922504
460,83,4.0,1016341143
378,43,2.0,1582263443
276,132,2.5,1471004633
82,189,5.0,1272384964
337,179,4.0,1292907034
69,170,4.0,1289260507
474,37,3.0,1300489926
283,100,4.0,1077154386
24,22,3.0,1510762037
69,180,1.5,1458047057
93,27,4.5,1439397518
342,101,3.5,1376284412
134,50,2.5,1120023136
166,195,3.5,1192844646
368,102,3.0,1134854084
391,172,5.0,1695606823
416,164,4.5,1193872890
21,62,2.0,1453321924
452,81,2.0,1635993572
334,199,4.0,1166450346
274,168,3.5,1159320895
47,3,4.0,1617396102
67,2,3.5,1094345729
302,46,2.5,1005016861
155,154,4.0,1145488368
215,27,4.0,1357072435
452,106,5.0,1267337572
486,45,4.5,1446737440
131,160,2.5,1046379784
89,94,4.0,1173573642
47,74,3.0,1006370683
477,127,2.5,1523044427
214,53,1.5,1163843977
86,122,5.0,1387108917
413,191,3.0,1628847096
164,7,3.5,1357298323
52,108,4.0,1584880644
89,44,3.5,1550002158
405,33,0.5,1004368663
318,46,3.5,1461125621
460,8,5.0,1025427230
433,36,3.0,1382696553
136,62,5.0,1691896875
76,75,3.5,1425342866
403,153,3.0,1012952553
321,41,3.5,1635850519
359,185,3.5,1377670111
289,82,3.5,1463572747
376,194,3.0,1505097044
218,195,2.0,1494687602
177,45,4.0,1261527779
402,150,3.5,1309802264
384,189,5.0,1462722631
480,121,3.5,1456303640
73,1,1.5,1003070038
308,102,4.0,1031554147
117,91,3.5,1520162232
226,66,3.0,1376110063
45,162,4.0,1205657483
68,167,4.0,1459319435
171,135,2.0,1388211793
204,13,3.0,1218027875
453,96,5.0,1166552082
412,137,2.5,1282751343
26,186,3.5,1676008702
308,136,4.0,1676505652
290,147,2.0,1302346786
446,70,3.5,1314559856
371,189,3.5,1647202764
329,181,3.0,1572383973
445,16,1.5,1159276392
239,193,3.5,1352187938
88,36,3.0,1206535182
45,100,5.0,1483259460
476,52,4.0,1305309780
489,59,2.5,1456675253
170,156,3.0,1682768064
328,141,3.5,1393095197
258,91,3.0,1021336151
451,6,1.5,1550870317
171,78,4.0,1352334651
293,181,4.0,1207897166
126,132,4.5,1509591266
77,147,4.5,1233118743
211,83,2.5,1665382307
209,163,4.5,1686557360
153,174,2.0,1651386042
126,119,4.0,1414577421
90,76,2.5,1632034517
194,151,4.0,1413988615
128,122,1.5,1395688623
473,78,4.0,1101345871
490,45,2.5,1409593424
155,78,4.0,1273984708
394,105,4.0,1595989288
27,158,4.0,1652874530
346,35,3.5,1656504885
6,55,2.0,1253840913
103,112,5.0,1197930772
64,198,3.5,1265129215
340,71,3.5,1018021673
254,35,5.0,1298788672
87,108,2.5,1343574480
210,144,3.5,1532796551
2,119,3.5,1543166940
179,2,3.0,1688921328
148,38,4.0,1416289905
435,174,3.0,1007764390
155,26,3.5,1196479292
383,3,3.5,1230950074
448,55,5.0,1310918409
136,68,5.0,1546380478
497,105,3.5,1280446726
122,64,5.0,1221393754
366,66,2.5,1080420905
109,97,5.0,1019007188
102,90,3.0,1286471255
488,132,3.5,1576183580
452,150,4.0,1360623258
355,41,4.5,1188816129
291,30,3.5,1344032792
359,175,1.0,1302386881
476,137,4.5,1092992805
358,98,2.5,1568154170
97,171,4.5,1006452689
104,113,4.5,1007495273
467,200,3.5,1083085830
286,1,4.5,1685153131
44,102,3.0,1684279527
342,145,5.0,1650085672
65,108,3.5,1209190089
16,95,3.5,1237163811
8,134,5.0,1149837588
286,195,2.5,1578281754
378,107,1.0,1330928724
230,164,2.0,1311286660
82,38,5.0,1397334388
20,125,4.0,1042468154
237,167,3.5,1309284771
59,187,4.5,1031203617
182,75,4.0,1080499189
278,146,3.0,1195234874
275,54,3.0,1652603155
486,184,2.0,1220214996
238,190,2.0,1387681742
315,149,3.5,1525778256
164,194,3.5,1203710140
456,5,4.0,1470550507
241,176,3.5,1532343992
181,82,2.0,1574443116
380,144,4.0,1407890772
385,96,3.5,1049653679
166,138,3.5,1334608699
73,199,3.5,1002447505
238,134,5.0,1421808332
499,172,2.0,1434627505
298,122,2.5,1497215226
391,96,1.5,1004055528
352,77,3.5,1101423727
156,74,1.0,1373220075
16,21,4.0,1247053503
251,60,3.5,1243325082
405,44,3.0,1080586319
373,53,4.0,1241266182
329,165,4.0,1520092862
379,36,5.0,1480065590
403,2,4.0,1237036235
411,112,3.5,1685137376
293,188,1.0,1645091728
454,158,4.5,1081408229
397,140,4.5,1465497409
57,165,5.0,1210481218
472,91,1.0,1410743905
48,31,3.5,1668367263
117,178,4.5,1414226391
260,107,5.0,1038720524
367,129,4.0,1041985682
374,8,3.5,1478574516
281,114,2.5,1077589725
11,72,3.5,1558163366
495,116,4.0,1372284436
401,72,4.5,1056627414
384,106,1.5,1675009679
424,109,4.0,1350114694
114,127,1.5,1277946707
337,134,4.0,1178266223
122,171,2.0,1115438569
394,166,2.0,1387894937
395,167,5.0,1356847701
215,94,2.0,1579666403
48,12,2.5,1328413657
276,32,3.5,1503561291
425,2,1.0,1064643952
286,169,4.5,1569941351
354,147,2.5,1121845059
374,140,2.5,1190713051
300,83,4.5,1627902151
490,62,2.0,1360717424
119,169,4.0,1353071675
480,140,3.5,1349487950
292,62,3.5,1479112072
190,8,3.5,1244628404
241,23,3.5,1180742012
250,62,1.0,1153246059
322,154,2.5,1163325215
245,93,2.5,1309219285
148,27,5.0,1265301234
342,46,3.5,1183167128
38,4,3.5,1062787752
439,30,5.0,1452037740
409,56,1.0,1395629468
361,101,5.0,1331271039
101,181,3.5,1456955939
89,179,2.5,1644691283
48,150,3.0,1219692162
207,40,3.0,1390190570
19,57,5.0,1068578977
414,120,4.0,1034295454
351,149,4.5,1099329762
19,31,2.5,1332063903
47,150,3.5,1305318697
181,57,4.5,1141135672
25,154,5.0,1176318792
109,96,2.0,1029436461
212,111,4.5,1682120154
397,81,3.5,1612933975
285,62,4.0,1236608823
219,114,3.0,1061891194
279,78,5.0,1665552085
262,102,4.0,1669240477
469,147,3.0,1626651299
107,54,3.0,1162812185
282,2,4.5,1006732849
329,18,4.5,1007047297
307,181,3.5,1109532521
349,57,3.0,1584633195
364,27,4.5,1338048335
48,3,3.0,1478889264
369,18,3.0,1481388589
484,176,5.0,1484627703
238,46,4.0,1324797849
304,195,3.5,1438923255
479,43,3.0,1693741521
269,2,3.0,1609486656
153,60,5.0,1002475516
342,184,4.5,1647424001
78,13,2.5,1187505357
132,186,3.0,1685287246
246,200,2.0,1011658943
73,166,4.0,1029848895
184,196,0.5,1441881443
215,123,1.5,1015198460
444,37,3.5,1128206295
439,134,0.5,1433662779
379,72,5.0,1371875928
444,9,2.5,1563405838
277,1,4.0,1665463972
76,98,5.0,1664786693
203,104,4.0,1457793068
338,29,3.5,1286768602
468,122,3.0,1397123526
130,4,2.0,1490451915
463,28,3.0,1207565417
460,12,3.5,1332096930
464,123,3.5,1157863745
318,62,2.5,1106714521
327,115,5.0,1695580307
221,143,2.0,1500274136
190,60,4.0,1443764413
420,134,4.5,1241754752
367,157,4.0,1409235291
304,21,5.0,1460497332
481,65,4.0,1419012581
483,54,5.0,1413921484
180,115,0.5,1148923323
223,18,4.5,1548983305
324,99,4.0,1591064684
498,19,4.0,1140641941
260,23,4.0,1102088988
40,149,3.0,1414094148
35,165,4.5,1654366087
363,12,5.0,1657410484
73,14,1.0,1311638681
207,79,5.0,1362181266
69,103,3.5,1273279890
468,42,2.5,1619947421
483,197,2.0,1023813815
133,138,4.0,1483734280
61,2,5.0,1622176453
212,143,3.0,1484344364
293,196,4.5,1647567765
30,171,3.5,1417695696
232,16,1.5,1423038405
152,87,3.5,1531207376
362,166,2.5,1441987295
467,43,2.5,1321160444
497,12,3.0,1558701727
273,45,3.0,1113245412
266,48,4.5,1277728450
185,18,3.5,1507385999
135,64,2.0,1521506945
99,130,5.0,1612545986
147,104,4.0,1308608013
489,176,4.0,1296549325
258,112,4.5,1032701405
481,134,3.5,1529087920
87,91,3.0,1438183344
278,5,4.0,1648180250
190,158,4.0,1671827272
365,139,4.0,1481010595
70,114,4.5,1484431369
59,9,3.5,1214345564
7,65,2.5,1083251284
295,83,2.5,1073110372
261,5,5.0,1523284686
168,156,3.5,1396501403
479,1,2.0,1289173401
334,94,2.0,1565396936
206,187,2.0,1082223112
417,119,4.5,1067608192
29,113,4.0,1224153911
101,137,5.0,1283507511
237,14,4.0,1272624843
474,24,4.5,1021623612
34,17,5.0,1476961676
264,122,2.5,1188716941
424,167,1.5,1390400926
42,46,4.0,1200300080
218,127,3.0,1584154713
12,6,4.0,1648540642
482,94,5.0,1234575050
322,70,4.5,1504593615
57,45,5.0,1273246812
128,92,2.5,1649476844
450,115,4.5,1190886673
203,54,2.5,1290101194
185,49,5.0,1501500170
409,3,4.0,1357539528
498,51,4.0,1306909622
401,78,3.0,1294385377
25,157,3.0,1012829058
97,106,4.0,1216581581
147,57,5.0,1603408879
268,134,5.0,1409033688
382,110,4.0,1555610767
247,158,3.0,1663197667
282,187,4.0,1551414339
68,117,5.0,1409503745
267,94,4.0,1489456472
7,10,3.0,1342279287
396,68,4.5,1444366200
351,85,3.0,1472154032
449,185,3.0,1439836820
389,25,3.5,1584620873
132,146,4.5,1666235734
44,87,3.0,1386042074
487,77,3.5,1658276317
79,148,3.5,1630806710
290,143,3.0,1346614275
448,106,5.0,1584458809
172,62,5.0,1532496581
141,90,3.0,1227413365
324,140,2.5,1416601530
134,145,3.0,1411150793
40,134,4.0,1601487472
245,124,3.5,1582363844
42,61,2.0,1590016422
35,116,3.5,1539210980
116,81,4.0,1233043384
449,45,4.5,1622877999
342,16,5.0,1194781895
460,94,3.0,1093615124
121,186,3.0,1262205113
133,51,3.0,1560722094
114,19,2.5,1594624458
11,9,2.5,1416997583
439,141,2.5,1111604486
118,9,4.0,1668669311
465,145,2.5,1613108439
444,27,4.5,1169793276
84,36,5.0,1022210590
425,166,2.0,1619360686
386,68,2.0,1077595938
273,27,3.0,1366576673
8,18,3.0,1533830374
405,100,5.0,1208773049
271,36,3.5,1286649870
435,177,4.0,1307576653
494,170,4.0,1420991316
131,72,2.5,1207512912
278,163,3.0,1696138921
419,165,3.5,1152510157
490,68,4.0,1219317797
462,98,2.0,1468984127
417,157,3.0,1277470236
455,92,3.5,1538702197
375,121,3.0,1032874866
109,151,2.0,1523020703
485,171,2.5,1083598268
157,119,2.0,1615445618
219,149,5.0,1416340051
364,120,3.0,1171545158
453,150,3.5,1691081020
417,152,2.5,1275743590
81,147,4.0,1100010205
6,13,4.5,1517874597
9,34,2.5,1326102631
477,29,2.5,1290099432
500,32,3.0,1698763441
466,153,2.0,1040190025
51,16,4.0,1043441016
216,107,4.5,1388547929
271,108,2.0,1041414708
105,95,4.5,1164742575
393,106,4.5,1333703632
245,189,0.5,1535112448
343,138,2.0,1063828085
249,117,3.0,1596494553
461,103,4.0,1470506091
277,58,4.0,1643457305
449,21,2.5,1175009065
25,111,5.0,1507429577
292,107,2.5,1087301417
245,144,2.5,1032136230
93,111,2.0,1363920686
217,123,3.5,1102327209
396,47,4.5,1590086959
41,103,2.5,1102287087
310,191,4.0,1283912371
373,43,3.5,1622976160
453,95,3.5,1509601706
122,10,4.0,1410817692
414,122,4.5,1236844946
481,120,4.0,1028633471
204,114,5.0,1314624866
72,23,2.0,1598384238
332,145,3.0,1361687323
412,79,2.0,1610940901
220,86,4.0,1464643849
154,79,5.0,1321755497
422,24,3.0,1162166883
108,14,4.0,1408893045
241,146,1.5,1374496593
148,112,3.5,1152567748
54,190,1.5,1070993620
234,110,3.5,1600694915
98,45,1.0,1397412978
478,38,5.0,1386697619
38,183,3.5,1615043390
324,84,3.5,1337261010
152,65,5.0,1357065506
35,196,3.5,1431466611
476,93,1.5,1022642040
8,180,3.0,1683758231
369,60,5.0,1405813523
186,87,2.5,1112763377
303,19,3.0,1227563419
153,74,5.0,1521193976
71,60,2.5,1272628901
184,102,3.5,1517360851
161,181,5.0,1610919749
236,145,3.0,1201529726
23,52,2.5,1171723516
199,57,1.5,1609858000
336,171,2.0,1408854096
434,67,2.5,1196264208
500,39,3.0,1550665785
442,133,4.0,1275652040
88,123,3.5,1631699969
397,148,2.0,1100801874
32,130,5.0,1628818440
246,191,2.0,1258803390
379,18,5.0,1119469178
456,188,3.5,1218484839
334,71,5.0,1524686444
379,84,4.0,1665984119
299,30,5.0,1688694723
94,58,3.5,1076813189
62,156,3.0,1631674122
449,123,4.0,1279103422
341,188,3.0,1691427823
65,100,4.0,1342282456
236,162,5.0,1291704657
346,115,1.5,1176012658
399,56,3.5,1525574804
335,159,5.0,1169625597
488,152,3.0,1647348893
268,195,4.5,1096582829
287,58,4.5,1581232571
317,154,2.0,1029419793
61,106,4.0,1656635709
121,24,4.0,1635580147
43,63,5.0,1474540090
310,147,0.5,1609319330
175,182,1.5,1212403821
309,116,3.0,1409734513
32,42,3.0,1228197271
455,5,2.5,1338336982
237,134,2.5,1065180978
470,136,4.5,1478660672
454,72,2.5,1465581454
377,117,3.0,1073355119
37,196,4.5,1255913983
270,86,4.5,1552237052
6,102,3.0,1425643235
449,74,1.5,1687449284
210,73,4.5,1108071614
109,185,2.5,1301537450
284,192,5.0,1168183246
62,1,4.0,1688173313
403,32,3.5,1607158220
265,7,4.0,1297514413
298,25,1.0,1685372797
236,127,5.0,1340403616
429,11,3.0,1678432043
302,100,3.5,1141342956
8,37,3.0,1355441954
46,58,3.5,1010238370
253,154,5.0,1488471978
472,136,3.0,1399291843
182,85,3.0,1673692409
314,82,4.5,1576289981
146,34,4.0,1341458843
211,192,5.0,1400701471
201,68,1.0,1447760705
473,194,3.0,1060848187
486,9,2.0,1086908082
8,47,5.0,1235890411
187,83,2.0,1246976186
181,18,4.0,1633514188
27,126,2.0,1138239376
258,154,3.0,1411510898
156,3,2.5,1495401725
494,60,3.5,1660374595
344,156,5.0,1694531294
155,54,2.0,1665741733
141,46,2.0,1189621634
203,197,4.0,1658617322
328,134,3.5,1342197067
280,173,2.0,1332814545
100,180,3.0,1359678829
93,125,1.5,1124678090
466,71,3.0,1662925911
365,172,2.5,1128063856
420,182,4.0,1451630645
346,187,4.5,1148630306
428,51,0.5,1226264601
219,115,3.5,1638634090
356,139,0.5,1083116235
381,178,3.5,1146614863
449,141,5.0,1401913500
375,28,3.0,1506351229
101,150,4.0,1200629050
21,26,4.5,1684044824
379,115,4.5,1220134754
163,8,4.5,1258548245
307,107,4.0,1650957766
458,61,2.5,1552968931
273,163,4.5,1083016907
4,18,5.0,1109983609
72,181,4.0,1483905846
15,21,3.5,1308562184
266,67,1.5,1170605621
208,162,2.0,1558787441
130,142,2.5,1068985205
336,73,2.0,1565751660
183,173,3.5,1325864034
327,195,2.5,1504982950
438,9,4.5,1371523154
387,150,3.0,1050483419
431,73,2.0,1639353351
241,1,2.5,1289390954
111,91,3.5,1484539290
495,44,3.0,1220956100
125,39,3.5,1442020463
476,161,3.0,1281477090
362,176,5.0,1220080032
336,164,4.5,1509155039
190,58,2.5,1083538793
64,167,1.0,1121537042
212,155,3.0,1183619635
286,81,2.0,1371078348
146,179,1.5,1471496035
212,127,4.5,1163579487
366,152,3.5,1235628882
179,153,5.0,1636977998
426,24,3.5,1168801877
418,158,3.0,1678422320
163,72,2.0,1231564620
400,6,2.5,1280806995
150,92,1.5,1004570928
334,54,4.5,1460474190
150,152,2.0,1392308150
108,122,4.0,1481650602
244,42,3.0,1439212081
329,135,4.0,1634504531
191,128,3.5,1290828923
157,35,2.0,1452202002
95,169,3.0,1369664858
83,197,5.0,1078357257
300,157,2.5,1075314088
138,119,5.0,1330414478
45,164,4.5,1139297143
4,1,3.5,1278282262
396,182,2.5,1449639499
439,111,4.0,1358691098
152,25,3.0,1479564055
57,67,5.0,1283372117
129,146,2.0,1058701769
443,194,4.0,1673549757
276,74,3.5,1527875906
103,115,4.0,1638445017
447,154,4.5,1100227052
362,117,2.5,1048832995
295,157,2.5,1585542441
83,111,4.0,1682192722
487,131,4.5,1209217711
150,72,3.0,1477937591
435,62,5.0,1384032998
175,137,3.0,1637763670
6,105,2.5,1053945038
394,92,4.0,1000297381
79,60,3.0,1032442568
392,144,3.0,1222200680
452,138,4.0,1640481781
134,25,4.5,1320506191
484,70,4.0,1314597348
358,190,3.5,1528846473
229,39,5.0,1238052820
37,37,4.5,1316398740
474,82,3.0,1546436078
79,12,5.0,1366589838
344,88,3.0,1058996287
314,155,4.0,1118168305
343,71,4.0,1059026678
5,62,3.5,1099160455
420,135,2.5,1502057207
141,175,3.5,1488023144
366,3,3.0,1110246821
81,134,4.0,1119821363
328,107,4.0,1093997313
80,10,1.0,1303715812
331,92,4.0,1671179157
167,175,5.0,1023823990
453,143,3.0,1492917621
496,97,4.5,1217820163
281,172,4.5,1635004934
361,48,1.5,1439054336
493,163,4.0,1674705746
144,68,2.5,1644689593
451,113,3.5,1254267741
469,54,1.5,1143399537
193,87,4.0,1324837057
433,64,3.0,1432572470
164,115,5.0,1243038836
154,104,2.0,1601362188
342,35,4.5,1176351503
486,112,4.0,1579160920
233,77,2.5,1343372152
417,132,1.5,1216457602
467,89,3.0,1346156641
139,165,4.0,1265079170
227,74,2.0,1420510888
412,62,2.5,1536126620
281,19,4.5,1162484647
72,26,2.5,1304102235
53,53,4.0,1683796270
204,111,5.0,1355081306
171,177,2.5,1224860715
44,10,2.0,1203648113
447,130,4.5,1377284184
439,53,3.0,1542027252
3,25,3.0,1529152170
482,169,5.0,1634838456
282,93,3.0,1461127255
251,136,4.0,1318932569
180,101,1.5,1118982079
450,88,3.5,1043963821
220,15,2.5,1577957544
49,67,3.0,1577119322
232,38,3.0,1001310733
327,78,5.0,1021783699
448,66,2.5,1129789398
433,114,3.0,1480469400
321,109,5.0,1311514499
242,12,3.0,1320049208
446,35,3.0,1576457217
95,182,5.0,1233975361
413,2,3.5,1261392238
284,143,3.5,1635478420
288,63,4.0,1230289652
344,45,5.0,1608149228
95,107,2.5,1402445912
449,159,5.0,1085556938
472,72,1.5,1356952013
344,126,2.5,1644497616
149,101,2.5,1647280501
219,199,3.5,1078110322
393,28,2.5,1378079006
51,37,5.0,1130162237
25,148,4.0,1015532577
47,82,3.5,1357491491
403,113,2.5,1346421880
31,111,5.0,1637207655
78,158,3.5,1099759147
260,14,3.0,1542768830
337,132,3.5,1351981564
294,27,3.0,1572932342
137,158,4.5,1086567441
314,77,5.0,1195205420
439,25,2.5,1301696934
116,13,2.5,1237214233
94,86,3.0,1433351023
229,96,4.0,1367862989
331,147,4.5,1071377252
57,191,2.0,1171346250
409,28,2.0,1216268383
190,68,3.0,1039111959
277,50,4.0,1448037748
166,12,2.5,1335272377
404,115,3.0,1121926132
273,95,2.5,1500165480
39,197,4.5,1608968903
435,80,3.5,1562196818
262,10,2.5,1242852116
251,88,2.0,1274151190
288,44,3.0,1236519587
75,25,3.0,1004843595
105,97,4.5,1161237733
394,173,4.5,1665599813
291,78,2.0,1430666733
217,31,4.5,1341152165
407,102,4.5,1261563697
285,179,3.0,1415572953
320,160,4.5,1090215663
61,31,2.5,1532969977
106,110,4.0,1496473620
420,88,5.0,1211509906
101,104,4.0,1420841689
152,137,3.0,1285599730
363,52,2.0,1633741777
482,92,3.5,1041456119
387,168,4.5,1171599198
63,153,2.5,1380731281
435,101,4.0,1006658015
487,186,3.0,1526390667
292,35,3.0,1475195470
14,95,4.0,1638482914
266,95,1.0,1254550434
231,164,3.5,1340924301
421,31,4.5,1478697617
130,186,3.5,1172378277
274,144,3.5,1198157477
280,144,3.5,1452179338
151,50,5.0,1163312892
363,46,4.0,1499990068
56,67,2.0,1443285419
308,21,2.5,1573773208
318,17,3.5,1646799805
173,74,5.0,1299160205
220,48,4.5,1230817838
231,151,4.5,1035746910
55,93,2.0,1330379096
473,172,4.5,1424606646
215,121,2.5,1115369448
254,137,3.5,1077225682
227,169,4.5,1659555590
328,29,3.0,1356154800
254,198,2.0,1525650573
456,180,3.0,1650553244
472,176,3.5,1045525645
264,44,4.5,1162067414
229,69,2.5,1108705458
260,75,3.0,1164776178
419,18,4.0,1332383111
447,5,4.0,1527275340
308,46,3.5,1484002403
424,40,3.5,1571753579
89,40,2.5,1648141604
436,160,4.5,1096925967
433,182,5.0,1197468626
159,120,3.0,1148192659
374,184,3.0,1137629657
9,52,4.5,1272906463
391,181,3.5,1042386543
49,179,4.0,1309863878
438,76,4.0,1151359775
327,17,4.0,1581309892
188,150,3.0,1191903901
229,140,1.0,1371327161
175,159,3.5,1179109848
139,88,4.5,1241366042
63,130,4.0,1045020120
305,164,2.5,1578822676
462,191,3.0,1402824283
172,68,5.0,1203970731
181,115,4.0,1352276593
164,140,0.5,1610821217
299,182,3.0,1316197909
266,186,3.0,1510715000
474,191,2.0,1587255485
427,152,3.5,1525404975
84,48,3.0,1416505479
295,193,3.5,1103445380
216,76,3.0,1003196803
382,166,2.5,1014298164
126,22,3.0,1314802816
498,12,4.5,1572065228
323,13,3.5,1014374622
420,113,3.0,1253405015
53,166,4.0,1621020467
154,22,3.5,1406863383
371,21,2.0,1672520381
391,32,4.5,1054516725
493,41,3.0,1297827541
437,125,3.0,1101435484
492,24,1.5,1284296811
487,172,4.5,1568153065
427,53,3.5,1547779617
273,22,4.0,1641554190
476,80,4.5,1415890226
243,35,4.5,1209217780
192,135,2.5,1106214708
135,147,3.5,1400542400
134,124,3.5,1167624096
150,50,3.5,1375055739
414,129,2.5,1076814385
283,16,5.0,1674758974
225,72,4.5,1694391900
417,62,4.0,1664464119
31,181,5.0,1483154161
482,157,4.0,1069252571
53,39,3.0,1408727494
359,78,3.0,1435047011
143,38,4.0,1559056355
324,112,2.0,1232130532
424,74,4.5,1305643461
488,128,1.5,1200080610
36,10,5.0,1595780125
239,32,4.0,1321548447
181,28,5.0,1626400466
3,157,3.5,1364049173
166,59,4.5,1105653908
292,84,4.5,1673401320
400,86,2.5,1406398207
336,87,2.0,1002673491
282,83,2.5,1365090533
12,53,3.5,1496337764
1,138,3.5,1084998074
161,124,3.5,1440626270
186,46,4.0,1587399850
41,138,2.5,1520553909
248,102,4.5,1384257781
16,120,4.0,1004376502
315,15,5.0,1604575227
89,34,4.0,1283412252
114,138,3.5,1628971643
174,3,5.0,1445898428
19,42,3.5,1534453042
182,97,4.0,1382425419
459,99,4.0,1165543179
214,52,4.5,1043623004
449,12,3.5,1398394950
132,23,5.0,1129385995
235,173,3.0,1164570473
69,10,5.0,1626290235
375,160,1.5,1130852635
391,118,2.5,1308587102
499,18,1.5,1679075822
41,136,2.5,1655140935
492,177,1.5,1660468333
102,76,3.5,1471967001
39,159,2.5,1364443047
129,14,5.0,1062318445
104,164,4.0,1507080303
273,10,3.5,1119955614
311,184,4.0,1483438290
189,45,4.5,1299085050
291,23,5.0,1654280006
297,11,3.0,1310468100
134,140,2.5,1648953484
339,154,4.0,1614393462
7,16,5.0,1392478335
53,13,2.0,1486585427
87,193,4.0,1500586227
339,100,5.0,1171809904
433,40,4.0,1467225558
26,63,4.0,1365314723
71,76,4.0,1414384496
215,95,5.0,1236427890
283,123,4.5,1230845543
337,96,1.5,1624567475
137,1,3.5,1373573055
162,184,3.5,1241650632
467,197,4.5,1130892445
70,15,3.5,1637343327
18,145,3.5,1473810150
429,100,3.5,1061813059
168,194,4.0,1001050584
385,190,3.5,1385041210
292,190,3.0,1680305188
344,91,3.5,1299959906
283,129,4.0,1103358180
142,108,4.0,1058144055
22,185,5.0,1533544124
324,77,2.0,1600034901
368,114,4.0,1236628032
162,79,5.0,1247064166
157,155,2.5,1634386857
289,52,4.5,1016388448
10,122,3.0,1362658736
257,9,3.0,1053115459
3,151,2.5,1161952904
205,150,3.5,1573567111
148,78,3.5,1024243513
96,122,4.5,1597895893
225,185,2.0,1356338416
310,134,4.5,1167458388
395,26,4.5,1239197743
228,179,4.0,1295297179
98,19,5.0,1080810349
283,13,5.0,1305237072
460,191,3.0,1283434623
134,109,2.0,1324427422
465,9,2.5,1346911980
264,151,3.0,1638749754
56,41,1.5,1401794284
90,110,4.0,1260980221
116,12,2.0,1127414609
322,176,4.0,1500355543
276,120,4.5,1260803892
113,97,5.0,1193407322
276,197,3.0,1620386936
407,175,2.5,1065372195
101,9,5.0,1689095380
247,137,5.0,1422405572
3,33,4.5,1607390945
345,108,2.5,1541263224
452,82,2.0,1390559292
270,186,5.0,1351024315
351,189,3.5,1223354607
152,85,5.0,1409887746
204,108,2.5,1071399171
317,143,5.0,1217336420
125,17,5.0,1233994747
86,183,3.0,1103463376
315,104,4.0,1214622883
458,92,2.0,1106261281
272,174,2.0,1356246021
368,11,4.0,1504036326
345,9,3.0,1451400063
341,173,4.0,1696294337
368,117,3.5,1556986257
282,171,4.5,1354150938
210,50,4.0,1232086054
229,198,4.5,1522221032
367,185,4.0,1194884914
67,25,4.0,1536482399
315,138,3.5,1032423767
379,125,5.0,1578936993
197,194,5.0,1159933080
18,47,4.5,1570004317
441,29,4.0,1693549298
186,170,3.0,1472274973
171,99,4.0,1616310775
460,193,3.0,1571609568
469,37,3.0,1259796686
213,165,3.5,1231865421
472,48,5.0,1480044780
490,172,3.5,1015200765
59,157,5.0,1151951228
113,175,2.5,1059219716
303,60,3.5,1483728742
85,120,4.5,1487755966
6,154,4.5,1053655163
380,197,2.0,1470869685
21,67,2.0,1165496741
15,93,4.0,1583231518
373,190,3.0,1357231488
28,118,4.5,1321320069
9,53,5.0,1463934533
36,116,2.5,1435446876
489,155,3.0,1127600597
149,93,1.0,1055013399
237,25,4.5,1518789566
111,118,5.0,1051216551
221,43,2.0,1072430867
135,101,5.0,1358426576
489,140,5.0,1578232608
344,63,4.5,1605353439
234,43,3.0,1054487477
189,15,3.0,1342169654
229,195,4.0,1246371031
477,162,4.0,1526461011
344,8,3.0,1128430448
237,174,4.0,1134483845
411,57,3.0,1189834400
29,132,3.5,1026162047
143,169,3.5,1321287643
500,58,5.0,1562900563
465,113,2.0,1502706885
200,194,4.5,1572883143
411,189,4.0,1490229077
151,19,1.0,1660276924
291,76,4.5,1698451099
326,67,4.5,1076174051
459,3,3.0,1202785635
169,157,4.0,1053460139
261,78,4.0,1412595595
321,93,5.0,1391217146
371,115,4.0,1600854072
308,30,3.5,1617652889
383,45,5.0,1410822680
178,66,5.0,1469353230
264,134,5.0,1645406566
177,165,3.0,1548991585
244,77,4.0,1509470159
290,154,3.0,1654160743
131,76,5.0,1030269248
323,109,3.5,1161963376
295,21,4.5,1571624826
174,51,3.5,1329571533
11,160,4.0,1378067110
298,133,1.5,1393974749
14,199,4.5,1191035992
475,51,5.0,1248402954
167,98,3.0,1342807036
161,186,1.5,1358654515
313,84,5.0,1292799188
62,76,5.0,1058170421
336,10,4.5,1313303286
343,45,3.5,1035572292
328,65,3.0,1180663814
115,14,5.0,1312727691
492,55,3.0,1009946335
6,70,3.5,1133767800
235,41,3.5,1458103075
416,107,4.0,1583620884
213,79,3.5,1189394228
111,107,3.5,1263493630
250,30,5.0,1447554194
233,173,4.0,1281077762
500,98,4.0,1661746875
458,132,4.5,1265772368
396,17,2.0,1106720605
208,81,4.5,1452772963
404,90,4.0,1416166344
259,191,3.0,1584685724
456,151,3.5,1062530419
405,165,4.0,1166670664
391,7,3.5,1444463143
227,143,5.0,1011285809
353,158,2.5,1393028298
333,53,2.0,1108760981
385,168,2.5,1097898674
195,56,3.0,1404845616
20,127,3.5,1112818837
489,117,3.0,1689023933
340,198,2.0,1501150446
273,93,2.0,1192798183
299,115,2.0,1420060406
171,16,3.0,1047463942
123,27,2.5,1083307126
117,28,3.0,1474801588
116,64,5.0,1081484318
28,63,2.0,1332840835
288,53,4.0,1696086876
64,157,2.0,1072217094
112,21,2.0,1245219050
443,150,4.0,1161939421
123,184,4.5,1637788546
99,47,4.5,1401675544
491,185,5.0,1287204128
22,149,3.5,1458457694
305,20,4.0,1215839063
47,118,3.0,1007422317
74,68,5.0,1140780504
394,141,2.5,1228901988
280,6,4.0,1093626172
168,187,2.0,1494379498
133,143,3.5,1187561414
224,104,1.5,1662467917
179,59,4.0,1674435200
493,90,5.0,1024932326
14,177,3.0,1534448106
59,88,3.0,1157220884
354,190,4.5,1463879362
242,22,3.5,1406773787
20,131,5.0,1504828826
67,109,4.0,1331832223
354,83,4.5,1190100107
261,50,1.0,1398521152
312,44,3.5,1137790893
273,156,2.0,1223471850
321,189,3.0,1446048679
168,185,4.0,1234629201
166,158,3.0,1507926845
141,131,2.5,1171684604
59,60,5.0,1591851919
63,65,4.5,1485513058
205,120,2.0,1483817827
469,98,4.5,1664520131
338,200,3.5,1660243367
51,187,4.0,1196637310
453,71,5.0,1589439314
469,110,3.5,1183002590
112,22,4.5,1356390746
75,98,4.0,1274292351
139,16,4.0,1200731700
46,5,2.5,1128593507
494,10,5.0,1646656419
234,149,0.5,1166335215
411,143,2.5,1494676260
173,171,3.0,1294039758
30,170,4.5,1206054500
19,87,2.0,1532059350
246,166,3.5,1305407551
107,72,4.5,1149131698
62,121,2.0,1159868027
198,184,3.5,1639775237
228,47,3.5,1446934852
491,57,3.0,1261574804
224,75,3.5,1218179739
154,89,3.0,1436620884
483,91,4.5,1102502935
80,78,4.0,1552159346
38,24,3.5,1030415178
137,58,3.5,1423359678
220,124,3.0,1158985749
147,125,5.0,1597790189
476,191,4.0,1496751864
252,18,3.5,1472337269
50,193,4.0,1403472848
320,75,5.0,1497821682
162,108,2.5,1402183388
415,97,4.5,1066677473
437,168,4.0,1436374376
246,152,3.0,1373343018
302,119,2.5,1122690021
461,106,4.5,1534135182
411,190,4.0,1376511918
350,81,5.0,1574188751
355,69,5.0,1644334453
126,192,4.0,1395261387
125,49,2.5,1463482024
286,193,5.0,1614647433
283,184,3.0,1050697355
30,166,4.5,1032086362
134,156,1.5,1043239067
223,95,5.0,1023790225
299,118,1.0,1093781440
114,155,3.0,1631819448
35,14,2.0,1198039729
499,165,5.0,1585060310
1,134,2.5,1663905766
378,126,4.0,1141720016
407,187,4.0,1316134526
490,192,2.0,1531659117
88,51,4.5,1514554048
167,88,3.5,1383879734
424,41,5.0,1321454851
437,155,4.0,1101284850
370,78,2.5,1125618324
489,111,3.5,1633927828
438,93,3.0,1018528690
399,76,4.5,1212639485
128,68,4.5,1095375979
443,119,2.5,1611747874
302,44,4.5,1585394556
66,142,4.0,1540549891
385,124,4.5,1240642274
246,66,4.0,1575389599
342,14,4.5,1629184731
442,126,2.5,1045417611
216,8,3.5,1129571613
155,114,4.5,1146364680
105,54,5.0,1578293357
222,13,5.0,1662918700
455,190,2.5,1096430411
198,13,5.0,1577110739
112,25,5.0,1577663606
81,178,2.5,1098419393
222,45,3.0,1146699219
241,115,4.5,1009693871
451,131,2.5,1656192807
472,59,4.0,1016368226
183,64,4.0,1261945780
334,43,5.0,1442640067
3,65,4.0,1672650174
86,173,1.0,1636954228
306,17,4.5,1283844391
162,167,5.0,1196333518
249,53,3.5,1522398844
410,178,3.5,1207975920
226,63,3.5,1568663908
289,43,3.0,1613277035
159,71,5.0,1052534418
235,199,2.5,1134537386
114,176,4.5,1568652085
457,5,4.5,1296749407
82,42,3.0,1280449883
124,70,2.5,1222985563
479,109,3.5,1268398459
388,7,4.5,1478529084
235,37,4.0,1023520227
82,199,5.0,1378043561
468,30,3.0,1590709481
225,31,3.0,1161802001
97,149,4.5,1113726828
9,62,1.5,1412082918
35,183,3.0,1357825351
206,105,3.5,1432240752
214,151,3.5,1683363776
457,113,3.0,1180780079
99,140,1.5,1114986067
397,149,5.0,1510184099
230,191,5.0,1014096301
492,12,1.5,1604770448
485,76,4.5,1456241913
299,192,3.5,1637914562
329,176,4.0,1629376147
254,164,4.0,1188312257
45,97,2.0,1224581757
149,32,4.5,1268643215
367,120,3.0,1196509640
381,167,0.5,1360437645
483,154,3.5,1357131904
404,25,1.5,1572197538
305,48,5.0,1300834257
386,91,3.0,1137686144
155,199,3.5,1649405098
337,142,4.0,1067361866
145,30,3.5,1474367461
138,118,3.0,1001613567
88,149,5.0,1204900567
130,77,3.5,1340306015
62,116,2.0,1598861432
62,9,4.0,1149458114
79,23,3.5,1652305657
281,187,3.5,1342881902
328,48,3.5,1521457086
106,115,3.5,1004462663
79,41,5.0,1578570207
59,20,2.5,1545694613
324,25,1.0,1188228535
243,19,3.5,1471621103
472,127,4.5,1553085904
411,94,1.5,1495657114
204,4,4.0,1029552959
242,156,2.0,1243720492
48,96,4.5,1517660866
153,192,3.5,1256080921
383,6,2.5,1055622882
268,142,1.5,1618405260
480,13,5.0,1667523280
118,151,5.0,1208913821
436,30,2.0,1370029389
328,178,2.0,1244845540
64,124,3.5,1270891260
163,35,3.0,1577996203
230,105,3.0,1077058661
361,19,4.0,1596280584
363,177,5.0,1243158191
48,113,5.0,1496190815
43,134,3.0,1131698871
15,35,4.5,1637230403
252,43,1.5,1527110642
388,94,3.5,1461374439
163,200,3.0,1398948837
249,95,4.5,1570693826
156,147,4.0,1455640084
390,41,4.0,1011234637
402,19,4.0,1282644783
11,74,3.0,1621906008
240,57,4.5,1110562159
218,7,4.0,1030711370
378,11,3.5,1488782409
233,35,3.5,1372690667
182,198,4.5,1444085412
51,24,4.5,1158407896
79,28,3.0,1290275106
222,166,2.5,1207256082
217,4,3.0,1613290267
463,97,3.0,1395487227
291,37,3.5,1654892393
338,32,5.0,1488038840
241,39,3.0,1161943410
87,106,4.0,1220286328
28,187,3.5,1119442927
104,130,3.5,1149862587
124,187,4.0,1697687689
202,91,5.0,1398019406
392,193,4.0,1638267231
35,70,0.5,1460328727
411,177,3.5,1665206473
285,200,5.0,1547827071
209,137,5.0,1427799979
2,75,4.5,1055755496
58,176,5.0,1659683954
408,119,4.5,1100064480
225,182,5.0,1114511576
288,95,2.0,1091700198
265,167,3.5,1346228539
231,101,3.5,1103336244
56,27,3.5,1599061862
164,67,3.0,1420728933
223,102,3.5,1028416131
422,191,1.5,1296142683
129,124,4.0,1019799326
336,65,2.5,1380189842
89,57,1.0,1180616961
126,175,3.5,1546852611
478,80,5.0,1167581989
469,175,1.0,1469397536
134,75,3.0,1001061735
440,138,1.5,1386938847
275,29,4.0,1442836082
225,20,4.5,1235143328
272,97,2.5,1612281633
484,134,3.0,1677723954
236,170,3.5,1094703934
179,132,5.0,1288867886
169,23,2.0,1005679041
437,52,3.0,1045045811
372,194,5.0,1641417052
439,66,2.5,1684597299
330,185,3.0,1046480828
236,153,3.5,1575658114
95,147,5.0,1143539933
252,69,2.0,1462529475
296,3,4.5,1566982970
255,125,2.0,1145960574
90,61,2.5,1576036789
75,13,3.0,1490509124
223,177,4.0,1459342973
35,25,3.0,1154798591
387,106,3.5,1344467585
158,127,2.5,1369289923
127,128,3.5,1305431595
424,93,2.0,1635813247
294,12,2.0,1647073979
77,31,3.0,1163557619
77,62,4.0,1317348442
419,15,3.5,1689813373
488,50,2.5,1683361806
436,105,2.0,1228297638
281,119,4.5,1541191077
260,168,5.0,1384865973
280,40,4.0,1436039998
255,165,4.0,1069114809
131,125,1.0,1606668349
331,185,4.0,1352441933
92,184,5.0,1159975697
77,185,5.0,1147060806
25,175,4.5,1481716197
229,99,1.5,1657258519
290,47,2.5,1664438053
497,1,3.5,1583661701
184,7,2.5,1488467859
372,84,2.0,1579631861
440,48,4.0,1314735529
197,141,4.5,1523554275
465,155,2.0,1447566025
290,150,4.5,1055002645
436,44,4.0,1669609686
134,164,5.0,1235471917
205,11,4.5,1198112693
125,158,3.5,1311623784
5,133,3.5,1462474921
127,89,3.5,1594914380
313,144,5.0,1021030441
152,155,4.0,1697092620
447,185,3.0,1102914869
320,155,4.0,1644269015
13,194,4.0,1457939282
413,131,3.0,1006848008
14,50,2.5,1251688867
51,193,5.0,1086580596
344,175,3.0,1331048411
197,158,3.0,1667598974
92,94,4.0,1203259560
20,69,3.0,1531151622
233,28,4.0,1556096734
27,182,3.0,1450900980
444,42,0.5,1404419382
282,47,4.0,1243381194
210,76,4.0,1381536477
350,163,4.0,1083437964
498,57,1.0,1355108322
434,36,2.0,1506891667
378,121,5.0,1086707385
289,26,3.5,1097005846
34,165,1.0,1235782519
370,21,3.5,1039964050
359,160,1.5,1351305963
319,175,3.0,1259658385
475,46,4.0,1347208493
55,143,4.0,1518184925
484,167,4.5,1118236335
160,191,4.0,1249757124
426,178,4.0,1389751400
121,10,3.0,1170731425
462,174,2.5,1266730343
394,162,3.5,1365032966
411,123,4.5,1408560433
451,155,4.5,1500168008
318,192,3.5,1412226826
178,84,3.5,1582169291
415,198,2.5,1019902855
238,142,5.0,1083774495
331,33,5.0,1612270270
490,163,4.0,1651437750
258,81,1.5,1423792016
172,147,4.5,1494572697
248,127,5.0,1304646681
60,149,2.0,1463339970
201,48,4.5,1417485133
282,122,3.5,1017310460
350,15,5.0,1678986209
235,23,2.0,1417909095
29,36,3.0,1369375934
423,96,1.5,1090454160
55,180,4.0,1174472998
33,158,4.0,1254046880
83,52,4.0,1553115327
403,186,3.0,1111998278
23,45,3.0,1648677326
417,123,3.0,1107997019
99,192,4.5,1501076904
313,109,2.0,1604027847
499,73,3.0,1162291910
43,128,1.5,1039725475
480,198,3.0,1334103625
30,182,3.5,1269061542
56,146,5.0,1316868701
226,16,2.5,1315153260
339,153,4.5,1094428328
276,147,1.5,1408133928
15,60,3.5,1500066564
323,116,3.5,1675121876
261,119,4.5,1579780879
73,44,3.0,1240433359
155,123,2.5,1121849175
499,148,1.0,1403905389
277,20,4.0,1000920815
375,64,2.5,1512697978
472,89,4.5,1572225188
171,83,4.0,1349987258
146,173,5.0,1575939168
309,197,2.5,1193889348
437,67,3.5,1350411220
471,200,3.5,1041634601
293,72,3.0,1531532599
113,177,5.0,1049488814
266,199,4.5,1240876395
405,188,5.0,1579282353
445,169,4.5,1299408855
15,178,5.0,1622463066
262,13,5.0,1159457568
66,54,3.0,1375986147
471,70,1.5,1112582164
314,185,5.0,1383324750
277,115,4.5,1168933057
304,147,4.0,1604162630
298,45,3.0,1300528173
355,186,4.0,1586047210
72,136,4.5,1417099330
438,192,4.5,1052800258
320,166,3.0,1537593329
42,40,5.0,1506709622
151,142,3.5,1023107488
58,34,4.5,1291368492
369,56,4.5,1072389656
420,192,5.0,1288821924
189,60,4.0,1459831586
468,188,3.5,1273886994
420,109,5.0,1467019820
261,128,5.0,1415167698
365,140,4.0,1413772125
133,115,4.0,1056685342
126,138,1.0,1563347366
284,197,3.5,1040459074
471,178,2.0,1257551765
338,27,0.5,1257276851
363,140,3.0,1010716169
481,144,2.0,1637409799
4,15,3.0,1096023585
201,122,4.0,1168622829
242,197,4.0,1264349375
72,142,3.5,1070642616
18,120,2.0,1335329119
76,158,3.5,1561752336
499,75,2.0,1074510259
317,149,5.0,1259576651
458,10,3.5,1633550745
99,112,2.0,1249137291
362,190,2.0,1445028446
497,144,3.5,1645159079
293,150,3.5,1030746331
487,99,3.5,1463138552
158,86,4.5,1451451893
338,140,2.5,1022588813
497,93,4.5,1088699013
197,114,3.5,1571517713
448,125,4.5,1625749284
24,186,2.5,1131434441
72,20,4.5,1343671487
469,134,2.5,1435552610
420,79,5.0,1190480930
322,195,3.5,1057293437
110,151,3.0,1046071917
366,150,2.0,1068863450
97,102,3.5,1578784855
273,107,3.5,1500228658
446,163,2.0,1146779247
62,71,2.5,1344423248
151,78,1.0,1378070579
19,86,2.0,1690150124
219,191,3.5,1125893951
480,138,4.0,1514865760
150,62,3.0,1246461819
80,100,4.0,1499168619
255,117,2.5,1551802597
380,6,4.0,1572025982
187,54,3.5,1266121200
266,40,3.5,1524399577
28,47,3.5,1278795200
206,85,3.0,1651617150
280,127,1.5,1225508797
411,21,2.0,1606673161
131,14,2.0,1324251672
433,39,3.0,1505928768
276,62,4.5,1617628074
173,6,5.0,1453903863
356,171,3.0,1691672194
455,76,3.5,1620378934
229,77,5.0,1556365103
499,180,3.0,1447944512
471,164,2.5,1153074118
479,107,3.5,1029969130
458,6,3.0,1283470960
9,70,2.5,1406742898
247,159,2.0,1562227771
345,102,5.0,1637255766
202,90,4.0,1639159791
361,1,5.0,1408639312
103,33,4.5,1246250509
203,80,3.5,1527564628
289,101,1.5,1475126273
34,95,2.5,1443818739
48,118,3.0,1393551623
416,124,2.5,1585409294
228,3,1.5,1444371489
385,167,2.5,1242620052
349,111,3.5,1394082262
179,101,5.0,1442078728
116,108,2.5,1697309223
62,200,4.5,1151994858
288,144,2.5,1439242645
25,31,3.0,1205180300
282,16,3.5,1677561368
328,184,5.0,1199336306
45,99,0.5,1329592922
53,89,2.5,1230236558
342,118,4.0,1676807115
323,155,4.0,1173394476
251,119,2.0,1449476832
484,125,3.5,1648239892
463,147,3.5,1099055704
164,164,5.0,1537865390
344,17,4.0,1646501717
226,21,3.5,1157913660
18,20,2.5,1444410567
317,171,4.0,1697379159
258,134,3.0,1679997003
298,164,3.0,1013452462
461,139,2.5,1072405903
69,110,3.0,1072110918
206,102,4.5,1124279569
75,187,3.0,1418329594
450,86,3.5,1634709697
390,196,3.0,1578852993
71,96,3.5,1524315250
42,173,3.5,1115154168
131,168,2.5,1674278057
345,121,4.5,1194807451
436,41,2.0,1276277822
312,149,5.0,1094679282
85,136,4.0,1076745071
224,136,4.0,1194388594
286,67,1.5,1086509825
409,4,3.5,1093542606
376,51,5.0,1405374059
4,125,3.5,1465303807
448,36,3.5,1101811820
179,127,2.0,1654248182
215,112,2.0,1590167265
208,60,4.0,1177696945
193,117,2.5,1287771793
489,74,3.0,1264515975
260,188,3.5,1524169807
267,48,4.5,1514024354
193,120,4.0,1329612953
340,135,3.5,1150088363
208,15,4.5,1031320198
414,55,5.0,1175162603
209,179,3.5,1389340171
37,41,5.0,1554978680
149,138,2.0,1475315950
374,69,1.5,1365582123
383,106,5.0,1511992960
166,89,2.5,1488878328
17,162,0.5,1363283018
154,179,3.0,1044785026
64,192,5.0,1390399660
292,72,3.0,1319124855
68,100,1.5,1286798892
417,149,3.0,1443961875
379,180,3.5,1259775220
111,21,3.0,1320901326
461,135,2.5,1534364049
407,30,2.5,1150633587
460,172,4.5,1691345503
9,33,3.0,1625706991
80,85,3.5,1483281719
227,21,3.5,1041706354
481,112,3.0,1260937483
106,55,2.5,1323751476
92,48,3.5,1127456865
401,165,1.5,1642198013
471,65,5.0,1048823559
1,96,3.0,1461967127
128,66,3.0,1095729516
143,82,4.5,1520262784
111,173,3.5,1454453336
82,144,3.0,1452397025
21,130,2.0,1123802284
209,165,3.5,1476928392
118,30,3.0,1527215215
98,37,5.0,1474824064
53,77,3.5,1663512635
206,82,1.0,1120833254
161,4,4.5,1322298877
162,90,2.5,1081449391
107,11,3.5,1060330257
147,80,5.0,1528469096
65,145,3.0,1293164379
451,137,3.5,1637859123
326,130,4.5,1461184257
170,188,5.0,1477943140
18,87,3.5,1127221992
286,200,5.0,1540415279
367,10,1.5,1552702836
425,90,2.5,1069278551
319,135,3.0,1532747042
451,192,5.0,1472245853
42,34,4.0,1477656135
481,46,2.5,1042409897
117,152,2.0,1307029839
398,133,1.5,1551687973
242,36,4.0,1635336857
348,63,3.0,1315342110
164,135,4.5,1168896765
169,19,2.0,1294683315
372,87,4.0,1500807099
9,162,3.5,1230653959
88,46,3.0,1591641788
374,28,3.0,1350914594
337,145,3.5,1308728609
198,167,3.5,1119015079
462,83,2.5,1616043627
466,105,4.0,1254061875
232,139,5.0,1146415755
377,9,3.0,1575079058
462,142,4.0,1401568056
68,172,3.5,1442234073
146,31,5.0,1086406670
340,4,3.5,1358954206
254,47,4.5,1198244260
277,38,5.0,1477416124
434,170,2.5,1525492625
405,48,4.5,1526908124
337,23,4.5,1331185963
33,64,4.0,1053288282
231,41,4.5,1278904677
142,164,2.5,1314049363
316,20,5.0,1673320732
454,10,0.5,1550120554
188,98,2.5,1597811982
251,113,2.0,1258285910
28,161,5.0,1164379971
428,107,3.5,1186189562
284,184,2.5,1239061847
185,68,3.0,1670802701
230,154,1.5,1375656100
120,58,4.5,1263035382
272,181,4.5,1262232629
23,146,4.0,1623480532
35,15,2.5,1535350070
326,133,5.0,1240285098
382,116,4.5,1651592338
129,26,1.5,1361495001
98,15,3.5,1547743840
46,197,2.0,1031147687
346,17,5.0,1319213903
238,192,3.0,1571692472
85,177,2.0,1317751698
13,106,3.5,1541908964
105,92,5.0,1441269709
382,97,4.5,1500686635
178,3,3.0,1382427358
161,60,3.5,1257061779
485,184,4.5,1022998278
472,107,5.0,1273598249
493,157,1.5,1059861053
158,180,3.5,1550036708
96,195,3.0,1442260013
101,179,3.0,1068049651
137,76,5.0,1407685504
497,199,2.0,1315282350
411,166,4.5,1179345770
85,199,1.0,1555508876
141,64,2.5,1437072443
379,196,3.5,1145630160
390,150,2.0,1287482815
8,85,5.0,1573855171
494,56,2.5,1031239274
179,53,2.5,1237144350
297,12,2.5,1152399862
71,80,4.0,1465390944
436,102,4.5,1108932308
196,125,3.0,1239270788
490,107,4.0,1377570166
393,171,4.0,1029762229
140,191,2.0,1574103732
304,51,3.5,1405490783
11,3,2.5,1655359416
430,106,1.5,1090041346
211,163,4.0,1408012264
373,138,4.5,1429461801
25,34,3.5,1103570102
121,200,0.5,1479626405
56,86,3.0,1248688279
86,37,2.5,1342200200
99,161,5.0,1178902357
313,108,3.0,1237309934
107,135,1.5,1013998045
43,108,3.5,1059599597
61,12,4.5,1374883538
39,174,3.5,1683442185
277,21,2.5,1007814016
183,95,3.0,1204084152
459,30,4.5,1365317619
404,147,3.5,1525987910
301,177,5.0,1472783990
281,155,3.5,1107587843
14,101,1.5,1052771260
348,164,3.5,1184539092
110,66,3.0,1357971158
23,173,1.5,1693343620
237,72,3.5,1604731324
81,190,3.0,1191402363
140,9,3.5,1698517835
482,97,5.0,1482836216
112,3,3.5,1634692509
156,156,4.5,1015453752
210,97,3.5,1137521568
188,116,4.0,1319266980
443,90,3.5,1355093329
299,19,4.0,1662573294
176,148,3.5,1565012758
443,23,5.0,1195039225
16,139,4.5,1592463941
41,61,3.5,1143362285
157,154,4.5,1139924366
50,108,3.5,1267996532
362,76,5.0,1657169823
344,43,2.0,1499252558
490,54,5.0,1146131013
184,169,3.5,1343064773
485,141,2.0,1338775301
499,49,4.5,1002698059
130,112,5.0,1527401153
274,35,2.5,1356860035
242,13,3.0,1262800126
378,34,4.5,1349121257
11,194,4.0,1520259954
304,7,3.0,1406315237
322,61,3.0,1237624461
471,167,2.0,1011492974
415,83,2.5,1396342354
73,148,1.5,1464515826
123,112,3.0,1597628341
273,141,4.5,1280925649
143,12,3.0,1340122553
448,108,5.0,1175517244
141,72,2.5,1202091847
10,81,1.5,1317877460
261,95,5.0,1449177954
477,176,4.0,1130358217
412,135,5.0,1229069364
452,133,3.0,1671825115
25,32,5.0,1235034283
406,164,2.0,1007142370
154,119,3.0,1536358064
302,153,4.0,1436575610
203,133,3.0,1313098726
390,169,4.0,1050000078
102,48,5.0,1171205875
431,17,4.0,1020602857
110,161,3.5,1146678438
370,66,5.0,1287738069
415,48,4.0,1582817818
380,67,3.5,1401304610
173,193,3.5,1670987765
386,85,3.0,1038038318
476,87,4.5,1542219059
234,106,4.5,1417433793
500,6,5.0,1271857201
363,116,4.0,1086213164
314,160,3.0,1336506131
191,115,4.0,1427939527
103,105,3.0,1182284890
116,160,3.5,1483782981
76,1,5.0,1394978455
97,97,5.0,1051741347
431,48,4.5,1047107283
288,128,3.5,1411104246
451,168,4.5,1268670867
179,111,2.5,1536378111
67,188,1.5,1444451239
426,39,4.0,1226878049
243,110,3.0,1520681318
256,68,5.0,1193607803
437,38,5.0,1409753777
340,132,2.5,1166913249
326,160,4.5,1672220991
203,66,1.0,1502724516
198,5,4.0,1274891244
328,114,4.0,1618219301
141,178,2.5,1561732461
129,83,3.5,1288736612
356,164,2.5,1329216340
334,80,4.5,1284993690
467,153,3.5,1525161207
473,124,5.0,1609053888
365,5,1.5,1067848776
184,3,2.5,1109018938
459,180,3.0,1431238373
85,98,4.0,1678245405
106,190,4.0,1282483422
81,50,4.0,1251694301
156,6,2.5,1514130959
111,192,1.0,1545181468
493,198,2.5,1467085253
282,124,5.0,1237726153
406,105,3.0,1262121687
351,13,3.5,1381354595
104,46,3.5,1223471366
210,192,3.5,1103848493
310,100,2.0,1079229167
247,51,4.5,1089034727
164,103,3.5,1156873519
204,20,5.0,1072934040
459,39,3.0,1477056042
83,199,4.5,1246171190
214,178,3.0,1289906081
173,23,5.0,1646072640
217,36,4.5,1551768476
230,167,2.0,1280814495
360,59,5.0,1338784289
48,45,4.5,1280086330
235,105,3.0,1083237613
260,60,1.5,1242598332
499,92,5.0,1678627134
163,179,5.0,1502056601
163,183,5.0,1562468107
434,64,4.5,1081875255
47,86,4.0,1430449277
305,65,5.0,1281833929
415,89,3.0,1411307487
417,78,1.5,1007757619
476,123,4.5,1688235343
147,65,4.0,1106480490
99,136,2.0,1043510769
282,92,1.0,1306067801
476,25,3.5,1120646900
327,189,3.5,1500649539
431,6,3.0,1090679112
303,142,4.0,1650609960
33,24,2.5,1234059396
40,82,4.5,1640913332
23,150,4.5,1001663909
92,192,0.5,1540229599
456,147,3.5,1398871141
313,81,3.5,1093365595
139,90,4.5,1430462388
134,28,4.0,1696638935
206,121,1.5,1254326711
423,183,3.5,1534921490
471,107,3.0,1243837557
413,33,5.0,1665406528
420,44,2.0,1117112900
263,67,3.5,1636308182
305,82,4.5,1041980212
49,130,4.5,1549046418
463,80,3.5,1074588737
199,162,5.0,1559577595
207,160,2.5,1001740975
189,105,4.5,1441006657
188,31,4.5,1080029896
186,134,2.0,1665959441
24,66,5.0,1546548862
123,37,1.5,1092404786
304,43,4.0,1416126590
96,74,3.0,1688006294
1,175,4.5,1291079328
84,126,4.0,1343832763
209,122,5.0,1183442362
77,96,5.0,1330223504
441,163,3.5,1201602517
186,68,5.0,1459252138
28,56,3.5,1370650193
26,46,2.0,1319169939
489,77,3.0,1157484064
357,110,3.5,1534826443
398,65,0.5,1067071393
46,24,5.0,1652426841
13,172,3.5,1515663876
237,129,4.5,1417937691
269,166,3.5,1698453846
476,112,1.5,1395260207
76,17,3.5,1389253983
178,120,3.5,1672121698
407,135,2.5,1331718393
225,187,3.0,1299810539
8,8,3.5,1667056295
61,136,0.5,1593094661
99,131,4.0,1365736310
459,160,4.0,1150657418
46,159,4.0,1579957926
307,73,3.0,1215520936
374,127,5.0,1694424599
215,77,4.0,1447121516
21,112,3.0,1473901265
498,121,2.0,1166197854
261,158,2.0,1274277785
239,174,4.0,1646634268
25,97,4.5,1412747777
223,103,3.5,1650980070
60,97,3.5,1459721469
422,161,3.0,1106349678
13,77,4.0,1151461449
191,120,2.5,1405198923
159,8,3.5,1341130869
378,120,3.5,1202089704
77,190,4.0,1157906194
294,37,2.5,1169710455
493,46,2.5,1660471446
464,130,3.5,1059060434
296,17,3.5,1522148190
121,92,3.5,1661637441
152,134,0.5,1478331086
207,97,4.0,1583790474
175,79,5.0,1369943641
103,166,4.5,1445255744
306,29,1.0,1276191647
108,44,3.0,1672842750
76,9,3.5,1495138691
384,76,3.0,1462085717
423,48,2.0,1104723747
63,42,2.5,1323403747
195,128,4.5,1636346737
409,13,4.5,1189721248
10,166,3.5,1669432550
267,197,4.5,1650078861
397,159,2.5,1514937263
151,93,3.0,1287346980
300,54,3.0,1436148460
328,51,1.5,1283068209
304,106,3.0,1322868949
62,167,5.0,1427974980
264,13,5.0,1538548645
104,70,3.5,1099438945
56,121,3.0,1157869710
433,34,5.0,1319170031
122,160,3.0,1282628388
347,87,3.0,1263099804
151,182,4.5,1471994748
431,90,1.5,1283071687
244,158,3.5,1133578976
123,173,3.5,1453235358
478,163,4.0,1227579173
476,121,3.0,1678083079
277,55,3.5,1076804277
391,128,3.5,1513666547
249,152,3.0,1617505209
345,2,3.5,1556173919
416,1,4.5,1242652441
7,119,4.0,1070300591
289,128,4.0,1113553674
338,24,1.5,1337063446
112,175,4.0,1235572129
279,119,2.5,1169968416
178,5,5.0,1591889376
375,186,3.5,1057537921
214,2,3.5,1605600251
44,165,5.0,1245340272
339,88,5.0,1457776444
258,66,3.0,1544278505
104,152,2.0,1174049006
178,109,1.5,1644944553
215,72,2.0,1294661074
66,124,4.0,1031952056
238,114,3.5,1013105073
463,67,2.5,1188500102
73,195,3.0,1087358588
227,10,5.0,1545542200
214,170,5.0,1331674925
382,156,5.0,1359651232
104,158,2.5,1541491893
111,126,4.5,1322133764
124,120,4.5,1476524355
119,42,5.0,1375479309
271,155,3.5,1482638449
345,171,2.5,1692564433
26,18,2.5,1392741887
149,4,3.5,1094053817
473,41,3.5,1008684291
423,7,4.0,1444749183
376,161,2.0,1316530626
294,112,5.0,1388976347
477,139,2.0,1179095381
362,161,5.0,1131523996
145,191,3.0,1649759138
93,30,5.0,1547745554
414,21,1.5,1082447475
407,119,5.0,1231856733
291,68,2.5,1012302404
216,91,2.0,1420451614
252,143,5.0,1362887850
163,110,4.5,1119184990
477,132,1.5,1430277610
403,122,3.5,1535484126
155,103,5.0,1500705472
482,8,4.0,1110537960
363,172,3.5,1063784652
184,154,5.0,1350083004
390,70,4.0,1678172105
17,144,1.5,1199635496
133,159,3.5,1469448856
238,43,4.0,1272301496
15,179,4.0,1548368704
180,164,3.0,1688225355
324,192,4.0,1200010490
467,183,3.5,1085555989
180,193,1.0,1455628475
385,148,2.0,1395224853
336,66,4.0,1605897404
283,111,4.5,1318790383
423,180,2.5,1242622145
30,34,4.5,1682703788
20,158,4.0,1288632770
310,34,3.5,1007001866
453,122,4.0,1512325597
405,88,4.0,1291022596
134,83,4.5,1109090315
455,122,4.5,1131410475
160,20,2.0,1144961884
390,72,2.5,1242144220
339,74,5.0,1130254285
313,59,4.5,1138595618
295,136,4.5,1312029552
428,78,4.5,1659059975
420,172,5.0,1136824079
258,185,3.5,1531218218
127,31,3.0,1651098180
301,77,4.0,1151189559
427,22,3.5,1195225128
49,101,5.0,1078964021
3,56,5.0,1199596121
54,25,4.5,1469691144
298,71,2.0,1258477249
153,200,2.0,1222484038
240,2,2.0,1347903773
98,198,3.5,1109107307
49,164,4.5,1174262592
365,32,3.0,1350968093
307,33,2.5,1064920366
301,118,3.5,1269327710
416,8,2.5,1634815319
158,146,4.0,1024201118
57,89,3.0,1288821179
268,56,2.5,1588210762
95,98,3.5,1669139305
340,146,4.5,1586798415
190,163,1.5,1224683656
105,188,3.5,1269940957
439,181,1.0,1357644725
262,155,3.0,1401728494
179,29,4.5,1246075964
141,12,4.5,1550137807
298,51,3.0,1397784928
38,170,3.0,1227200261
425,20,3.0,1528535852
20,54,2.0,1229064256
35,46,3.5,1427299788
143,190,2.5,1055331364
498,79,4.0,1320115682
113,21,2.5,1274851673
208,141,3.0,1696163561
154,144,4.0,1426880200
311,100,4.5,1454557072
8,4,4.0,1365875813
16,166,4.0,1527224802
361,135,2.0,1159977368
35,171,3.5,1259762737
114,116,3.5,1155038203
163,36,3.0,1344728442
363,26,3.5,1149665768
56,143,2.5,1632277790
12,82,3.5,1381159071
180,77,3.0,1256996210
197,129,3.0,1468820783
356,138,2.0,1568820210
117,6,2.0,1107392188
372,53,5.0,1650730680
150,96,3.5,1574367032
23,22,5.0,1590066117
463,96,5.0,1446493656
154,84,5.0,1644621984
103,45,2.0,1074302098
338,189,5.0,1471454370
204,103,3.5,1507708080
4,117,3.0,1450879455
372,193,3.0,1076261605
389,200,3.0,1544997599
473,11,4.0,1164122343
183,182,5.0,1401162293
318,152,1.5,1082261027
210,147,5.0,1073614011
299,164,5.0,1089982379
410,172,3.5,1553765321
344,92,3.0,1429241899
262,117,2.0,1002013234
174,99,2.5,1309458428
395,198,3.0,1508896214
327,7,3.5,1013627014
145,63,3.5,1254439124
324,16,4.5,1604378415
151,2,4.5,1509982590
44,1,4.0,1273426033
349,36,3.5,1096557907
228,151,5.0,1549075209
293,186,4.5,1218322969
402,26,4.0,1423621681
302,197,3.0,1090390443
283,178,5.0,1277748352
149,82,4.5,1028516716
357,137,3.0,1166426430
321,50,1.0,1513361040
414,24,3.5,1286793872
471,139,2.5,1577775144
165,144,4.5,1484495417
195,42,4.0,1244625461
431,64,1.5,1409396447
382,168,4.0,1037269194
205,164,5.0,1518270525
456,153,3.5,1179700978
313,56,3.5,1690028753
103,152,3.0,1180497617
44,17,3.5,1187489369
473,24,5.0,1566582427
176,20,5.0,1394300793
326,169,3.0,1566888531
356,104,3.5,1483190184
10,94,3.5,1158710422
79,1,4.0,1494847647
300,135,4.0,1339449937
65,144,3.5,1027212985
26,78,2.0,1141715544
8,184,3.5,1399202463
186,102,3.0,1248245231
254,88,2.5,1226490737
492,8,4.5,1610783410
342,63,3.5,1239057627
313,101,2.5,1593396940
348,79,5.0,1423766530
315,121,4.0,1154275955
313,46,4.5,1556109146
372,1,5.0,1230001040
108,119,3.0,1095031594
287,106,4.0,1248369820
81,80,1.0,1693350909
147,48,4.5,1571042923
273,150,3.5,1036327211
127,185,4.0,1075138031
257,188,3.5,1416675168
188,72,5.0,1335585491
435,165,5.0,1275387500
98,174,0.5,1269295521
121,81,4.0,1052017103
385,155,3.0,1527961909
301,115,4.0,1271435121
58,178,4.0,1272214544
224,189,2.5,1643900655
484,129,3.5,1472333011
168,157,2.5,1382553489
437,26,5.0,1510010356
106,181,4.0,1572552987
117,126,4.0,1451331251
483,163,4.0,1623758607
9,189,2.0,1595439700
216,195,4.5,1374586862
476,84,5.0,1547752145
417,34,1.5,1265190707
161,200,3.5,1259314159
315,62,4.5,1594527754
438,155,2.5,1608540501
488,155,4.5,1637664729
459,48,3.5,1198992602
73,62,2.5,1379723138
39,77,0.5,1277222889
175,43,3.5,1534143504
488,74,3.5,1161167746
143,200,5.0,1574660943
100,142,4.0,1240598846
117,52,3.0,1341693173
179,44,1.5,1112161408
210,77,4.5,1657676594
117,58,3.5,1226278659
429,65,3.0,1481568387
64,72,3.0,1641254830
321,53,5.0,1562500518
472,80,5.0,1235209144
118,24,2.5,1614693109
396,185,0.5,1107894760
28,37,3.0,1507735184
118,20,4.0,1656810638
147,135,3.5,1291647734
406,88,1.5,1528390159
435,137,5.0,1162113925
292,10,1.5,1081574235
1,58,2.5,1559922079
305,174,2.5,1275490768
347,121,2.0,1459624728
187,183,1.0,1647761446
4,24,3.5,1539539501
194,152,5.0,1585976270
345,68,3.5,1388652915
478,147,2.5,1298119988
101,16,5.0,1132941169
177,158,4.5,1473308561
12,140,2.5,1449255917
128,179,4.0,1670582291
383,58,5.0,1616795478
70,51,2.5,1556472452
6,30,3.5,1604265983
356,16,3.0,1613402470
485,52,2.0,1602091787
403,182,3.5,1585882269
280,190,4.0,1420714719
262,26,3.5,1229666817
349,200,2.5,1348652491
35,176,5.0,1393944304
333,149,3.0,1308535412
58,9,4.0,1580783879
311,48,4.5,1607272484
375,31,0.5,1123453876
95,141,4.5,1239401270
14,144,3.5,1694930647
268,180,3.0,1422288372
11,30,3.5,1487362776
455,198,4.0,1575746618
215,12,1.0,1648906299
287,155,3.5,1548501848
362,51,4.0,1688957517
272,161,5.0,1142003318
122,15,2.0,1605810531
476,197,4.0,1598721854
223,92,3.0,1409988767
19,199,4.0,1536024385
139,64,4.5,1664529923
207,103,2.5,1642998940
249,118,5.0,1267885744
483,196,5.0,1516839190
266,147,4.5,1479034242
335,37,3.0,1335825999
292,67,3.0,1105238571
456,149,4.0,1373365651
245,50,3.0,1132316642
469,59,3.0,1518256568
397,65,5.0,1182183110
10,62,4.0,1383252147
379,16,4.5,1016457616
496,1,5.0,1540532929
196,71,3.5,1397542411
399,122,2.5,1472496844
429,86,2.0,1492559748
363,161,5.0,1584081231
237,103,3.0,1487799131
89,191,0.5,1624204871
194,18,0.5,1482025911
309,138,1.5,1419554011
427,33,3.0,1646271277
172,92,3.0,1505531975
238,36,4.0,1135362908
328,154,2.0,1376000632
193,180,4.0,1525697809
52,145,4.5,1019387691
364,179,3.5,1029903402
30,154,3.0,1591403481
8,152,2.5,1241435982
101,63,5.0,1196716620
31,35,2.0,1512272955
96,17,5.0,1497287380
448,62,3.5,1138485310
481,32,2.5,1540571415
335,161,4.5,1621998784
207,54,4.0,1665821212
256,19,4.0,1038701952
88,50,4.5,1168324987
292,184,3.5,1341220864
329,160,4.0,1574350100
423,63,5.0,1540657869
46,22,3.5,1527371931
149,174,4.5,1422411921
351,19,1.0,1320944122
456,199,4.0,1112525152
351,146,5.0,1493115443
78,106,1.5,1173668673
383,64,5.0,1679733874
337,77,4.5,1689153623
258,84,1.5,1538262589
147,38,3.5,1551704594
466,88,4.0,1470824705
9,102,4.5,1274210501
399,176,3.0,1361884238
164,167,4.5,1062675466
326,76,5.0,1210722809
53,33,4.5,1231393935
384,182,5.0,1626458708
426,52,3.0,1099482557
424,143,4.5,1622974490
279,192,5.0,1209674005
353,104,2.0,1240390914
433,137,4.0,1080425364
114,48,2.0,1412617770
190,85,5.0,1677174981
84,152,1.0,1593628760
52,164,3.0,1161083624
114,183,5.0,1032904996
245,64,3.0,1314672477
481,158,3.5,1384869815
337,44,5.0,1135816742
316,81,3.5,1100243264
393,61,1.0,1062221273
101,125,2.0,1454438932
175,60,5.0,1333703212
20,84,5.0,1100485724
395,185,1.0,1445316098
166,88,2.5,1534562858
325,118,2.5,1020212915
170,23,3.0,1292946216
200,104,2.5,1427948408
58,197,3.5,1078120042
227,130,3.0,1380226472
338,185,3.0,1196879052
187,56,2.0,1607649544
439,24,4.5,1190198395
107,168,2.0,1508981294
337,4,4.0,1270876315
303,54,4.5,1103032091
312,196,5.0,1378458347
485,99,4.0,1243540829
498,74,4.0,1216882826
443,167,1.5,1508345073
136,111,5.0,1683130295
13,28,3.5,1388742392
262,196,4.0,1340589255
29,155,4.0,1144036920
314,21,3.5,1132565428
56,180,3.5,1581411913
229,79,3.0,1599644155
337,22,4.5,1401753378
179,27,1.5,1489923507
107,195,1.5,1075013923
477,21,2.5,1559240524
98,87,5.0,1204451897
246,118,4.0,1300589786
72,178,2.5,1625835751
4,179,2.5,1672527617
394,57,3.5,1113584923
16,101,4.0,1680350177
256,182,5.0,1574446654
366,68,5.0,1325644518
283,97,3.5,1299771239
234,145,5.0,1274017489
367,38,3.5,1274136509
470,30,4.0,1024530921
259,166,4.5,1621683242
50,119,5.0,1459041190
158,152,5.0,1138783876
119,104,2.0,1544619225
175,149,3.5,1471880369
459,66,5.0,1482050500
122,95,2.0,1375469638
257,51,1.5,1130255874
349,37,1.5,1438076466
426,129,3.5,1413278687
244,195,5.0,1036760708
405,132,1.5,1184180394
136,109,2.0,1681976981
203,107,3.0,1603019834
190,44,2.5,1011119605
131,148,2.0,1340966707
494,38,1.0,1241619502
57,58,3.0,1675150844
219,156,5.0,1350567728
389,50,4.0,1465663287
129,53,5.0,1674961950
388,112,3.0,1324496058
43,195,2.5,1076684522
324,153,4.0,1108296005
326,107,3.5,1029820074
133,97,3.5,1478709210
240,188,5.0,1656341584
293,17,2.5,1045348204
359,86,2.5,1573105156
403,196,4.5,1424542723
428,199,4.5,1301268982
427,121,2.0,1572521972
40,168,3.5,1440434447
152,46,1.5,1544636158
327,152,4.0,1234246906
342,92,3.0,1412421090
480,105,3.0,1248158416
236,37,2.0,1514857677
147,13,5.0,1029044243
386,41,4.0,1583211061
78,142,4.5,1237212040
278,44,3.5,1096837875
231,180,5.0,1176918177
253,74,1.5,1510301899
356,161,3.5,1041669351
175,152,5.0,1264033615
211,76,1.0,1579138752
387,176,3.5,1619781263
323,157,4.0,1107967699
186,97,3.0,1476416901
431,123,4.5,1413540642
146,157,4.5,1150148712
489,112,3.0,1088667634
251,165,3.0,1324444290
142,74,2.0,1081872262
103,77,4.0,1432205133
283,158,3.5,1347201437
16,19,3.5,1037630229
127,135,3.5,1636381325
103,176,2.5,1451057590
34,161,2.0,1416223064
481,95,4.0,1495926130
471,53,3.5,1647927529
387,159,2.5,1580741628
474,125,2.5,1034011311
298,138,4.5,1178769896
190,64,4.5,1691514469
365,11,4.5,1617298835
196,76,3.5,1225487281
104,39,2.5,1412067351
365,88,5.0,1524725229
375,164,3.0,1028780848
455,75,4.0,1278720767
21,149,2.5,1306652551
346,26,3.0,1443675210
284,112,0.5,1184068717
373,96,2.5,1641916360
10,46,1.5,1152634192
210,102,4.0,1600624053
387,157,3.0,1306085580
65,113,3.0,1479696236
244,52,5.0,1465722000
78,72,2.5,1450602290
452,134,3.5,1450145437
30,62,4.0,1049363871
496,178,2.5,1313623750
432,31,5.0,1399908603
456,80,5.0,1547317135
207,46,5.0,1446689362
354,109,2.5,1285584334
17,31,2.5,1177360310
392,93,1.0,1250902968
225,93,3.5,1352603597
429,61,3.5,1493049267
113,144,4.5,1004946630
417,17,5.0,1494650912
154,180,2.0,1225309055
196,146,3.5,1190246753
16,146,3.0,1683917719
470,121,3.5,1087308479
454,54,5.0,1405832788
231,61,3.5,1297831255
453,21,4.0,1414051940
24,176,4.0,1117172687
305,98,4.0,1195801808
232,43,2.5,1000388369
384,32,5.0,1293039289
243,176,3.5,1559481903
265,179,4.0,1175164561
203,155,4.0,1486138895
491,20,1.0,1536636712
168,82,2.0,1618363892
365,66,3.5,1094300608
428,19,2.5,1261615146
169,185,4.0,1054881706
497,123,2.5,1254468442
433,134,3.5,1559222043
201,112,1.5,1366302746
396,125,4.5,1426148216
424,136,4.0,1223300987
169,52,4.0,1038300069
270,12,3.5,1375153571
346,124,2.5,1462099176
20,30,5.0,1305146074
404,119,5.0,1492589742
12,161,3.5,1189304945
481,4,3.0,1474289881
160,181,1.5,1431437618
97,92,4.0,1410728505
35,103,2.5,1513820975
188,19,3.0,1297946085
117,43,4.5,1420261178
253,191,2.5,1329655371
136,149,5.0,1347646254
132,77,2.5,1608201614
210,81,1.0,1249857647
406,156,2.5,1506317533
260,155,4.0,1042891981
492,61,3.5,1073641543
92,121,3.5,1458941915
351,66,3.0,1614643704
327,191,3.0,1521699329
229,154,2.0,1137379516
490,168,3.5,1529126439
342,94,5.0,1559210154
157,55,3.5,1520927943
181,188,2.5,1249034739
313,200,3.5,1417086975
383,33,5.0,1592672451
251,89,3.5,1189866441
12,59,2.0,1500636995
236,24,4.0,1111547058
29,47,4.0,1157761097
442,122,4.5,1510927388
104,52,4.5,1051529500
428,159,3.5,1545295730
334,192,2.5,1152764010
214,14,2.5,1399567606
421,146,3.0,1074772364
163,13,4.0,1018980792
187,179,2.5,1428399713
259,144,3.0,1087831597
451,170,2.5,1349336595
100,23,5.0,1499433425
234,54,3.0,1453862458
421,165,4.5,1278500387
495,81,5.0,1228533760
285,83,2.5,1001991042
250,36,4.5,1333112107
120,144,3.5,1242270390
416,66,5.0,1374466875
138,20,2.5,1380302722
154,110,4.0,1369686612
396,194,4.5,1178316734
175,56,2.5,1002465361
404,124,3.5,1179777182
59,115,3.5,1067078972
414,187,5.0,1234134576
226,34,5.0,1370264875
48,146,5.0,1012063667
253,166,5.0,1423855902
203,26,0.5,1179419975
160,151,3.5,1534035288
198,188,3.5,1504040368
171,184,4.5,1078262995
379,3,2.0,1499739274
290,23,4.5,1210033255
403,114,1.0,1644416576
83,169,4.5,1329549268
158,164,1.5,1301186704
192,52,5.0,1383105563
327,98,5.0,1351213020
470,147,3.0,1348669960
443,146,4.0,1337721505
70,195,3.5,1643499411
228,58,1.5,1516752002
276,180,4.0,1040522555
292,146,5.0,1071490865
437,34,3.0,1177627783
305,25,4.5,1550126481
450,179,2.5,1325848861
299,183,4.5,1237607008
260,22,3.5,1129333141
273,18,3.5,1119650793
409,33,4.0,1664515080
282,32,5.0,1489605397
100,190,4.0,1116925321
236,131,2.0,1483912181
45,16,2.5,1689472480
494,76,3.5,1082579951
234,16,4.0,1633939152
370,41,2.0,1388552712
439,41,4.0,1404535079
206,118,4.5,1259550499
309,23,3.0,1487292411
86,31,5.0,1525690943
243,168,2.5,1079251198
346,112,3.5,1367575449
3,110,1.0,1542983798
434,73,3.0,1381017198
347,18,3.5,1509580705
39,13,3.0,1302667675
251,12,2.5,1382565583
84,133,3.0,1053401301
281,185,4.5,1155709531
354,98,1.0,1547624013
226,122,1.5,1455527941
312,32,3.0,1182185866
239,136,3.5,1667719587
371,62,2.5,1265964144
239,163,3.5,1041131535
340,134,4.0,1692984058
204,161,4.5,1603026885
218,24,5.0,1477167356
372,30,2.0,1237585324
427,84,2.5,1671160291
154,112,2.5,1136109680
394,27,4.5,1149273347
238,87,2.5,1397212847
279,180,4.0,1508267105
194,156,2.0,1420636627
479,193,2.5,1618346780
470,92,2.5,1414622356
289,145,4.5,1110991145
193,45,2.0,1171071962
258,38,5.0,1020839423
480,107,4.0,1636029821
173,192,2.5,1359545346
317,198,4.0,1536166848
415,24,2.5,1193491716
47,112,2.0,1483588318
91,111,4.5,1256072984
105,28,5.0,1621472546
467,64,4.0,1652905194
219,16,2.0,1179780160
495,111,2.5,1156583118
346,57,5.0,1578780966
89,61,4.5,1066830817
128,16,2.0,1383991406
446,32,2.5,1623679761
368,175,3.5,1320805144
111,32,3.5,1351144956
39,120,5.0,1511855971
367,35,2.5,1570015104
451,34,4.0,1213259197
486,15,4.0,1004138120
13,195,1.5,1629956446
185,139,0.5,1291331349
375,83,3.0,1666666984
409,134,4.0,1691986920
74,125,5.0,1596371116
157,95,2.5,1670152627
129,78,4.0,1511264019
354,196,3.0,1668487676
481,109,5.0,1026106744
288,134,3.5,1020575446
402,159,3.0,1614338187
143,185,3.5,1269236425
405,153,3.5,1000553851
203,70,5.0,1611940927
208,118,3.5,1208153247
328,1,4.0,1290999428
67,16,1.5,1398141559
345,199,2.0,1514100011
284,85,3.0,1405935392
455,151,3.5,1101668195
5,139,2.5,1688550924
476,154,4.0,1276257585
421,126,3.0,1261666689
332,152,5.0,1501960138
342,193,3.5,1237660571
116,36,4.0,1113888762
452,5,3.0,1248248035
202,131,3.5,1675233041
422,74,4.0,1128643302
447,32,3.5,1211153864
251,99,3.0,1208414273
450,134,4.0,1566348003
355,87,3.5,1301158829
222,114,4.0,1044335248
147,16,5.0,1413534368
155,94,4.5,1082312034
387,64,2.0,1188883232
188,101,0.5,1656610655
447,9,5.0,1030953555
284,59,4.0,1309689245
165,71,4.0,1434373141
76,48,2.5,1304093308
409,160,1.0,1019103924
443,72,1.0,1062786520
280,70,3.0,1110783980
295,191,3.5,1634235722
253,50,5.0,1349909361
105,140,4.0,1011305889
369,122,4.5,1459546395
224,106,3.0,1489558434
300,9,3.0,1031704003
317,181,1.5,1085105416
226,46,2.0,1651457898
150,164,2.0,1027184405
310,137,3.0,1182480316
112,195,1.5,1011111508
382,170,2.5,1001383760
186,189,3.5,1545094568
55,40,0.5,1199214815
170,112,5.0,1463196866
375,19,5.0,1503595984
97,69,4.5,1000618299
232,80,4.0,1211763280
153,44,4.0,1449780857
352,184,4.0,1035113771
272,167,3.5,1633513592
412,97,3.5,1416867964
130,44,1.5,1670448548
422,94,3.5,1280177304
442,194,4.0,1598985112
20,92,4.0,1609029132
403,80,5.0,1598001484
242,20,5.0,1288641250
164,77,3.0,1043451355
35,195,2.0,1422057323
188,65,5.0,1126984382
354,189,4.5,1124018679
94,69,3.0,1053213945
289,185,3.0,1610310845
286,59,3.0,1462315379
313,175,4.0,1055444479
60,68,5.0,1463483347
258,181,2.5,1105263131
419,96,4.0,1063053238
330,193,4.0,1601437898
354,153,1.0,1211373097
492,87,5.0,1324435132
45,189,4.0,1202833232
359,167,5.0,1299538033
66,187,1.5,1341089643
46,115,5.0,1342934660
74,116,3.0,1092020898
118,132,0.5,1595610346
241,61,2.0,1148337421
245,44,2.0,1638378037
75,153,2.5,1160424309
193,191,2.0,1109060972
48,174,4.5,1535401898
193,4,3.5,1344496877
288,115,4.0,1509482025
47,110,4.0,1385215191
160,2,3.0,1375519838
114,10,1.5,1050441873
198,64,1.5,1161374134
420,40,1.5,1005425969
293,99,2.0,1518609237
346,120,5.0,1318557400
438,198,1.5,1361324583
366,159,5.0,1620557934
467,65,2.0,1064914205
354,89,2.0,1155132613
470,8,4.0,1072643188
486,146,5.0,1302863852
82,71,1.5,1081761220
93,33,3.5,1443707349
235,7,5.0,1325085486
498,21,4.5,1675049949
99,92,1.5,1618388695
201,156,3.5,1375500904
310,92,1.5,1012937872
169,118,4.0,1107148908
198,82,3.5,1013329457
13,26,4.0,1451454163
253,123,2.5,1021107076
391,48,2.5,1690068748
29,196,4.5,1453719230
239,5,4.5,1419574723
12,133,5.0,1638865836
89,30,5.0,1249071632
181,46,1.5,1469111226
452,6,5.0,1432557410
285,172,3.5,1341574648
129,105,4.5,1065517534
249,142,3.0,1082376271
475,100,2.5,1006014945
224,9,3.0,1411655648
172,20,3.5,1357271929
144,16,4.0,1464974215
408,13,4.5,1239636880
145,51,2.5,1455905402
306,142,2.0,1439253042
104,100,1.5,1323871639
121,176,3.0,1195130959
431,94,2.5,1304647930
463,152,3.0,1286940351
163,113,3.5,1169537491
53,119,1.5,1285429833
128,1,3.0,1376872314
312,132,4.0,1011124079
182,38,3.5,1320882864
424,187,3.0,1444565446
208,53,3.5,1299232830
307,187,3.0,1234047567
401,156,2.5,1699786783
162,59,2.0,1668757507
419,103,5.0,1578009933
58,97,4.5,1087902333
342,65,5.0,1279351803
83,46,4.0,1343038940
441,4,5.0,1258642453
54,150,4.0,1664572185
53,161,1.0,1197169456
143,69,2.5,1335212203
400,73,4.0,1374634222
452,22,4.0,1407622293
366,46,3.5,1259685995
490,18,2.0,1623084969
254,29,3.0,1491750963
323,128,4.0,1275246143
392,34,3.5,1315893932
287,49,4.5,1088431295
11,114,2.0,1026779293
170,124,4.0,1313934567
383,144,3.0,1014242975
468,51,3.0,1075408813
181,65,3.5,1223545313
60,5,1.5,1204697650
6,133,3.5,1111273761
29,49,5.0,1635251307
446,133,2.0,1222393203
482,66,5.0,1624938523
281,29,2.5,1327416673
341,144,4.0,1404046386
479,183,2.0,1408905954
499,196,5.0,1558794768
180,23,2.0,1344695003
93,116,3.5,1264194631
471,135,3.0,1542836704
374,141,3.5,1371753585
354,152,3.5,1194782848
386,92,3.0,1515607821
111,121,2.5,1694018950
188,194,3.5,1414203967
317,191,3.5,1396470215
364,68,4.0,1521258887
49,2,4.0,1167863221
446,135,4.5,1216261046
480,36,4.0,1598038242
401,17,3.5,1670768327
309,166,3.0,1630474783
246,30,1.5,1505506797
323,54,3.5,1394756046
480,96,5.0,1446011272
325,137,2.5,1371838312
284,76,2.5,1696059538
133,162,5.0,1225542706
122,21,5.0,1175414096
337,193,2.5,1501553673
60,104,5.0,1265124966
276,177,4.0,1157429949
395,122,4.5,1147280449
62,141,3.0,1273970439
381,148,4.0,1675992387
158,48,4.0,1680459450
400,64,2.5,1018376497
165,181,5.0,1565680990
387,71,3.5,1166022947
201,107,3.0,1247904903
140,121,2.0,1084971517
374,105,4.0,1564808286
125,147,4.0,1247615376
277,122,2.5,1168767992
177,111,3.5,1578283501
497,87,4.0,1459753293
257,140,3.0,1563626361
130,116,4.0,1461654360
233,98,3.5,1190905302
383,154,3.0,1540273450
289,10,2.5,1236705854
488,36,3.5,1018072400
166,164,1.0,1458093936
391,36,5.0,1411405651
113,105,5.0,1688849761
242,84,2.5,1405638711
196,17,2.0,1017645104
236,84,5.0,1422561674
479,46,3.5,1130284424
231,59,3.5,1433191459
40,36,3.5,1259307987
182,100,2.0,1207543669
326,54,4.5,1684253417
210,71,4.0,1485176476
37,182,3.5,1542783427
190,149,1.0,1092280910
217,75,4.0,1645934271
255,62,4.0,1043527780
344,154,3.5,1500195215
411,140,4.5,1180450069
90,74,5.0,1375331886
204,34,4.0,1535327248
473,97,1.5,1634176384
440,15,2.0,1403299742
351,64,2.5,1266833419
318,2,3.0,1409346450
388,23,4.5,1507247876
86,136,4.0,1348621800
88,67,3.5,1217221656
331,80,4.5,1556765346
164,195,2.5,1678996030
308,199,4.5,1350666994
104,156,4.0,1317196590
225,97,4.0,1147465331
51,51,4.5,1697661393
313,24,3.5,1560212287
476,94,1.0,1314783183
377,163,2.5,1229385678
333,104,4.5,1092840900
388,193,3.0,1168155625
316,188,2.5,1058264169
63,196,3.5,1683259889
467,74,5.0,1583256027
45,125,4.0,1159527753
365,19,5.0,1659008847
271,70,4.0,1256138369
152,94,4.0,1358146417
457,196,3.0,1616807139
169,30,1.5,1069581208
43,33,3.5,1519349052
161,175,3.5,1623302916
282,30,4.5,1418433051
474,12,4.0,1158174032
387,155,4.0,1303247809
259,101,5.0,1123103013
112,104,3.0,1214546396
90,135,4.5,1257593238
355,52,5.0,1377109005
109,46,3.0,1214593567
482,148,3.0,1183680453
269,15,2.5,1123052917
299,130,2.0,1669292659
333,94,5.0,1370904698
351,61,5.0,1515461491
63,129,4.0,1457180130
236,39,3.0,1376683523
304,96,5.0,1482006386
48,143,4.0,1471037629
301,198,2.5,1530976187
343,119,2.5,1450187230
475,77,4.5,1677926602
233,71,4.0,1331149549
179,112,5.0,1115079226
140,49,4.5,1289498442
230,165,2.0,1581669778
78,180,2.5,1565827075
82,172,2.5,1127661995
68,196,4.0,1232684474
68,149,3.5,1634351918
182,110,3.0,1213062612
166,152,3.0,1465631712
386,142,4.5,1364724452
127,54,3.5,1434532405
389,102,2.5,1200907193
441,127,2.0,1071547454
2,65,2.5,1629374094
487,59,5.0,1339138103
145,96,2.5,1282096736
500,9,5.0,1014278501
204,86,4.5,1258722383
168,78,2.5,1336420638
257,44,3.0,1230278668
329,195,1.0,1180279031
140,55,3.0,1040583684
217,100,5.0,1565097391
187,108,5.0,1093539744
92,139,5.0,1656653855
73,101,4.0,1533903540
307,68,3.5,1378239593
69,107,3.5,1606140652
7,181,4.0,1694571519
178,114,3.5,1556481044
381,64,2.5,1520358849
129,16,3.5,1437766076
194,101,2.0,1023339232
468,129,4.0,1117947432
275,44,2.5,1335342422
285,162,4.0,1515047072
178,141,2.0,1681336551
213,142,3.5,1307110023
94,173,4.0,1587067171
199,112,3.5,1335385632
51,43,4.5,1442934300
307,105,4.0,1196803640
12,105,3.0,1103140317
369,136,3.0,1654337351
293,180,2.5,1308058556
57,62,2.5,1477351769
318,101,5.0,1465356145
365,58,2.5,1304103350
188,114,5.0,1271179443
378,94,3.5,1475233194
401,92,3.0,1582996605
423,26,3.5,1284313211
189,181,4.0,1384279449
168,155,1.5,1638262761
126,135,3.5,1196658428
128,150,3.5,1332274149
8,72,3.0,1168226662
18,30,1.0,1340457729
424,130,3.0,1373678298
23,95,5.0,1697659903
340,156,4.0,1330130609
130,189,2.0,1036321806
443,182,4.5,1425751760
433,6,2.0,1348848338
440,126,4.0,1572386970
340,91,4.0,1423472679
72,113,3.0,1623198480
215,128,5.0,1580934815
132,127,4.5,1394565775
93,100,2.5,1449554110
418,34,3.0,1602448373
91,178,2.5,1419584443
182,86,3.0,1016584433
4,115,4.5,1271918929
27,81,3.5,1647971925
361,56,4.5,1644606131
82,177,1.5,1538545144
149,127,4.0,1102741808
1,198,4.5,1228816432
247,25,3.5,1058733721
490,157,2.0,1307689650
171,119,2.0,1113195306
439,93,4.5,1166217029
231,93,3.0,1200520434
47,43,2.5,1551821320
470,17,3.0,1193662379
482,2,3.0,1304402623
159,45,5.0,1123118681
252,5,1.5,1340438435
328,93,4.0,1452475829
385,90,5.0,1181149378
111,51,4.5,1606295304
138,88,5.0,1220748555
498,176,3.0,1120970183
268,38,4.5,1125311993
244,200,3.5,1214516388
47,113,3.0,1339806932
184,44,1.0,1338245540
178,106,3.0,1392888818
360,131,5.0,1570661431
328,37,1.5,1267167336
120,136,5.0,1262266068
344,4,4.0,1466061118
447,26,2.0,1546762905
174,95,4.0,1204324567
81,105,4.5,1391939117
91,112,3.0,1420892852
8,55,3.0,1678602299
442,182,5.0,1621981427
183,46,3.0,1510389279
232,184,3.5,1443818330
235,166,5.0,1167352765
270,196,3.5,1095348317
372,173,4.5,1011261827
482,151,3.0,1694656296
96,200,2.5,1263955876
175,186,4.0,1047712906
352,40,2.5,1620550051
496,67,4.0,1622360334
82,97,2.5,1446688612
144,193,4.0,1615878466
469,122,5.0,1540983919
479,182,1.0,1454934685
432,14,3.0,1264417238
215,113,1.0,1125824544
89,5,3.0,1320470016
8,82,4.0,1636180098
188,32,3.0,1464597000
378,200,1.0,1290355896
7,97,4.5,1365208852
100,63,1.5,1563500566
89,161,4.5,1388352921
99,85,2.5,1582914164
147,199,2.5,1029443527
247,42,3.5,1492163431
353,49,5.0,1182113309
311,199,5.0,1278611863
262,133,3.0,1415027007
128,138,2.0,1403739430
418,12,4.0,1250162998
265,105,2.0,1581529317
138,162,4.5,1557220390
409,150,4.0,1333424743
357,80,5.0,1641858241
79,158,5.0,1324750025
33,102,3.5,1517878676
140,155,3.5,1674525390
89,29,2.5,1535898657
424,48,2.5,1399882098
181,168,3.5,1293164292
381,141,2.0,1001819447
351,198,3.0,1034145362
114,98,3.0,1268302598
481,31,4.0,1140164916
123,157,3.5,1564807851
409,146,4.5,1570666681
431,154,3.0,1091793123
48,89,2.0,1534468881
56,176,4.0,1018937605
31,95,3.5,1493048307
316,52,3.0,1307900547
296,133,3.0,1538795460
188,10,3.5,1501025677
188,45,3.0,1666823080
201,63,4.0,1013867950
59,25,4.5,1554515040
336,197,3.0,1182903860
111,19,5.0,1418879681
299,59,3.0,1211385742
109,79,3.5,1498889710
477,120,1.5,1403636687
41,17,3.5,1535774562
309,33,3.5,1058209452
350,158,3.5,1193895763
393,35,4.5,1067610816
313,143,5.0,1148051373
304,41,5.0,1256190850
123,48,3.5,1176059024
59,87,3.5,1237526672
47,101,5.0,1066166227
431,188,2.5,1347965187
116,55,4.5,1057537866
472,138,2.5,1256982542
130,151,5.0,1394669880
292,65,3.5,1622181804
331,145,2.5,1176014106
314,91,2.5,1684854267
173,186,3.0,1519365907
176,57,4.5,1562511377
366,183,5.0,1648936789
320,191,3.0,1332643632
264,195,2.5,1106805143
463,139,5.0,1292046032
252,157,4.5,1106519902
266,151,2.5,1404881947
449,165,4.0,1669745260
43,57,3.0,1692029463
482,125,2.0,1551855776
184,36,3.0,1675041778
130,6,2.0,1594324445
423,21,3.0,1665127283
491,94,3.0,1655816975
13,165,3.0,1585317999
339,87,4.5,1177905066
44,31,4.0,1647699528
78,122,2.5,1534306865
399,55,4.0,1143593070
138,3,5.0,1567455244
220,20,2.5,1561528902
87,52,2.0,1332097442
491,80,2.0,1432054763
121,129,4.0,1301122009
233,194,5.0,1462925809
211,100,4.5,1027120840
15,18,5.0,1290012962
277,22,1.0,1314876372
394,20,2.5,1426067380
447,80,2.0,1300110037
429,44,4.0,1073921830
122,50,3.5,1650058109
295,113,0.5,1025126573
137,56,4.5,1385674668
291,48,5.0,1423839135
183,129,5.0,1368346116
428,135,3.5,1474538827
400,107,4.0,1442775941
140,148,2.0,1194890577
84,80,1.5,1571474642
125,96,5.0,1182897992
154,176,4.0,1673412371
378,139,5.0,1351456495
196,169,3.0,1244303875
475,136,5.0,1120104649
63,99,4.0,1546986089
278,188,2.5,1001223232
116,60,3.0,1295967266
356,46,1.5,1382607319
49,73,2.5,1508929286
25,61,3.0,1126597781
288,22,5.0,1009231638
52,39,3.5,1389538368
497,32,5.0,1522213719
386,198,3.5,1182083038
208,80,2.5,1462587744
60,102,4.0,1156180832
207,69,2.5,1472236704
296,33,3.0,1207539281
92,92,5.0,1056755241
380,161,4.0,1195189726
271,105,2.5,1370652358
408,181,4.5,1365178238
417,50,2.5,1267993294
25,190,1.5,1334288515
186,1,5.0,1604523949
147,143,4.0,1224532198
341,32,3.5,1372906055
138,193,1.5,1512205207
479,177,3.0,1296389316
366,40,3.5,1128524566
262,39,2.0,1438156726
468,37,3.5,1487819105
83,134,5.0,1148921998
417,128,4.0,1225878066
31,75,4.0,1455431290
245,15,3.0,1696663601
289,131,2.0,1491901358
151,33,3.0,1090896210
387,163,5.0,1080473880
171,182,3.5,1245000742
398,151,3.5,1444113219
229,189,3.0,1370913244
202,199,2.0,1317401462
463,105,5.0,1205501289
320,156,3.5,1003284645
268,89,3.0,1598558116
50,163,3.5,1454572969
123,109,3.0,1405145330
379,12,4.0,1032415355
434,94,2.5,1131888146
344,100,3.5,1579152420
314,164,3.5,1333059288
358,127,5.0,1632471140
57,131,5.0,1165406400
92,57,4.5,1497805544
494,174,3.5,1544466470
85,30,4.5,1385292264
150,131,4.5,1461804953
119,91,3.0,1180901375
25,86,1.5,1428154045
480,49,1.0,1451781570
413,46,3.5,1423462193
349,191,3.0,1101333864
167,179,3.0,1348040644
162,53,2.5,1625284764
192,1,2.5,1028927505
148,122,4.5,1461553723
30,61,0.5,1391420583
377,109,4.0,1521886911
241,16,3.0,1610367004
210,56,5.0,1591062684
423,111,4.0,1372219922
178,143,1.5,1134879833
360,163,1.5,1293934649
201,154,2.0,1184176755
208,175,4.0,1205958408
476,151,1.5,1158015608
85,162,3.5,1070298221
492,156,4.5,1517708139
475,146,3.0,1016595148
201,189,2.5,1441176734
423,103,1.0,1676477773
62,188,5.0,1451113054
190,111,5.0,1408571278
34,182,5.0,1005343777
66,113,3.0,1112400189
80,115,3.5,1028275512
302,95,4.5,1034060948
109,44,3.5,1273248870
109,128,0.5,1181638360
290,87,4.5,1550711972
129,152,5.0,1655067667
323,8,5.0,1180732102
118,193,4.0,1127623160
214,76,4.5,1302088593
209,7,2.0,1135265000
273,48,3.5,1691206315
109,10,2.5,1082063543
214,65,5.0,1312069849
25,104,3.5,1636178985
265,121,3.5,1375212998
391,130,2.5,1547750932
387,51,2.0,1038884772
264,191,2.0,1323392622
373,50,4.5,1067856175
106,24,4.0,1038757690
248,74,4.0,1388326015
423,188,4.5,1242999151
320,79,2.5,1148693449
5,17,1.5,1225567725
415,88,4.5,1031532083
120,47,3.5,1401218832
288,191,4.5,1141013376
154,75,4.0,1346471328
455,2,3.5,1109880158
73,182,3.5,1009228075
182,126,5.0,1324021335
457,69,3.0,1477060115
191,85,4.5,1527312302
385,141,4.0,1128715332
310,119,1.5,1656254121
129,77,2.0,1397341337
11,197,3.5,1535423792
49,47,3.0,1139864169
122,123,2.5,1607183174
383,153,5.0,1441763685
56,48,1.5,1034436702
101,33,3.5,1360698120
359,17,2.5,1683278069
464,112,5.0,1271913067
398,26,5.0,1159578030
412,66,3.0,1532371180
442,45,4.5,1475516412
306,93,5.0,1585517596
167,22,4.5,1314747873
323,131,4.5,1091593278
215,39,1.5,1561661454
111,166,5.0,1227213549
469,189,4.0,1563095887
237,164,3.0,1496920576
173,19,3.5,1505794872
162,113,4.0,1621948563
228,159,3.0,1499168120
110,182,3.0,1421218049
132,171,2.5,1337097472
188,118,4.0,1592821243
141,143,3.5,1124748105
394,103,2.5,1463972822
133,57,3.5,1440931125
188,38,3.5,1401073170
166,112,4.0,1458175505
293,42,3.5,1400147735
381,14,4.0,1306835582
495,38,3.0,1621927731
385,93,3.5,1057744597
376,68,4.0,1234274067
15,74,4.0,1644396028
451,33,5.0,1244943547
428,48,5.0,1127094799
414,64,3.5,1366570124
198,23,2.0,1233413044
487,66,4.5,1039180568
465,79,4.0,1409173822
217,145,4.0,1430008334
22,125,4.5,1118783285
359,121,3.0,1586569130
136,120,1.5,1615718368
495,137,2.5,1335068685
349,78,0.5,1063411731
126,188,4.0,1221336313
415,159,3.5,1606846146
418,79,4.5,1341379997
462,2,4.5,1409868758
162,169,3.0,1182740210
422,178,2.5,1388078584
7,128,2.5,1359842006
178,125,5.0,1316100338
58,120,3.5,1114682802
380,117,3.0,1351074424
373,92,4.0,1533702445
315,55,1.5,1080426902
369,117,3.0,1288252048
35,102,2.5,1409403128
401,191,2.0,1269449172
133,128,3.0,1139981916
48,72,3.5,1674589156
460,65,2.0,1472646468
252,184,3.0,1665347393
498,194,3.5,1049399541
109,104,4.0,1640823190
269,38,3.0,1112824782
232,65,4.0,1326813846
201,196,3.0,1656354438
251,86,5.0,1602966954
446,5,4.0,1323611681
472,179,2.5,1616140133
441,141,3.0,1221600872
22,37,4.0,1326762864
247,85,3.0,1365788722
244,35,1.0,1689873067
476,54,4.0,1298527813
45,156,3.0,1111452879
242,60,4.5,1225372598
444,40,3.5,1285531743
77,89,4.5,1653258862
355,58,5.0,1283571772
43,74,5.0,1597757183
246,93,3.0,1498877861
364,175,4.0,1139370651
392,29,3.5,1159971880
277,148,4.0,1456408024
386,38,1.5,1696073452
104,24,5.0,1451905369
349,148,0.5,1418336068
151,42,3.5,1054792126
330,32,1.5,1375036752
484,4,2.5,1056755993
43,127,4.0,1249504246
111,139,4.5,1235886233
403,23,4.5,1095879624
395,34,3.5,1400484758
454,173,4.5,1586404858
403,8,3.5,1298247752
98,121,2.5,1146774899
341,43,4.0,1248652741
103,93,2.5,1175421315
82,33,3.5,1153460992
29,71,3.0,1189441771
63,36,1.5,1556953986
227,29,4.0,1134134655
190,165,3.5,1092594796
104,84,5.0,1040112553
364,107,1.5,1040938632
497,143,2.5,1659129168
165,186,5.0,1538893034
214,174,4.0,1164195898
433,111,4.5,1384725285
299,55,5.0,1282086441
324,87,2.5,1594539569
236,65,2.5,1105631613
280,23,4.5,1265191712
244,98,4.5,1679004051
17,19,3.5,1614511777
164,143,3.5,1419646803
489,39,2.5,1159498562
44,7,5.0,1692841180
181,110,5.0,1042106022
486,174,5.0,1666077918
447,11,4.5,1026423462
183,23,4.0,1131674196
500,61,4.0,1195686514
346,15,1.5,1364413792
288,12,3.0,1519942402
389,40,4.5,1331467567
337,66,2.5,1044449448
324,69,3.5,1493420451
59,95,5.0,1274388442
303,183,5.0,1209565496
238,93,4.5,1037531481
380,188,4.0,1263236891
19,143,4.5,1133501275
248,151,3.0,1278935892
281,34,5.0,1565966703
367,189,1.5,1380916410
239,96,3.5,1557545448
110,7,3.0,1036144501
435,185,4.5,1289137052
267,141,3.0,1351417325
211,123,5.0,1688832293
92,199,4.5,1108971425
362,160,2.5,1639044416
124,148,0.5,1525523859
381,189,2.0,1380830962
15,115,4.0,1138344986
97,186,3.0,1650563782
102,11,3.0,1391383829
18,72,2.5,1535668142
395,130,4.5,1088941550
452,67,3.0,1653419715
144,81,3.0,1181146332
345,83,4.5,1099404644
230,74,5.0,1574519362
323,1,2.0,1378306497
160,172,5.0,1475231556
96,6,3.5,1426103393
206,86,4.5,1368043534
5,123,4.5,1539765745
71,143,3.5,1685785201
13,55,3.5,1402801067
472,55,4.5,1531698166
409,188,2.0,1359681330
56,10,2.0,1226772888
173,1,5.0,1652624828
143,186,5.0,1415047824
5,132,4.5,1018110003
52,125,3.5,1693495865
287,3,1.5,1660315856
410,15,3.0,1514077349
158,33,4.0,1240577002
459,38,5.0,1141473866
15,56,4.0,1225121899
42,182,4.0,1122840993
131,86,3.5,1232613666
304,94,4.5,1516140987
114,90,2.5,1343368179
147,95,3.5,1280689295
124,144,3.0,1587092311
152,70,5.0,1390903966
80,12,0.5,1187003661
98,143,3.5,1588093168
498,95,4.0,1368361518
335,92,1.5,1489888106
58,156,4.5,1533339468
445,35,3.5,1153115627
239,17,2.5,1100430971
116,61,4.5,1036963491
336,116,2.5,1568103081
387,3,4.5,1092437650
80,176,3.5,1572391935
461,44,3.0,1065991837
500,111,2.5,1666965194
9,199,2.5,1304407671
391,120,4.5,1168675356
57,186,5.0,1250186690
436,155,4.5,1627714209
39,46,3.5,1108662433
156,71,4.5,1140271445
87,178,4.0,1650821530
187,96,3.0,1219021870
303,114,2.5,1312989795
162,122,3.0,1136549520
61,100,2.5,1485557628
103,139,3.5,1411470473
106,19,5.0,1439015462
110,90,4.0,1676159240
1,162,5.0,1566486808
208,30,3.5,1281031827
307,54,3.5,1633673230
42,127,1.5,1080300144
125,38,4.5,1337245839
291,163,2.5,1632414141
443,63,2.5,1019717271
94,190,2.5,1528191889
150,94,4.0,1648414796
49,92,3.0,1603279331
229,66,5.0,1210506108
100,9,5.0,1232695885
77,39,3.0,1409730350
267,47,0.5,1400336878
211,133,3.5,1080211159
286,61,3.0,1348967542
286,62,4.5,1093828247
113,186,3.5,1369135406
25,67,5.0,1031675921
468,74,4.0,1009182690
43,120,2.0,1552998355
240,121,2.5,1091335140
311,77,3.0,1152734702
168,125,3.5,1317668896
199,59,3.0,1161004928
447,34,4.5,1448551771
84,87,4.0,1145082958
381,181,3.0,1337197406
333,152,4.5,1439104161
441,38,2.0,1170391607
2,132,4.5,1039775895
365,121,4.5,1681121595
478,109,4.0,1204588089
198,72,4.0,1400678334
469,85,4.5,1617453831
383,81,5.0,1317961978
130,27,4.5,1657515723
377,75,5.0,1478102984
135,185,1.5,1184834585
471,95,3.5,1142306233
243,49,3.5,1100155813
192,25,3.5,1366044970
472,51,4.5,1236834836
201,116,3.5,1538821004
446,13,3.5,1108476802
214,141,4.0,1171402328
327,146,1.5,1354716575
335,172,5.0,1140979335
3,71,3.5,1211304454
383,50,5.0,1534647523
42,162,2.5,1008586706
465,83,2.5,1698847361
313,197,3.0,1219854148
432,51,3.5,1235928235
63,146,3.0,1100652097
25,70,2.5,1232157201
341,50,4.0,1686068430
76,2,5.0,1232590479
322,30,5.0,1009324811
437,110,3.0,1464755171
402,68,2.0,1534111701
188,155,3.0,1516678619
395,31,5.0,1006527285
438,94,4.5,1245724199
382,129,4.0,1644256245
434,123,3.0,1535775235
462,56,4.5,1626011098
178,93,5.0,1657426601
382,79,3.5,1337484634
193,176,1.0,1590212495
53,10,2.5,1116466271
163,181,3.5,1669820176
125,167,3.5,1360749237
18,16,5.0,1224815569
143,41,3.0,1179538266
13,47,3.5,1353175413
338,5,2.5,1472941413
21,40,4.5,1366139731
163,168,2.5,1459702370
87,34,3.0,1025475566
189,96,1.5,1583423513
404,157,3.0,1491164247
101,66,5.0,1053694231
12,137,5.0,1237714718
161,157,4.5,1464141082
189,95,4.0,1391987784
463,112,2.5,1535550661
340,29,3.5,1524024472
325,56,3.5,1242873733
364,100,3.5,1017518678
350,109,4.5,1583941752
438,112,2.5,1325769224
334,143,5.0,1626959705
445,120,5.0,1105417996
450,63,2.5,1274702063
250,89,3.5,1354033127
392,26,3.0,1556509713
369,126,4.5,1371219556
320,78,3.5,1476097580
50,46,1.0,1033759639
96,93,2.5,1432883638
193,184,5.0,1008897823
238,72,3.0,1633408518
272,11,3.0,1016023827
59,10,4.5,1536099809
224,2,4.5,1505588601
72,155,3.5,1562846098
323,106,1.0,1182498207
63,71,2.5,1086406920
412,30,1.0,1148452016
401,114,2.0,1650652627
405,161,3.5,1049430031
171,187,3.5,1408093406
120,149,5.0,1205938327
376,40,3.5,1060276125
253,149,2.5,1654106759
466,180,5.0,1010798841
62,22,5.0,1396146825
393,80,4.5,1157114391
174,182,3.5,1387149447
103,132,3.0,1128305664
388,68,2.0,1501452398
339,19,2.5,1590286294
440,64,3.0,1018756965
235,71,2.0,1590520777
110,87,3.0,1198957053
176,31,3.0,1625776158
326,47,5.0,1218435660
353,88,1.5,1024767549
131,151,3.5,1056241698
127,52,2.0,1321501867
232,174,1.0,1036104095
184,73,3.0,1662423174
365,71,3.5,1072049163
143,22,5.0,1253080520
205,160,3.0,1697303139
377,57,3.0,1134336042
214,1,2.5,1684694345
181,97,3.0,1569081032
444,32,0.5,1039921292
315,154,2.5,1445124791
118,148,4.5,1420732665
144,161,0.5,1581731474
42,3,3.0,1320262422
395,191,3.0,1624445719
313,82,4.5,1541065440
320,196,3.5,1121208534
82,59,4.0,1057332109
450,190,2.5,1315917728
374,135,1.5,1594337946
102,172,3.0,1164389933
215,151,3.5,1444120174
140,78,5.0,1292188870
267,120,2.0,1635244771
298,121,5.0,1012591405
110,112,3.5,1072404111
275,59,2.5,1172030093
158,143,2.5,1589291946
40,60,3.5,1440799706
455,10,3.5,1367244430
341,146,3.5,1469910941
89,171,4.5,1304325675
442,87,2.5,1655799176
494,91,3.5,1244050779
281,76,3.0,1567212272
355,40,5.0,1182211665
93,73,1.5,1465349002
411,52,5.0,1396229206
164,3,2.5,1179126124
69,83,2.0,1530353052
369,22,3.0,1392475481
426,20,4.0,1454774718
264,7,3.0,1516102696
389,190,4.0,1066796410
267,109,3.0,1515051211
209,72,2.5,1068386671
175,148,2.5,1219952978
60,176,5.0,1635740897
457,158,4.0,1694134831
306,58,2.0,1398817562
468,80,3.0,1465483101
273,1,2.0,1471614180
128,76,5.0,1207157150
323,20,3.5,1055109467
236,92,1.0,1410190768
6,93,2.0,1685354693
180,60,2.0,1456695174
320,105,4.0,1394398277
174,154,1.5,1271675298
478,176,2.0,1466547672
456,132,3.0,1426012206
110,170,3.5,1630651759
190,36,3.0,1093853584
58,32,3.0,1654790888
20,104,2.0,1160947289
247,199,4.0,1014996220
105,76,1.0,1467501766
275,57,3.5,1007046937
424,58,5.0,1329054213
263,103,3.0,1008512521
141,176,2.0,1104310096
166,187,3.5,1486031309
410,184,3.0,1466758274
283,28,3.5,1407656559
106,101,3.5,1610863183
79,106,4.5,1379340847
103,100,3.0,1185122454
216,6,2.5,1227468932
223,120,2.5,1123458231
466,188,2.5,1330829733
130,175,4.0,1375640017
219,46,2.0,1529108052
357,159,2.5,1589197712
51,153,3.5,1302023913
210,52,5.0,1449347799
318,87,2.5,1250668205
74,159,4.0,1398216054
372,125,3.0,1308193064
289,19,4.0,1531875666
287,73,3.5,1195181640
54,186,3.5,1326012268
442,156,5.0,1528692077
215,33,5.0,1626143578
190,119,3.0,1118570165
436,153,2.5,1562238401
3,2,4.0,1232417606
126,126,4.0,1462796879
374,144,5.0,1581289077
86,193,1.0,1611236101
289,8,3.0,1628126296
65,155,3.0,1012907251
78,120,2.5,1164982047
444,138,1.5,1441514479
410,33,3.0,1333717378
180,182,4.5,1371449589
70,110,2.0,1259750625
273,78,3.5,1313858793
275,26,4.0,1034075158
365,149,5.0,1381942180
333,120,4.5,1027528903
493,39,3.5,1374281763
310,64,4.0,1549151245
102,164,4.5,1230697430
172,93,3.5,1497235470
140,108,4.5,1387527412
147,18,3.0,1014393634
222,150,5.0,1188149269
431,118,3.0,1411047203
305,166,2.5,1086439694
387,192,3.0,1219851871
497,14,2.5,1055850961
393,107,4.5,1105095660
294,13,1.5,1342353310
183,105,3.0,1627371688
78,105,4.0,1659227491
156,2,3.5,1617519960
259,14,3.5,1237442889
90,31,3.5,1508948199
75,137,3.5,1267571661
225,189,2.5,1579587026
314,175,3.0,1672558457
343,6,3.0,1174394726
319,190,4.0,1152810604
20,112,4.5,1343787374
298,61,3.5,1479597393
233,21,4.5,1428835149
233,131,3.5,1468813203
84,161,3.5,1494085561
308,134,4.5,1527357158
213,87,2.0,1588015763
213,172,4.0,1390172193
182,145,2.5,1258900769
21,136,4.5,1136409570
296,170,2.5,1096788606
424,175,3.0,1123769056
348,105,1.5,1353168146
390,136,4.0,1627477043
463,65,3.0,1245805659
201,87,3.0,1659459732
338,163,3.5,1085322707
447,162,1.5,1142137356
239,165,2.5,1636283228
197,68,3.5,1298779433
111,158,5.0,1165126368
238,129,3.5,1284470317
40,107,4.0,1555106523
432,34,3.5,1690464845
7,180,5.0,1019523561
216,71,4.5,1047096085
330,181,1.0,1643293712
453,195,4.0,1024343648
485,124,5.0,1316492901
257,85,2.0,1438291225
443,39,3.5,1138793638
125,94,3.0,1492131398
68,197,2.5,1677201854
227,75,5.0,1026191538
182,41,2.5,1113460381
457,48,2.5,1010998312
191,173,2.5,1272228256
398,152,2.0,1133056561
46,158,3.0,1474734526
327,185,3.0,1389310235
273,29,2.0,1142425673
441,101,3.5,1220642175
487,27,0.5,1071477313
434,186,3.5,1359689130
340,101,4.5,1669859533
239,140,3.0,1043137292
181,121,4.0,1415992920
223,56,3.0,1024676873
450,85,5.0,1544976782
38,107,4.5,1560261618
282,149,2.5,1587065744
293,143,5.0,1160406761
84,182,5.0,1181439029
289,6,3.0,1592041959
24,126,4.0,1686966422
438,39,4.5,1555227441
92,110,2.0,1317193274
365,15,1.5,1409592739
421,103,3.5,1592103685
54,87,2.5,1137843564
246,69,3.0,1247435115
440,42,4.5,1407748690
34,187,4.0,1447029718
89,176,4.0,1413224487
11,121,3.5,1068958147
118,19,2.5,1400906826
324,165,2.5,1498655353
325,181,5.0,1210664461
485,154,5.0,1024676194
81,13,5.0,1140861292
441,106,3.0,1226403714
378,149,2.0,1580851662
64,190,5.0,1145735996
324,106,4.0,1602257153
336,158,4.0,1190820500
335,135,3.0,1629326328
353,130,4.5,1204646234
274,97,3.5,1674837394
118,25,2.0,1404628047
311,73,3.0,1058972423
437,122,4.0,1237071032
163,185,5.0,1300719204
121,5,1.5,1271633815
72,30,2.0,1209382958
368,197,3.0,1308833361
470,166,2.5,1297421204
423,156,3.5,1585942139
417,138,3.0,1060292336
285,71,3.5,1114744093
27,55,3.5,1577012826
4,83,2.0,1173947107
478,71,3.0,1585331865
267,114,2.5,1032107411
207,194,5.0,1214098280
355,86,2.5,1078928634
74,63,3.0,1505592141
138,184,2.5,1469202400
358,125,3.5,1648914604
172,7,3.5,1278779455
347,93,5.0,1155538973
79,34,3.5,1034828212
463,163,5.0,1013185201
187,154,5.0,1462099901
92,160,3.0,1440163497
497,106,3.5,1646735003
161,152,3.0,1409701945
311,163,2.0,1514901022
372,113,5.0,1412605273
11,141,3.0,1196702010
497,162,2.5,1418146531
28,96,2.0,1249139315
427,103,2.5,1081572298
44,85,3.0,1034721291
294,149,5.0,1690146151
90,174,5.0,1102249667
444,166,1.0,1428021151
271,6,5.0,1396822952
254,161,5.0,1652775236
162,4,3.0,1017994244
72,1,2.5,1421672254
76,145,4.0,1605861123
105,32,2.5,1438606194
76,113,5.0,1316815656
404,113,4.0,1143830667
319,38,2.5,1446028770
10,40,4.0,1405594020
270,114,3.5,1143449441
225,38,1.0,1521583670
113,165,2.5,1001700140
88,114,2.5,1437324443
465,174,4.0,1608492858
439,128,4.0,1180338566
7,71,5.0,1550573236
440,176,2.5,1487639719
479,168,1.5,1150548088
500,140,2.5,1475008307
237,111,2.5,1402870794
139,176,2.5,1141767659
61,76,3.5,1441089375
367,86,4.5,1521806513
369,68,3.0,1229490481
296,25,4.0,1227000159
31,72,4.5,1029722746
383,52,3.5,1496284126
213,102,2.0,1433107411
8,16,3.0,1322050229
132,29,4.5,1535292293
187,172,4.5,1077501745
179,197,2.0,1315558640
236,87,5.0,1318572799
91,84,3.0,1060093777
469,67,2.0,1153731284
257,64,3.5,1639150299
58,166,1.5,1225290779
112,156,4.5,1436363167
16,128,5.0,1015987110
100,105,2.5,1164551383
444,56,3.5,1228210886
270,75,4.5,1512263358
194,106,2.0,1578658432
300,53,2.0,1125792416
189,169,3.0,1469181472
385,14,3.0,1666136586
321,19,3.5,1434252282
357,19,3.5,1265508283
34,174,2.0,1586403030
462,76,1.5,1632975131
472,33,2.0,1621561589
69,145,4.0,1426950653
12,189,4.5,1675387581
350,69,3.5,1081589065
215,2,4.5,1425834055
324,17,3.0,1159938804
1,42,3.0,1249644114
19,134,4.5,1066827377
287,148,4.0,1488127239
255,18,3.5,1438619066
366,164,3.5,1659346500
247,55,2.0,1083665708
363,175,3.5,1031984800
285,181,4.0,1126832746
185,84,5.0,1169447205
323,122,3.5,1082779582
68,39,3.0,1634494091
310,112,4.0,1520145045
492,161,5.0,1339596193
390,100,4.0,1281368389
80,49,3.5,1403996770
270,153,2.5,1586886814
491,107,2.5,1554149760
310,90,4.5,1605272953
223,149,3.0,1022724139
77,136,5.0,1124864339
317,23,3.5,1040402003
254,116,4.0,1634502751
357,67,3.0,1196606253
92,88,2.5,1129948911
411,163,4.5,1314516696
446,144,5.0,1672230126
223,35,2.5,1142260404
490,125,2.5,1417797536
231,198,2.5,1109626028
34,120,4.5,1648661183
393,29,4.0,1431700061
248,29,3.5,1165610370
313,171,2.5,1368879255
18,58,5.0,1363615179
461,79,4.5,1281844382
47,49,1.0,1114726214
459,175,4.5,1598542119
429,176,3.0,1303502800
55,51,3.0,1273428809
173,140,4.5,1646081038
393,62,4.0,1428078198
227,190,3.5,1673898516
7,169,2.5,1412504379
43,153,4.5,1268201180
261,70,2.0,1651473640
72,198,4.5,1207036564
298,82,3.5,1070508100
189,180,3.5,1405282510
371,133,3.0,1573758794
449,153,3.5,1650542134
233,166,2.0,1089658580
256,143,5.0,1543173053
8,168,3.0,1695283587
334,146,2.5,1005067948
243,7,3.5,1215917524
367,110,3.0,1455171575
450,144,5.0,1105400629
378,110,1.5,1095677648
284,49,3.5,1618240948
463,130,5.0,1390714590
172,22,3.5,1003330390
316,165,3.5,1216714219
460,103,3.5,1281251837
271,53,2.5,1619145763
371,173,4.0,1544536609
414,5,3.5,1354783621
176,33,3.5,1229133221
23,180,4.0,1134179350
243,31,4.0,1552275836
237,50,3.5,1093016052
341,26,4.5,1500372220
74,52,4.5,1349393451
267,45,4.5,1408552547
467,72,5.0,1021013531
117,67,5.0,1091407151
386,195,2.0,1034666298
82,88,5.0,1023071530
404,19,3.5,1688571050
303,53,3.0,1016834508
455,188,3.5,1185039500
199,90,1.5,1037424711
170,30,4.0,1514615850
176,9,2.5,1606565615
410,40,3.5,1289567223
278,198,3.5,1552895906
284,124,3.0,1359447258
277,29,1.5,1004592020
341,131,4.0,1673228953
187,168,3.5,1485391709
168,42,3.5,1683845845
69,181,3.0,1526970417
446,97,2.5,1675018086
120,26,3.0,1497110985
282,60,3.5,1029572953
457,138,4.5,1004712789
69,200,2.5,1396364556
264,91,4.5,1105855398
490,121,4.5,1209821446
440,19,4.0,1610384115
271,33,5.0,1142571178
410,113,1.5,1395029004
271,114,5.0,1371283723
47,127,2.5,1233022155
265,80,4.0,1685473538
9,188,3.5,1540333040
232,32,2.0,1060501662
387,101,4.0,1296064199
145,62,4.5,1395293988
192,151,4.0,1348240151
177,117,1.5,1587099227
248,196,2.0,1340954691
445,125,2.5,1511986751
109,127,5.0,1664778307
173,108,3.5,1510762218
264,45,1.0,1235685177
26,141,5.0,1559152250
203,199,5.0,1132038444
339,171,2.0,1163846196
336,82,3.0,1669100405
63,93,3.0,1065663011
124,21,4.0,1150375363
327,171,3.5,1606872716
87,135,2.5,1241611698
268,11,5.0,1262638255
433,55,5.0,1448631995
161,22,3.5,1024795748
63,14,3.0,1540750446
408,188,5.0,1194156997
135,102,1.0,1138936498
438,132,2.5,1365121274
56,42,4.5,1681270530
310,120,5.0,1194795160
234,32,3.0,1599283745
258,126,5.0,1424055493
400,139,0.5,1077461431
387,40,5.0,1171990208
208,61,3.5,1281876667
249,189,3.0,1067468013
376,122,4.5,1555673391
409,200,3.0,1669220560
295,188,2.0,1262255308
453,6,3.5,1117608338
481,60,3.5,1683797608
116,65,2.5,1148732194
204,138,3.0,1323439857
100,178,3.0,1342767468
37,146,1.5,1446398316
13,143,1.5,1617340841
54,179,4.5,1692744306
490,28,2.0,1302022965
455,136,3.5,1528381119
314,31,1.5,1439527077
200,175,5.0,1229286693
60,90,3.0,1541973064
80,74,5.0,1623243375
51,7,5.0,1155493678
353,139,2.0,1435062653
159,15,2.5,1671279680
166,165,4.5,1143086693
347,200,2.5,1585578038
146,184,4.0,1653701434
428,61,3.5,1140249281
101,2,0.5,1317381705
479,94,4.5,1100620082
277,16,3.5,1132803941
495,174,2.0,1571685986
105,87,5.0,1026179199
287,87,2.5,1192375308
162,105,2.5,1529871826
103,31,1.5,1661185122
111,178,4.0,1486206259
457,189,3.5,1693468061
36,121,1.5,1186817163
246,71,4.0,1225665227
377,68,4.5,1277625995
98,127,4.0,1008635767
148,116,5.0,1547481819
301,134,3.0,1649282908
409,113,5.0,1699643302
357,2,3.5,1631186664
36,193,4.5,1052750635
263,41,5.0,1212307075
468,60,5.0,1130593687
221,196,2.0,1369523113
145,48,2.5,1063774450
398,90,3.5,1145353648
479,104,3.0,1227182681
385,105,2.5,1582364663
113,110,1.5,1536234742
131,78,3.5,1104069779
320,32,4.5,1369076103
398,157,4.0,1480376224
239,125,1.5,1096143269
480,30,1.5,1309700053
413,194,3.5,1096699299
168,64,3.0,1161775663
296,85,3.0,1028788958
76,166,3.0,1363932360
423,29,3.0,1181647330
422,59,3.5,1160396347
58,23,5.0,1681850135
21,161,2.5,1637010598
202,85,4.0,1280999886
325,12,3.5,1152716854
317,186,1.5,1640662604
332,154,2.5,1322734550
147,75,3.5,1047466014
476,187,5.0,1065526299
28,13,2.5,1368297503
447,200,3.0,1402227405
380,131,4.0,1092931853
415,156,3.5,1412410335
474,187,2.0,1321062984
249,115,1.5,1192374197
11,53,1.5,1358209202
332,13,4.5,1462547662
1,200,2.5,1046225949
117,199,5.0,1686540189
28,109,3.0,1694893199
486,18,4.5,1599721878
71,169,2.0,1104049397
29,176,3.5,1010919124
438,86,5.0,1108061442
161,121,3.0,1202694722
322,148,2.0,1652207525
13,83,3.0,1142633330
32,61,3.0,1154734991
184,106,2.5,1422267729
488,58,5.0,1458195203
347,65,3.5,1311914259
413,65,5.0,1142974713
252,169,5.0,1544747358
178,12,5.0,1168792961
306,75,2.0,1574383390
122,25,4.5,1142318920
219,3,3.0,1385292602
450,131,3.5,1110035172
178,68,2.0,1493130477
33,155,5.0,1254665913
143,2,2.5,1180815794
337,93,4.5,1648917117
295,130,2.0,1248019929
256,81,3.0,1493883523
216,124,5.0,1173894816
415,126,4.0,1589579965
244,102,2.5,1125314640
133,52,2.5,1223684457
260,116,3.5,1618688857
303,78,3.5,1396093354
258,98,2.0,1268970067
422,199,3.0,1317118505
111,31,3.5,1660949426
29,25,4.0,1531862693
132,101,4.5,1307840426
178,69,4.5,1238393391
90,175,4.0,1168120504
495,115,4.0,1248799072
24,21,4.0,1038814951
349,28,4.5,1412923570
217,57,5.0,1068482184
182,17,2.5,1046568967
327,13,3.0,1079975656
201,162,4.5,1250003053
17,102,2.5,1437036983
332,110,2.0,1403198922
17,175,2.5,1503896565
176,131,3.5,1587005511
206,171,3.0,1293796531
325,80,4.0,1312479522
358,133,3.0,1133999091
497,192,3.0,1649940056
130,23,1.5,1238164323
417,143,4.0,1647112048
401,133,4.0,1145132165
436,80,3.5,1386206551
136,69,3.5,1687927700
114,5,3.5,1015013795
405,152,5.0,1083605521
251,1,4.0,1278495452
12,24,2.0,1594221328
38,5,5.0,1226268406
320,3,5.0,1249323377
16,148,3.5,1353975685
471,43,3.5,1102192697
469,28,4.0,1590632263
444,4,2.5,1201052282
90,38,5.0,1444393176
4,85,4.5,1380906287
85,99,3.5,1551783089
340,122,4.5,1697488614
186,185,5.0,1186004791
136,179,4.0,1227084936
187,70,2.5,1079439323
5,79,4.5,1200827380
102,170,3.5,1672958072
277,103,2.0,1314443624
488,48,4.5,1405078141
237,163,4.0,1678137535
500,82,3.0,1307810495
13,1,5.0,1565634993
380,64,3.0,1340339925
483,181,2.5,1224608844
203,32,3.5,1415268493
42,172,3.5,1586402838
464,120,3.0,1235496166
463,81,5.0,1291572891
383,185,2.0,1620733532
344,124,4.0,1148513593
9,31,3.5,1489408167
111,179,3.5,1206822079
328,137,5.0,1257616480
99,187,5.0,1275211393
351,22,3.5,1431177130
256,154,4.5,1376400096
103,111,3.5,1253687511
421,44,3.5,1414494567
437,179,4.0,1008415579
286,118,3.5,1281017122
288,70,2.5,1304470089
40,21,5.0,1206398574
482,168,4.0,1574480235
296,95,3.5,1042780129
406,167,2.5,1667720568
334,118,4.0,1448342206
440,194,3.0,1072932264
449,192,3.5,1276319295
65,188,3.5,1478541585
482,47,2.5,1396975168
308,87,5.0,1518430470
94,44,2.5,1252764328
338,157,2.5,1055034032
173,118,4.5,1364922000
436,83,4.0,1618971722
229,45,4.5,1306977401
392,33,4.0,1285833754
149,124,2.5,1259555211
99,40,4.5,1582774433
30,25,2.5,1566189427
154,47,5.0,1321524758
358,107,2.5,1015475225
280,25,2.5,1604612769
58,131,2.5,1067313399
360,85,4.0,1488658296
449,22,3.5,1197816634
428,138,3.5,1231553713
494,126,3.5,1011010755
114,184,3.5,1567644423
279,137,3.0,1455493159
170,76,1.5,1016488447
367,101,2.0,1474460473
141,133,2.5,1639627930
450,28,3.0,1669767122
459,120,5.0,1267741152
366,89,2.5,1100336562
418,71,2.0,1251015116
37,75,1.5,1566173747
293,13,4.0,1677000111
9,135,3.0,1453520971
145,86,2.0,1532725350
500,76,3.5,1174619927
83,67,3.0,1182924791
70,193,5.0,1687565136
473,65,2.5,1650002005
490,14,5.0,1027414959
166,125,3.5,1578298985
356,108,3.0,1001757791
393,135,3.0,1534628855
466,172,4.0,1291945100
282,115,3.0,1090930559
14,86,2.5,1290623320
418,198,4.5,1528959785
459,63,4.5,1182711561
321,127,4.5,1643822745
42,97,3.5,1471339801
339,83,5.0,1644350870
58,89,4.0,1115391403
101,24,3.0,1637015115
272,73,3.0,1163405350
434,134,4.5,1290619002
93,175,1.5,1464139065
469,100,5.0,1682901208
398,89,3.5,1107330379
496,61,3.0,1538007651
119,192,2.5,1650821905
54,81,3.0,1126355753
355,95,4.5,1672549889
490,194,4.0,1320529339
183,51,3.0,1145205536
20,113,3.0,1124393018
364,160,4.0,1427594424
334,152,5.0,1336804030
22,126,5.0,1454593352
120,146,5.0,1697518750
230,21,2.5,1177513044
151,172,4.5,1656981013
175,75,2.5,1491442464
10,89,3.0,1467685641
62,146,5.0,1070487812
76,26,3.0,1195470147
439,39,3.0,1621290463
437,48,3.0,1071073381
190,181,2.5,1051738835
60,2,3.0,1613409468
222,35,4.5,1165516083
484,44,4.5,1354522551
451,1,4.0,1130355785
465,4,5.0,1400257915
203,174,1.5,1636337655
242,34,3.5,1674302650
483,96,2.5,1687275703
136,22,5.0,1290524373
404,196,3.0,1131140786
73,54,4.5,1558230074
84,12,4.5,1462004029
360,8,3.0,1239295516
199,135,4.5,1194836541
23,109,5.0,1308156843
90,25,4.5,1306850274
28,87,3.0,1680367565
109,39,2.0,1678844869
390,1,5.0,1385704396
187,176,3.0,1506347320
360,14,4.5,1190986396
461,110,3.0,1287076449
282,34,5.0,1274682957
285,155,3.0,1140878119
257,144,3.5,1147520942
457,53,5.0,1469350280
415,181,1.5,1432216463
5,82,5.0,1403444149
352,171,3.5,1555165667
134,107,4.5,1681796248
115,127,3.0,1131587115
168,89,5.0,1358796659
180,125,2.5,1100348907
496,184,3.5,1035925598
89,187,4.5,1651108910
474,79,2.5,1447039972
476,140,3.5,1227113376
227,94,2.5,1075351123
76,159,3.0,1358011545
315,42,5.0,1542192098
118,107,5.0,1240528679
251,76,4.5,1429113449
217,146,4.0,1404590174
65,29,1.5,1320839623
471,198,3.5,1311173931
92,144,4.5,1431012349
67,5,3.0,1202307235
492,50,4.0,1039990862
47,19,2.5,1221452753
189,163,2.0,1431245015
449,40,5.0,1518490743
384,16,5.0,1645530992
408,120,3.5,1162940698
233,86,2.5,1107611795
384,174,2.5,1472460817
369,135,4.0,1575694655
29,44,5.0,1382018824
187,113,2.5,1693879832
232,27,3.5,1033073520
470,10,3.5,1511390080
358,85,5.0,1333928355
489,4,4.0,1432400657
92,28,2.0,1389913646
63,143,4.5,1010647886
405,195,3.5,1630644128
61,104,2.5,1201708053
143,145,5.0,1672377175
126,15,3.0,1664415552
237,172,4.0,1288650378
337,56,3.5,1106849177
107,87,3.0,1086047065
257,148,2.5,1532472517
414,4,4.0,1587371488
204,186,2.0,1182321598
15,86,4.5,1313043749
458,188,2.5,1131509864
367,115,2.0,1667056784
491,17,5.0,1496389176
424,29,3.5,1489991693
47,100,1.0,1072331602
495,33,3.5,1201055239
236,46,4.0,1022158007
154,72,4.5,1245551126
62,168,2.5,1505110081
336,195,2.5,1582211330
448,181,3.5,1060580276
308,32,4.5,1138040204
38,199,2.0,1483509316
34,98,2.0,1234007040
118,51,5.0,1444609508
370,22,5.0,1622264596
242,70,2.5,1193876459
354,130,3.0,1021241938
115,197,5.0,1589794615
227,162,4.5,1515455077
365,80,3.5,1395615617
229,191,5.0,1359470220
71,71,3.0,1432209421
411,128,3.5,1310379493
340,124,3.0,1505776459
196,90,4.5,1606704568
403,142,4.5,1232695052
83,48,4.0,1063796199
139,132,4.0,1028618590
292,178,5.0,1663430042
307,163,4.0,1149880419
48,178,4.0,1257105021
251,49,4.0,1508643189
8,90,5.0,1438791550
99,38,2.5,1054932667
296,96,4.0,1437189113
411,171,1.0,1174704471
343,157,3.0,1287899581
144,191,5.0,1490530572
266,188,2.5,1556762246
388,55,1.5,1064061036
254,67,2.5,1131837076
10,4,4.5,1426644581
63,26,3.5,1461996389
269,157,2.5,1501719181
37,53,5.0,1610903810
394,175,4.0,1668330814
380,44,2.0,1408324266
248,26,3.0,1497999212
222,99,5.0,1465444578
302,188,3.0,1372057142
349,103,1.5,1025293780
445,111,4.0,1656283578
361,13,4.0,1291626741
495,79,5.0,1078873461
284,69,3.0,1031062931
130,93,4.0,1041765755
462,55,4.0,1445034820
487,171,3.5,1339027884
184,105,4.0,1165261110
442,115,4.0,1600194890
383,150,4.0,1546892272
382,33,4.5,1195391803
333,66,1.0,1324523817
110,67,1.5,1638140587
5,181,4.0,1226112901
462,38,3.5,1127177284
464,144,2.5,1585385237
98,56,3.0,1622385239
337,159,2.5,1066626707
435,35,4.0,1458275581
84,65,2.5,1127646441
306,81,4.0,1274274839
345,47,4.5,1233850618
382,62,2.5,1498547015
312,126,2.0,1666919718
39,122,2.5,1549740854
75,194,2.5,1194578144
197,80,3.5,1250287475
414,127,1.5,1631572414
276,57,5.0,1545848939
64,137,2.0,1240103225
467,15,2.0,1162535833
268,169,3.5,1402882916
431,178,3.5,1037235802
31,15,5.0,1318608215
129,150,3.0,1055534766
126,108,3.0,1383789709
33,59,4.5,1346190466
425,145,4.5,1232936388
246,63,1.0,1504025726
241,76,3.5,1379630989
71,126,5.0,1306022663
45,91,3.0,1221784792
418,157,3.5,1659055118
170,53,4.5,1400739500
14,137,4.0,1188324580
325,42,2.0,1494140588
471,134,3.5,1170372354
332,116,2.0,1323649900
229,82,2.0,1310358024
381,42,5.0,1454429955
16,159,4.5,1371294320
76,116,5.0,1486354638
309,135,4.5,1294398426
272,48,3.5,1618713566
343,100,2.5,1203207857
410,174,5.0,1355410767
204,63,4.5,1072596983
162,85,4.5,1665939679
199,185,4.0,1534161029
180,112,5.0,1152754603
385,97,1.5,1541767864
496,71,2.0,1263266263
59,118,2.5,1600930096
7,125,4.0,1486981341
38,19,3.0,1566768331
22,23,5.0,1390201243
83,45,3.5,1144220535
297,74,5.0,1558938790
483,117,5.0,1476335009
290,187,3.5,1562115005
49,50,2.0,1055832534
188,94,4.5,1233485508
10,192,2.0,1246188597
160,196,2.5,1580510567
206,65,3.0,1295911908
32,136,3.0,1011705056
237,10,4.0,1271102628
71,26,4.0,1011005344
439,161,2.5,1160093696
222,5,3.0,1578946734
238,152,2.0,1622100132
152,170,4.0,1651663633
163,59,1.5,1220905300
86,158,3.0,1038975147
288,55,2.5,1075710694
493,192,4.0,1233675461
446,10,2.5,1061304638
418,148,2.5,1564529666
41,84,4.0,1296962031
123,54,4.0,1085249169
203,150,2.0,1457814948
310,95,4.0,1343250707
368,26,5.0,1300016847
297,146,3.0,1138524176
409,173,2.0,1391849698
426,133,3.5,1345376440
164,176,2.0,1628607024
135,19,3.0,1104522860
411,192,3.0,1630798815
46,155,4.5,1416754588
269,55,1.5,1039979383
470,42,1.5,1530322554
288,1,4.0,1259398219
316,146,4.0,1249152122
483,60,1.0,1415097480
493,47,5.0,1004844633
54,14,4.5,1485139604
448,96,2.5,1495418787
299,124,3.5,1111571666
189,25,1.0,1654410094
441,124,4.5,1207694660
237,198,2.5,1362778516
468,32,3.0,1642054375
336,145,3.5,1194554324
124,113,5.0,1203706579
389,153,4.0,1068998401
353,195,3.0,1297034352
269,79,3.0,1422554969
440,141,4.0,1424051922
454,150,3.5,1350831353
227,28,3.0,1622329580
396,2,3.5,1679434427
41,175,3.0,1305487265
95,137,1.5,1158237567
70,187,3.5,1170269979
166,97,3.5,1191168842
64,147,3.5,1228879835
241,80,2.5,1038797053
266,192,2.5,1378615848
200,116,5.0,1111766599
13,4,2.5,1467237619
215,50,4.0,1624248302
152,136,2.5,1273436026
384,2,1.0,1437020910
338,6,3.5,1092879509
98,182,4.0,1534527087
131,100,3.0,1051158945
428,156,1.0,1339941693
216,73,1.0,1242348702
331,87,5.0,1474390574
28,179,3.5,1202061092
413,59,4.0,1284812313
156,193,4.0,1160358698
470,200,2.0,1063725628
199,180,3.0,1151809445
228,105,1.5,1054959077
377,125,4.5,1387206559
365,193,4.0,1142505796
466,43,4.5,1550711229
220,77,5.0,1315872894
187,55,3.0,1621758240
232,196,2.5,1094290675
141,120,3.5,1174940735
391,52,5.0,1241097670
355,5,1.5,1406371727
407,191,3.5,1260245680
74,101,4.5,1265826396
271,170,4.0,1102561275
318,97,5.0,1105086586
307,158,1.5,1257975822
208,158,5.0,1424870421
316,162,3.0,1141031177
303,58,1.0,1240517983
201,31,3.0,1365154715
194,42,2.5,1282261718
213,170,3.5,1141757394
229,172,1.5,1610610387
93,186,3.5,1391411426
337,60,3.0,1282281144
366,17,5.0,1651277214
479,138,3.5,1690629802
372,62,4.0,1151077961
310,63,3.0,1361873660
259,100,5.0,1358853512
190,66,4.0,1263324081
247,64,5.0,1216483748
301,149,5.0,1040585956
93,8,3.0,1515908806
426,19,4.5,1421396563
17,81,4.5,1137434768
312,195,4.5,1447548389
239,145,4.0,1345989336
28,76,2.0,1187994031
235,48,3.5,1672008702
217,116,3.5,1096119041
110,153,3.5,1394545769
448,186,5.0,1205246203
260,195,2.5,1672720595
468,90,3.5,1102823550
436,176,3.5,1258713336
497,126,4.5,1507668652
27,19,5.0,1630192796
256,21,4.0,1677969348
348,102,4.0,1435589726
220,40,2.5,1339841881
281,42,1.5,1035915640
431,25,4.0,1224280548
469,153,3.5,1657469459
274,90,4.0,1082828359
264,123,3.0,1385899077
31,82,5.0,1318669201
288,25,2.0,1220132039
472,47,3.5,1161035707
49,55,3.0,1011718004
115,10,5.0,1229927219
114,197,3.0,1307068481
320,112,3.0,1264742377
75,157,3.5,1274101592
426,173,2.5,1503188755
205,65,3.5,1052181540
101,56,3.5,1521489423
101,156,5.0,1481941410
419,40,3.0,1291931903
22,8,3.5,1584539149
234,180,4.0,1114561047
434,31,4.0,1528557832
384,60,5.0,1104557046
396,145,5.0,1084431102
87,143,2.5,1586518476
414,73,4.0,1126491954
173,84,3.5,1477394738
127,96,4.0,1135408884
180,14,5.0,1048488201
484,189,5.0,1023978405
104,184,4.5,1509214713
444,41,4.0,1463451055
365,68,4.5,1407934376
217,183,2.5,1525098128
385,172,2.5,1418686536
40,80,3.5,1364355780
49,193,5.0,1105486172
499,62,3.0,1292885097
401,32,3.5,1343623267
437,161,1.0,1148190027
285,188,5.0,1140457037
218,89,3.0,1278247054
80,77,0.5,1432145778
8,155,3.5,1486132100
109,161,4.0,1006260523
185,190,3.0,1457449518
433,148,2.5,1136828061
390,200,4.5,1625636078
89,85,4.5,1326147851
173,97,4.0,1616560910
23,4,2.5,1170416549
489,137,3.0,1361808923
314,32,3.0,1128947376
251,137,3.0,1004831318
365,22,4.5,1110142126
480,6,3.0,1515234510
14,181,2.5,1697312842
115,48,4.0,1646875997
243,21,5.0,1400524021
284,142,2.5,1645767221
306,145,2.5,1300792351
7,143,3.5,1149104480
246,68,4.5,1153427875
210,8,4.0,1489088528
288,46,3.5,1260537504
424,177,3.0,1033299198
172,120,5.0,1697283741
304,52,5.0,1395251067
87,73,5.0,1310846495
285,59,4.5,1355006550
295,140,3.5,1409110620
253,180,4.0,1672480765
252,96,5.0,1507980577
11,75,4.0,1430153483
472,172,1.5,1419284483
138,66,5.0,1052198488
90,28,5.0,1036642969
278,187,5.0,1453371473
455,23,2.0,1063429503
78,96,4.0,1335731577
207,169,4.5,1041357564
382,58,3.5,1191604894
224,92,4.0,1531822141
377,116,4.0,1411458334
438,156,2.5,1107184076
362,31,4.0,1238456599
67,47,2.5,1268628548
221,122,3.5,1363598258
40,50,3.0,1310923200
272,77,4.5,1479595873
388,98,4.5,1042440810
89,36,4.0,1501886556
1,137,4.0,1331789026
249,32,4.0,1531988919
271,83,5.0,1682542893
33,118,5.0,1553520265
427,3,2.5,1260848997
279,94,3.0,1578564937
30,109,3.0,1035177342
250,68,3.0,1321667722
425,193,2.5,1661285383
477,70,4.0,1622699587
218,92,3.5,1122382324
24,2,4.0,1152337657
117,2,1.5,1543535487
246,6,1.5,1401287635
355,180,3.0,1123403001
484,116,4.0,1145546733
61,29,4.0,1185141762
150,189,4.5,1329737614
364,12,2.5,1302208955
381,99,4.5,1605877887
379,2,5.0,1029216887
436,75,4.5,1256486125
345,42,2.0,1045826102
467,128,5.0,1059614277
258,135,4.0,1474490744
286,161,4.0,1677627373
261,82,5.0,1271737187
123,136,4.0,1238171120
49,198,4.5,1066291929
327,24,3.5,1137437907
332,199,3.0,1326303247
360,174,4.0,1314490580
188,189,3.0,1030267372
216,80,3.5,1575694093
470,36,3.0,1103992637
442,32,1.0,1074420487
224,134,3.0,1354005335
375,79,4.5,1022708078
57,80,4.0,1459679196
144,78,3.0,1606255930
399,173,3.5,1682262515
435,162,2.5,1664149009
213,19,2.5,1348994769
6,82,3.5,1605570843
2,77,3.0,1187319717
321,3,2.5,1623268566
228,39,3.5,1551864175
352,12,2.0,1258390762
185,88,5.0,1166291350
180,46,4.5,1257674289
417,8,1.0,1696152763
458,34,4.5,1387576794
370,106,3.0,1597739624
131,131,3.0,1293722343
197,155,4.5,1033444964
221,57,3.5,1478206210
41,50,3.0,1121207740
95,41,2.0,1158138293
420,171,4.5,1357625852
432,55,4.5,1559673455
83,173,3.5,1519578668
30,134,2.0,1173399651
280,77,4.0,1182078620
409,10,4.5,1438253792
231,58,3.5,1108312473
406,143,4.5,1385592392
63,192,3.5,1391390101
490,130,4.0,1077195844
358,141,5.0,1675163307
241,85,3.0,1170610600
266,45,1.5,1156736931
237,65,3.5,1146759069
416,141,3.0,1256851179
236,128,2.0,1555890284
80,26,4.0,1196002794
436,101,3.5,1645362550
403,66,1.5,1425175419
444,6,5.0,1050188744
226,136,2.5,1035061154
225,42,3.0,1266838099
397,62,4.5,1180014293
14,122,4.0,1592661894
100,132,5.0,1452872550
259,95,1.0,1691766845
75,184,3.0,1159424569
225,80,3.5,1373201579
126,117,5.0,1572004153
69,59,2.5,1180603753
379,135,3.0,1196127483
456,131,3.5,1191241031
216,149,4.5,1244869768
491,79,2.0,1436443221
44,159,4.5,1280571027
420,70,3.0,1069923795
216,34,4.0,1037793242
140,26,3.5,1421899398
235,157,4.0,1630652021
481,165,4.0,1194639383
239,41,5.0,1081334115
179,61,3.0,1164404801
357,13,3.0,1253552512
341,157,5.0,1534013758
236,59,5.0,1337324871
397,47,3.0,1031456396
370,117,4.5,1064496069
401,168,2.5,1307375219
81,86,4.5,1106476069
239,55,4.5,1305618923
315,131,3.0,1241156294
218,124,5.0,1348002057
55,145,3.0,1146247398
28,174,3.5,1170302746
32,17,4.0,1668680477
415,151,2.5,1590578815
414,102,2.0,1204907726
388,59,4.0,1572582772
440,3,2.5,1058508039
399,178,2.0,1636287632
125,73,4.5,1515760638
170,173,5.0,1406499887
193,114,4.5,1006289471
1,103,2.0,1342917820
296,34,3.5,1355897484
405,45,3.0,1228983761
92,8,2.5,1298063764
259,85,3.5,1201741027
188,166,3.5,1359428043
443,36,3.0,1243603073
68,25,4.5,1080170878
149,29,5.0,1345058966
431,138,3.0,1384462558
447,128,3.5,1503868431
322,90,3.0,1572477827
240,56,4.0,1404912385
52,51,4.0,1423386225
122,157,2.5,1457859904
430,179,3.5,1587940637
105,45,1.5,1508297253
466,160,1.5,1386136956
435,11,2.0,1271137843
381,162,3.0,1083352666
200,196,4.0,1038968528
442,117,2.5,1133173308
330,100,3.5,1545296641
358,76,4.0,1041271430
146,102,5.0,1312478031
39,71,3.5,1158362224
174,144,3.5,1390937626
230,162,3.0,1327186426
166,140,5.0,1396495872
38,51,4.5,1462670549
265,75,2.0,1631087189
9,143,5.0,1367418010
203,182,4.5,1053012559
348,160,4.0,1436278819
192,87,4.5,1151879119
496,5,5.0,1660815255
332,26,2.5,1616311586
134,93,3.0,1002876192
197,17,3.5,1463150480
361,22,2.0,1612587332
387,69,4.5,1423612322
89,92,3.0,1021584746
291,67,3.0,1593086638
165,152,2.5,1227894113
395,79,3.5,1620905530
136,186,3.5,1039196220
22,117,4.5,1241412849
76,66,4.5,1470934240
289,165,2.0,1498909405
487,9,4.0,1093201934
489,10,5.0,1538937251
421,82,3.0,1284110008
355,103,3.5,1159155240
374,162,3.0,1441006762
74,15,4.0,1658510603
337,128,4.0,1082172153
469,43,4.5,1407980738
120,179,3.5,1116633060
224,116,5.0,1556872933
422,87,4.0,1606279263
50,180,5.0,1667866841
21,152,3.0,1567527427
116,128,5.0,1314237376
176,87,3.0,1504118134
277,5,3.0,1082862590
299,17,3.0,1125235530
119,25,3.0,1325900413
280,112,5.0,1631809160
7,144,4.0,1538009401
129,49,4.0,1488391822
186,140,1.0,1378619305
127,77,5.0,1656305628
271,15,2.5,1258690482
489,173,3.5,1284094360
26,68,2.5,1091618529
100,147,4.0,1123862765
86,101,5.0,1244698996
459,161,2.5,1169785028
123,6,2.5,1021890497
379,190,3.5,1391021021
189,20,5.0,1105264703
383,174,3.0,1127098005
326,37,2.5,1325082854
474,26,3.5,1396452596
201,136,3.5,1679581486
333,188,2.5,1152794458
448,63,3.0,1032484628
78,14,1.0,1339234846
8,15,3.5,1583935352
118,39,2.0,1187765286
278,6,5.0,1449974947
273,129,4.0,1475824483
196,55,4.0,1275123136
493,114,4.0,1541294148
393,146,3.0,1529744161
314,199,3.5,1337378532
397,155,4.0,1023240452
6,45,2.5,1654631955
491,115,4.5,1265893950
204,44,5.0,1099284780
415,163,1.5,1403252715
449,168,4.0,1407546025
47,89,2.5,1127107460
262,96,4.5,1582822623
192,3,4.0,1356978269
331,196,5.0,1267302576
246,184,5.0,1043093339
137,189,2.0,1059668123
53,14,4.5,1346731128
123,50,4.5,1342715562
256,139,5.0,1688576709
41,126,4.0,1602279080
192,114,4.0,1496701099
427,130,2.5,1680396099
177,71,4.0,1134558929
447,43,3.0,1267763480
498,66,4.5,1320283843
26,176,3.5,1088629309
493,131,4.0,1257622513
454,170,4.0,1129670800
214,110,4.5,1373875425
268,98,2.5,1617879668
410,26,5.0,1658572178
490,131,4.0,1584070556
344,191,4.5,1502168533
391,151,3.5,1372304589
49,37,2.0,1492490305
72,21,4.5,1263059756
431,132,4.0,1271206726
222,113,4.5,1346494491
155,89,2.5,1204764085
129,88,3.0,1669850332
57,100,4.0,1048149507
493,63,3.5,1236136628
338,190,3.0,1184710228
134,138,4.0,1350194149
387,99,5.0,1198040083
359,14,4.0,1081757382
87,156,5.0,1291172447
338,117,3.5,1487726175
124,162,3.5,1034876976
195,200,4.0,1273498200
64,94,3.0,1516300293
380,93,4.0,1139611058
104,174,5.0,1169122714
305,7,5.0,1194956797
488,148,5.0,1485384715
392,97,4.0,1135912441
289,102,2.5,1654784096
387,117,5.0,1527779625
427,23,3.0,1585986348
102,150,5.0,1095784477
102,100,4.0,1344829734
480,168,2.5,1568313017
379,155,1.5,1232222749
271,95,5.0,1608870650
490,79,3.0,1123272921
322,1,2.0,1200319319
493,22,3.0,1553712676
78,179,3.5,1641783445
237,83,4.0,1410539104
317,124,4.0,1088433988
130,89,2.5,1085227863
64,199,3.5,1127931234
452,33,5.0,1300883577
98,140,2.0,1239747157
163,103,4.0,1154530976
282,77,2.0,1138036240
150,134,3.0,1185600243
34,149,5.0,1244262845
120,36,1.0,1221098763
477,109,5.0,1413587229
442,131,2.0,1369253593
122,89,1.0,1694028172
454,139,3.5,1550874050
43,114,3.0,1604425450
378,95,3.0,1434343295
72,187,4.5,1406159483
422,119,2.5,1558100980
357,101,4.0,1533415945
21,176,4.5,1249750474
480,98,2.0,1504823311
320,136,4.5,1184703571
401,190,4.5,1126465707
284,98,5.0,1682381768
493,159,3.5,1514167395
293,86,2.5,1406994937
122,94,5.0,1273221390
154,198,3.5,1608365140
248,82,5.0,1060202482
274,55,4.5,1456986197
186,51,3.5,1066872824
460,75,2.5,1402354462
405,27,3.5,1589222437
234,4,4.5,1517360307
322,157,1.5,1397069198
374,65,3.0,1040206320
403,19,1.5,1131046418
200,72,2.5,1101146382
312,100,3.0,1076587889
287,41,3.0,1159590999
186,47,4.0,1674589870
328,70,4.5,1126329074
187,162,5.0,1438485988
255,28,5.0,1083788746
235,128,5.0,1540630792
478,196,3.0,1290489860
274,157,4.0,1003637898
321,74,3.0,1674145525
139,161,4.0,1154699923
292,86,3.5,1355106324
433,62,2.0,1425485106
374,183,5.0,1634770077
156,152,5.0,1086713519
204,41,2.5,1609125120
461,166,4.0,1250382233
274,59,2.5,1134275039
452,11,3.5,1041339656
430,147,3.0,1085412976
334,179,2.5,1648461479
362,46,3.5,1571272271
246,36,1.5,1057816100
217,67,3.0,1634144346
275,184,5.0,1208391133
66,145,1.5,1105451697
95,26,3.0,1296926389
450,54,4.0,1327501789
385,134,3.5,1050254291
202,146,2.5,1328249965
274,112,4.5,1050210663
25,134,3.5,1146167963
363,106,3.0,1500619523
273,149,4.5,1529062283
56,7,3.0,1534331662
214,83,2.5,1315572616
337,111,4.0,1515227405
378,173,2.0,1183131359
127,137,5.0,1277184495
162,89,5.0,1131987650
483,146,4.0,1410827118
61,27,3.0,1391039537
313,22,2.0,1403499544
364,36,0.5,1093976358
136,104,5.0,1590380569
138,62,2.5,1069820723
264,187,4.0,1071488069
151,147,3.5,1229587609
303,97,1.5,1546306613
16,9,3.0,1516364146
403,41,2.0,1364908456
407,23,4.5,1623412595
332,137,4.5,1629564529
142,107,3.0,1572772813
26,101,2.5,1465607277
458,86,3.5,1392509430
267,127,5.0,1254053784
307,143,1.5,1568252400
439,67,5.0,1587124241
425,137,3.0,1499365902
3,142,3.5,1278765609
356,20,5.0,1486518803
265,58,3.5,1153371663
268,61,3.5,1062259806
458,85,2.5,1317466716
283,193,3.0,1025159760
227,98,2.5,1174845828
53,194,1.5,1311654238
491,4,1.0,1008413841
13,153,3.0,1208109375
492,128,2.0,1290707950
401,158,4.5,1244821912
179,121,3.0,1100235289
226,84,1.5,1070055620
101,18,5.0,1273873551
346,53,3.0,1045742014
478,89,4.0,1310280647
306,4,5.0,1024204364
34,110,3.5,1558608735
30,186,3.5,1636158874
457,68,5.0,1280035248
494,82,3.0,1207032281
205,55,5.0,1397049978
45,187,3.5,1616674605
129,48,3.5,1651842567
86,198,3.5,1074227713
474,139,3.0,1017646737
51,95,3.0,1143632931
15,196,2.5,1349746775
283,18,2.0,1438815350
57,156,3.0,1226165801
266,90,3.0,1663012709
164,34,4.0,1079780531
330,117,3.5,1142198473
125,33,5.0,1303782108
88,120,4.5,1618465328
392,129,5.0,1658146231
401,71,3.5,1690036165
340,120,3.0,1041337583
440,146,2.0,1072566601
54,73,5.0,1033873693
12,199,2.0,1340074422
412,103,2.5,1201907227
87,150,4.0,1562350172
426,26,3.0,1451243224
252,190,5.0,1668612067
446,162,2.5,1503814682
64,56,3.5,1043997822
195,147,1.5,1514479411
435,168,5.0,1265806241
362,86,1.5,1606898079
329,71,5.0,1165949739
164,8,3.5,1489199491
137,126,3.0,1680215087
261,107,3.5,1221920609
365,86,2.0,1459285263
373,48,4.5,1202870459
426,153,3.0,1201857838
212,19,3.0,1612886637
238,198,5.0,1280061770
444,21,1.5,1457008229
255,46,3.5,1483472567
88,192,3.5,1533061850
48,198,3.5,1073080719
445,24,3.0,1520931456
77,126,3.0,1570701464
211,182,5.0,1501890367
16,188,4.0,1107688539
101,98,2.5,1565082893
91,173,4.5,1019624417
474,71,3.5,1279804151
389,187,4.5,1433636271
378,80,3.5,1199437581
186,123,2.5,1136611535
195,64,1.5,1069406606
91,200,5.0,1615675596
186,114,4.5,1422002779
23,181,4.0,1468225971
293,20,4.5,1052762249
50,130,5.0,1352904583
452,32,1.5,1157131190
31,123,3.5,1131732676
171,110,1.5,1225989986
478,187,3.0,1205298901
176,22,4.0,1366060650
308,165,3.0,1220257487
324,182,5.0,1045259683
257,200,3.0,1234753032
484,140,2.5,1168679241
446,15,3.5,1016741909
343,9,2.5,1148287247
200,121,2.5,1054771394
70,83,4.5,1055716957
247,191,4.5,1395803548
483,51,3.5,1049373888
380,139,4.0,1207698207
253,87,5.0,1490249907
215,63,3.5,1098298122
125,24,2.5,1503987102
335,73,4.0,1103741664
32,9,4.5,1670536644
46,119,4.5,1125128235
344,36,5.0,1467750897
421,46,4.5,1584026081
349,171,4.0,1075489641
455,45,4.5,1502390406
401,175,4.0,1580490845
74,120,1.5,1207801937
180,134,1.5,1390589903
385,137,2.0,1633767692
51,92,4.5,1574088992
283,114,3.0,1661463709
59,13,3.5,1664451582
247,38,5.0,1481793812
280,185,5.0,1259769119
391,119,1.0,1128306537
109,54,4.5,1673669666
241,182,3.5,1199877370
189,110,2.5,1440133899
259,70,3.0,1532464683
314,48,3.0,1629589269
314,115,2.0,1078673034
287,102,4.0,1102618966
283,78,5.0,1060447980
70,162,4.5,1282273961
422,100,1.0,1221709527
304,42,4.0,1547143796
191,118,4.0,1339389677
400,65,2.5,1314777331
191,38,2.0,1656080715
161,9,4.5,1156927926
480,161,3.5,1588848067
294,105,3.0,1547016937
476,59,4.0,1422281824
320,179,5.0,1400802321
125,32,4.0,1546085998
129,32,4.0,1173240016
128,9,3.5,1644253524
114,102,3.0,1347451629
156,79,4.5,1200950168
237,124,3.5,1301268602
161,148,4.0,1366912798
138,185,5.0,1118879210
256,159,4.5,1079980946
221,183,2.0,1533282013
124,11,2.0,1234142040
168,93,5.0,1521015408
137,15,3.5,1457602065
395,105,4.0,1096050627
365,8,2.5,1547436762
392,199,4.0,1156558342
273,103,5.0,1029467648
113,126,3.5,1191043682
300,45,4.5,1467905110
220,172,5.0,1059160143
477,148,5.0,1510710817
487,84,2.5,1631963873
420,51,4.0,1476062174
382,8,5.0,1645495274
278,96,5.0,1447144158
251,193,3.0,1079286791
104,163,2.5,1472979698
237,28,3.5,1694522838
93,67,3.0,1484655583
387,59,3.0,1392446260
397,135,4.0,1599825038
271,82,3.0,1264323611
399,14,5.0,1039237075
477,82,3.0,1113892493
190,21,3.0,1197247065
86,65,2.0,1460111545
242,8,5.0,1479709496
302,115,2.0,1656335027
76,154,4.0,1625016833
243,44,4.5,1334251041
275,86,0.5,1147993913
434,19,2.0,1699672801
283,139,3.0,1417299388
74,58,5.0,1629797227
162,86,3.0,1147893108
55,189,3.0,1430577146
217,106,2.5,1228021173
45,108,2.5,1530534515
188,123,2.5,1269666417
106,12,2.5,1095018946
314,49,2.5,1011770334
458,135,2.5,1353691754
330,119,3.0,1062634298
177,151,4.5,1545926841
189,41,2.0,1130914167
125,107,2.5,1303092887
418,10,3.0,1239757198
494,118,3.5,1695991957
333,167,2.5,1226024607
49,43,5.0,1659699786
28,48,4.0,1281320105
9,47,4.5,1396898135
357,111,4.0,1532683090
283,133,5.0,1452982148
108,166,2.0,1235404781
362,41,3.0,1157340472
211,183,2.5,1186335488
46,127,3.5,1478903517
349,43,5.0,1364781131
62,41,5.0,1576161837
221,100,4.5,1347270403
308,41,3.5,1639033358
240,76,5.0,1103107408
65,8,5.0,1698451968
487,18,5.0,1202526409
98,193,3.5,1045632389
362,94,3.5,1035647537
165,44,2.5,1075056769
433,77,3.0,1629895513
432,179,2.5,1684928859
150,109,3.5,1270629196
205,47,3.5,1219548498
171,112,2.5,1352476433
293,77,5.0,1680902141
437,87,4.0,1247295890
71,64,5.0,1291731723
214,173,5.0,1360265183
311,132,5.0,1618472755
177,105,2.5,1188847820
340,111,3.0,1607826531
379,11,1.5,1356254941
489,94,1.5,1437143829
451,85,2.5,1521854309
425,161,3.5,1302899884
60,72,3.5,1400460093
234,75,5.0,1069225538
324,135,4.0,1217079961
139,198,4.5,1585178205
188,152,3.5,1305450180
483,132,2.0,1052318585
239,112,4.0,1377478526
305,193,1.5,1038730488
329,16,3.5,1019062777
160,93,4.5,1448305788
362,141,3.0,1678386489
326,73,3.5,1002832364
108,12,3.0,1009188020
216,155,2.0,1362280802
478,53,4.0,1038607009
53,185,5.0,1534708689
67,100,5.0,1618519949
427,54,3.0,1376011029
37,174,1.0,1229912119
141,35,3.5,1313395143
462,87,5.0,1129737513
414,20,2.0,1408521537
230,163,5.0,1213573801
82,109,1.0,1234318042
81,170,4.0,1683763097
276,198,4.5,1467903316
53,197,5.0,1150887721
67,164,4.0,1317087298
93,24,3.0,1396420511
327,26,3.5,1348764694
284,191,2.5,1401014031
120,77,1.0,1467515460
48,114,3.0,1045572108
121,55,4.0,1497178359
486,47,4.5,1156565050
481,12,3.0,1011958529
157,118,5.0,1007719631
483,38,3.5,1105415603
439,69,4.0,1432672453
323,57,4.5,1348874549
78,141,3.5,1492792928
271,146,3.5,1610513947
190,57,5.0,1533002884
302,160,1.5,1464533323
382,77,3.5,1598733213
135,90,1.5,1216547280
185,125,1.5,1619759378
407,21,3.5,1078961705
442,89,3.0,1337992994
25,50,5.0,1103493128
187,89,3.0,1098114271
218,4,5.0,1422767654
1,66,3.5,1680333751
107,197,2.0,1328027173
399,118,1.5,1087406350
271,30,2.0,1239232420
441,164,4.0,1098523481
136,146,5.0,1186597756
321,44,2.5,1446477883
39,106,4.5,1306220541
38,197,3.5,1001709598
286,131,2.0,1130042909
214,192,4.0,1566349377
434,23,5.0,1208104198
410,200,3.5,1117377181
28,2,4.5,1077488750
76,169,4.0,1388706853
81,131,4.0,1462408403
493,61,2.5,1446469522
235,56,4.0,1126458504
101,53,1.5,1429979551
53,68,4.0,1142716880
270,147,5.0,1475797156
273,120,5.0,1103574094
140,4,2.0,1401712379
65,24,4.0,1025155526
192,81,2.5,1341323981
376,139,3.5,1019912851
140,58,5.0,1372285947
119,14,4.5,1105373469
284,43,2.5,1304939537
51,86,2.5,1289179838
439,22,3.5,1556095420
500,89,3.5,1463929749
18,191,3.5,1103021784
371,73,1.5,1393351255
237,140,5.0,1058856880
94,37,5.0,1177279249
102,119,4.0,1256736225
435,107,2.5,1007708753
24,52,2.5,1443645830
204,149,2.5,1562178719
43,51,2.5,1177856619
47,149,2.5,1059498210
250,112,4.0,1452146756
107,62,3.5,1396152070
222,92,5.0,1118096893
63,166,1.5,1420522379
273,71,2.5,1427109654
157,177,1.0,1538822488
156,23,3.5,1271158206
473,113,5.0,1472291661
491,81,3.0,1117686592
459,143,5.0,1010367317
459,47,4.5,1220167382
86,24,4.5,1549083153
467,112,4.0,1545066093
139,95,5.0,1409483756
444,95,3.5,1261303871
258,133,4.5,1238149156
386,78,5.0,1578853133
482,123,2.5,1335983590
297,35,3.0,1410814864
381,25,4.0,1028966853
42,114,2.5,1406685166
231,130,2.5,1593957970
164,117,5.0,1313181902
332,89,2.5,1335636134
187,144,3.0,1136802948
347,178,4.0,1248074318
196,23,4.0,1216246892
490,10,3.0,1308945945
360,36,3.5,1033786022
228,108,2.5,1458990252
248,15,3.0,1385837900
85,147,4.5,1286178454
140,111,4.5,1669951015
385,49,4.5,1472363807
429,175,3.5,1334172004
455,55,3.5,1554627843
359,96,2.0,1450301520
78,127,3.0,1571028819
312,156,3.5,1117524653
472,128,5.0,1260754528
442,30,1.0,1155508326
267,96,3.0,1241768887
152,13,1.0,1443384366
317,122,1.5,1415551141
377,36,5.0,1379340305
369,19,2.0,1476287489
363,160,3.5,1297309365
98,93,4.5,1314146512
361,122,3.0,1684833623
188,91,2.0,1597428637
285,74,3.5,1403561687
338,17,5.0,1323868419
399,34,4.5,1620596742
371,132,3.0,1259178190
106,18,3.0,1260060728
169,102,5.0,1496724509
66,20,1.5,1583870714
78,181,4.5,1175277788
390,141,3.0,1328878763
42,55,1.5,1655073260
71,102,1.5,1122745076
205,68,5.0,1372104396
212,1,3.5,1655712743
441,189,2.5,1663914396
187,142,3.5,1654508400
325,19,3.0,1042364847
304,65,3.0,1318062482
158,54,3.0,1090398977
172,19,3.5,1638906868
382,61,4.5,1376550029
432,36,1.5,1215702223
346,141,5.0,1473472103
225,171,2.5,1263840222
214,28,4.0,1512069871
102,107,3.5,1416870128
144,37,2.5,1532847906
39,90,5.0,1328268757
316,195,2.5,1695759579
495,14,5.0,1283266545
363,64,4.5,1152396063
200,143,2.5,1584587036
407,62,2.0,1433231678
43,184,5.0,1359141600
179,187,2.0,1450841212
375,14,3.5,1625870831
419,81,4.5,1624642896
143,45,4.0,1529825519
125,47,3.5,1477018196
176,120,2.5,1387600467
475,162,4.5,1641605611
424,21,1.0,1186319119
42,192,4.0,1420718597
1,190,2.0,1177846285
72,171,2.5,1607947778
408,200,4.0,1586448675
73,109,2.5,1043270940
194,59,5.0,1665395174
237,190,4.5,1227050408
270,73,2.5,1177006997
338,59,3.0,1290582990
315,34,2.0,1340931065
296,196,4.0,1093731051
200,111,5.0,1667254806
417,179,2.0,1172097809
139,137,3.5,1226444288
334,121,4.0,1030764575
12,154,2.0,1168766100
420,142,2.5,1202824089
74,5,1.5,1339943720
304,40,4.0,1457367380
117,150,3.0,1164423658
405,62,2.5,1271725660
317,157,5.0,1420077172
247,134,1.5,1079438760
433,32,5.0,1238218218
478,124,1.0,1584507487
274,161,3.0,1188383802
314,141,1.5,1164510595
262,151,2.5,1349003916
160,184,3.0,1476894524
302,17,2.5,1031922738
1,122,4.0,1179439194
39,115,4.5,1583852864
106,6,3.5,1096826672
367,184,4.0,1482138288
31,57,5.0,1288850573
473,177,2.5,1060668324
279,185,4.5,1128528413
248,31,5.0,1486137997
205,77,5.0,1368875210
226,37,5.0,1186841310
330,29,4.5,1342955512
100,145,5.0,1409856859
357,86,3.0,1610113434
117,56,3.5,1279808829
151,119,3.5,1415896062
298,77,2.5,1154385410
148,19,3.5,1401952197
343,191,3.0,1474856998
56,171,3.5,1409408786
190,38,2.0,1143684571
316,139,3.0,1644141515
40,151,5.0,1087719039
450,103,3.5,1112403622
14,11,5.0,1312226057
328,72,3.0,1128838574
251,78,3.0,1140198271
70,106,4.0,1501149528
143,94,3.5,1265554070
369,147,2.0,1159257847
98,4,4.0,1598295098
230,179,2.5,1451635417
6,43,3.5,1573101157
53,35,1.0,1494795507
154,130,2.5,1547284015
9,178,3.5,1337036025
390,6,4.0,1594304234
289,139,2.0,1137823135
46,69,2.5,1309872736
124,149,5.0,1414807999
320,138,5.0,1090867462
14,182,4.0,1063429982
291,186,5.0,1366292166
48,74,3.0,1539962467
105,134,4.5,1433337924
30,119,4.0,1664875733
495,51,2.5,1293482659
471,74,3.5,1521429809
250,138,3.0,1531601655
168,152,4.0,1465167290
185,134,3.0,1040030692
356,38,2.0,1037910501
416,137,3.5,1255627053
408,130,4.5,1614706885
181,118,4.5,1627132915
160,104,1.5,1634964952
254,157,3.5,1625846550
5,71,4.5,1613469851
271,44,3.5,1355615929
191,24,4.5,1636321515
31,78,2.0,1315876156
21,168,2.0,1233255399
56,77,4.0,1645017823
169,136,3.0,1554979254
206,154,5.0,1468901363
242,167,4.0,1505463768
404,144,2.5,1028173857
435,60,2.5,1311734372
220,13,1.0,1394275581
239,88,4.5,1050476919
186,168,3.5,1081242786
376,60,4.5,1437561775
181,2,4.0,1699273764
84,197,3.5,1215295487
204,81,4.5,1076195711
350,82,3.5,1623580245
227,116,3.0,1587240952
463,15,3.5,1586808799
344,44,4.5,1203795750
375,50,2.5,1405885699
229,61,4.5,1028191631
485,117,3.5,1063335698
5,92,3.0,1143094544
410,99,3.5,1276475777
464,163,5.0,1680302325
357,177,5.0,1419670582
408,163,4.0,1679856131
376,39,4.5,1301228527
163,190,3.5,1557076835
122,67,3.0,1293851603
102,46,4.0,1453333429
236,100,3.0,1172658651
301,163,2.5,1400597819
112,51,3.0,1451924668
490,106,1.5,1226316896
306,188,2.0,1280956976
261,8,5.0,1237717623
192,97,5.0,1289910520
405,191,3.0,1286100553
293,175,4.0,1580517358
116,1,2.5,1005618681
225,121,4.5,1292183146
441,6,4.0,1271234911
271,62,2.5,1057798839
380,32,3.0,1162518547
32,175,3.0,1211248796
398,17,4.5,1338330058
127,156,3.5,1115063158
303,146,1.5,1215076469
310,54,3.0,1353983374
118,98,2.5,1413339294
59,37,1.5,1696535034
412,191,2.5,1651673839
11,44,1.0,1084808517
262,88,2.5,1162074191
240,37,3.5,1638788721
246,46,4.0,1612408864
124,138,4.0,1133195889
446,84,4.5,1277395372
125,77,5.0,1082793973
135,130,2.5,1555492722
359,52,2.0,1566040126
285,9,3.5,1489776665
214,135,4.0,1310309974
154,128,2.5,1049950464
445,60,4.0,1692200893
126,92,5.0,1465195207
165,145,2.0,1170095977
249,55,3.5,1035239810
411,11,4.5,1177970794
242,19,3.5,1474813686
493,48,4.0,1307627891
432,50,4.5,1508890628
271,171,3.0,1596503468
471,187,2.0,1580348171
309,77,3.5,1200351535
421,160,2.0,1303686096
215,68,3.0,1083196941
487,62,4.0,1157645620
175,49,3.5,1614541529
328,153,4.5,1213104684
487,16,4.0,1347616413
148,28,2.5,1446438499
438,31,2.5,1682716242
146,76,4.5,1377941144
322,18,4.0,1482648032
349,25,3.5,1251239081
41,133,4.0,1529827065
343,14,2.5,1201852092
220,24,0.5,1266106177
328,140,5.0,1551249764
105,184,4.5,1504236703
428,125,3.5,1354382042
404,142,2.5,1625050662
330,152,3.0,1451624718
165,57,1.5,1234783420
67,61,3.5,1429200513
55,166,1.0,1066673107
168,45,3.5,1488730969
352,113,2.5,1467835713
432,178,3.5,1440590511
362,97,2.0,1683301057
183,114,5.0,1642976687
273,39,4.0,1245201232
132,71,2.5,1672026385
191,113,3.5,1293545138
325,139,5.0,1575280879
418,160,2.5,1114035331
268,20,2.0,1553439312
257,21,2.0,1572658070
381,159,2.5,1143672588
268,138,5.0,1305917766
359,54,3.0,1476917224
316,54,3.0,1167463102
430,87,3.5,1181466432
256,39,3.5,1443053415
450,30,4.5,1180253790
80,65,4.5,1005127788
85,103,4.0,1348383601
477,159,3.0,1281881320
108,157,4.5,1436468007
56,182,2.5,1476417885
161,146,2.5,1274216980
486,83,3.0,1253361234
332,34,5.0,1684825551
349,11,2.5,1482809216
314,47,3.0,1259196569
500,79,3.5,1020123504
93,3,3.5,1633903142
25,142,3.0,1589084718
466,120,4.0,1642852151
269,136,3.0,1072860781
403,71,5.0,1637128889
13,89,4.0,1663682232
337,43,4.5,1629942381
243,156,2.5,1492714156
278,156,3.5,1309668355
448,170,1.0,1488048572
26,69,5.0,1070492220
91,48,5.0,1487519402
237,44,3.0,1485056360
436,200,4.0,1051657874
57,134,3.5,1013733205
4,161,2.0,1580323171
266,47,5.0,1293786752
82,169,3.0,1695171730
276,196,1.0,1529917503
69,52,2.5,1020586046
361,69,2.0,1278678812
244,10,3.5,1645822424
380,112,3.5,1201809151
12,125,5.0,1379453222
298,149,5.0,1177706006
308,88,5.0,1279806720
77,73,2.5,1688079932
436,132,4.0,1481090691
493,96,4.5,1312947712
388,184,3.0,1459798520
67,68,4.0,1052347638
146,167,4.0,1489961386
58,18,3.0,1692032649
440,154,5.0,1097425729
217,69,4.0,1193361531
457,40,3.5,1583304794
52,169,2.0,1016349429
309,83,5.0,1699257832
327,59,3.5,1231846363
195,77,3.5,1299531376
123,18,2.5,1350290045
182,118,4.5,1368797961
313,187,2.0,1164780169
132,72,1.0,1387927285
342,96,2.5,1593106157
95,70,4.0,1490455009
416,104,4.0,1347977076
223,77,3.5,1090086467
27,78,3.5,1625273708
124,3,3.5,1427178485
407,59,5.0,1563387752
97,86,4.0,1198520778
83,56,3.0,1564163968
223,197,3.5,1294235800
205,162,3.5,1255234952
462,147,3.5,1639972945
435,1,2.5,1117535174
360,78,4.5,1526032281
228,75,4.0,1659362615
336,16,2.5,1521528368
116,41,4.5,1120254417
254,111,1.0,1219917888
443,172,5.0,1637125128
381,155,5.0,1550179209
212,74,5.0,1422551636
197,49,3.0,1184576951
14,13,4.0,1613368223
488,61,3.0,1576877138
260,184,4.0,1601389730
407,25,3.5,1148082908
220,108,3.0,1265981757
389,188,3.0,1232228158
226,153,3.5,1458076638
467,147,5.0,1526199175
207,180,5.0,1272821366
269,124,3.5,1516013643
190,134,3.5,1339536964
111,39,4.0,1336841148
352,107,3.0,1067026013
184,109,3.0,1562705724
216,13,1.0,1180366077
138,101,3.5,1304091651
256,91,3.5,1529149482
378,114,3.0,1105767481
488,78,4.0,1223662841
237,48,3.5,1197980303
3,11,3.0,1476041233
124,119,4.5,1137803102
164,141,3.5,1551758714
17,6,2.0,1462173727
379,152,1.5,1566670447
46,64,5.0,1358398176
22,7,3.5,1194522898
6,23,3.5,1696592175
59,128,3.5,1689814601
165,165,5.0,1276955642
97,156,3.5,1408004780
367,95,5.0,1224651022
220,110,3.5,1026743582
445,84,0.5,1692234638
21,139,5.0,1423213157
129,84,4.0,1472351708
278,166,3.0,1196140608
354,46,3.0,1125755876
30,114,3.0,1271625576
64,151,2.0,1103118842
36,178,4.5,1549234646
214,194,3.0,1413974701
352,69,2.5,1636987210
172,28,5.0,1132900197
29,77,2.0,1329505679
4,167,3.5,1634545181
387,63,0.5,1542601282
380,129,5.0,1379557401
26,170,3.0,1542872693
59,62,4.5,1078244680
196,87,2.5,1498554212
214,116,1.5,1476799223
125,34,2.5,1020380766
491,172,5.0,1141245753
273,65,4.0,1297150922
432,93,1.5,1039795813
400,195,0.5,1553386709
96,145,3.0,1067148781
174,15,5.0,1110143863
78,78,2.5,1448033661
500,164,5.0,1479390576
76,105,3.5,1362863527
249,46,5.0,1246786149
442,25,2.5,1605818936
151,95,3.5,1248097984
184,9,2.5,1037818798
404,7,4.5,1365382095
425,94,4.0,1642863265
202,147,1.5,1079218719
136,166,4.5,1313173163
61,191,1.5,1363680749
305,129,2.5,1220536970
338,89,4.5,1099050808
139,42,2.0,1533837657
427,100,3.0,1291776876
192,73,4.5,1061018649
468,13,4.0,1120562956
496,111,4.0,1156850247
261,98,4.5,1344530336
360,127,5.0,1665962474
59,133,2.0,1666672335
120,107,4.0,1645181158
204,136,4.5,1549174143
293,74,4.5,1059423006
67,85,3.5,1339390631
462,100,3.0,1407015638
290,158,4.5,1521180275
37,27,4.0,1042311823
343,12,5.0,1033217847
251,116,3.5,1366803273
177,55,3.0,1674254371
171,156,1.5,1433925342
58,115,3.0,1235145055
323,23,2.0,1620747599
473,108,1.5,1467065527
287,146,2.5,1532151537
16,23,4.5,1302056751
184,120,3.0,1303715820
493,88,3.5,1535848655
147,161,4.5,1410687374
428,36,3.5,1177420863
423,32,2.5,1464655155
432,52,3.0,1204600188
356,105,4.5,1248597077
484,119,3.5,1679639589
281,180,0.5,1451416204
153,61,3.0,1192067545
261,52,4.0,1450146709
296,161,3.5,1087043782
475,171,2.5,1647823394
371,3,2.5,1345349762
177,40,1.0,1237002094
302,49,4.0,1095064719
338,55,4.0,1022482625
346,136,3.5,1222591333
210,169,3.0,1589934615
355,60,2.0,1146197461
302,93,4.0,1239292849
401,65,1.5,1498043094
299,105,4.5,1105234795
118,84,4.0,1317147602
67,177,5.0,1383697720
339,21,3.5,1532935223
230,78,3.0,1375472725
94,19,4.0,1533998032
243,73,4.5,1474484325
267,121,2.0,1411784528
259,138,3.5,1150680295
220,3,4.0,1599809549
196,178,4.0,1020309697
50,167,3.0,1576783636
425,181,4.5,1005753250
119,78,2.5,1649719325
323,96,5.0,1261998544
435,77,3.0,1180963352
102,97,4.0,1338658731
493,74,3.0,1229537510
421,6,3.5,1380463458
188,97,2.0,1258800773
364,193,5.0,1128924802
151,198,2.5,1697831331
38,112,3.5,1313528960
108,158,3.5,1129856929
470,79,2.5,1092566080
372,180,0.5,1567816217
271,14,5.0,1568066577
42,164,3.5,1522182277
37,69,1.5,1183455434
61,3,1.0,1307652349
46,184,3.0,1032215979
175,9,3.5,1036709927
155,176,3.0,1672922189
339,75,5.0,1469662456
405,173,1.5,1125330718
184,163,4.0,1445351353
247,111,4.5,1595004854
464,58,4.0,1118429859
396,35,4.5,1518984014
327,85,3.5,1697215389
225,28,4.0,1266462767
216,43,3.0,1182387277
69,36,1.5,1588544622
218,137,4.0,1013440342
202,143,3.0,1337960720
423,102,2.5,1571357547
140,41,4.0,1620347005
365,183,4.0,1147193804
360,18,2.5,1021794189
74,96,4.0,1408478617
115,145,3.5,1664666282
241,183,3.5,1378507466
122,130,5.0,1454490597
287,34,4.0,1228527559
188,93,4.0,1330134301
370,116,2.5,1101189649
440,16,2.5,1500147321
121,160,4.0,1190934509
446,9,1.5,1541435619
149,45,3.0,1006247820
207,4,2.5,1275102127
182,105,3.5,1468407449
77,176,3.0,1585400161
356,58,3.5,1157703476
107,131,4.0,1212283513
422,3,4.5,1264479814
91,70,5.0,1626717576
17,29,3.0,1028330649
169,81,3.0,1464117491
413,19,2.5,1630699168
247,131,3.0,1143287975
182,55,2.5,1592702875
379,7,4.0,1435595715
228,78,4.5,1271091553
478,77,1.5,1363972455
5,65,3.5,1397448324
277,142,5.0,1404992978
271,91,1.5,1352997521
66,155,5.0,1495277186
320,6,2.5,1067710305
334,16,3.0,1339635833
386,167,4.0,1503466497
494,137,4.0,1684766272
198,121,3.5,1452396834
131,149,2.5,1152458051
176,192,2.0,1505912354
333,196,3.5,1599935403
128,3,3.0,1521153308
171,1,2.5,1215166883
354,113,3.0,1018979149
237,5,4.0,1170871920
303,52,5.0,1563548785
181,177,3.5,1596192774
148,10,3.5,1611496469
484,14,2.5,1561139768
158,88,2.5,1485182636
340,151,4.0,1589728769
403,78,4.0,1077609784
333,98,3.0,1627543508
476,118,4.5,1439087221
222,160,3.5,1026330707
394,111,3.0,1411160394
376,9,2.5,1681709345
476,36,2.5,1092204612
323,63,4.0,1465257012
99,8,3.0,1232107965
415,186,3.5,1628531695
56,16,2.5,1029009757
233,62,3.5,1481551136
123,99,3.5,1470072651
342,78,5.0,1330561023
431,97,2.0,1472887108
463,57,4.5,1391627392
27,146,2.5,1134594722
157,141,5.0,1643895546
347,107,2.5,1387277443
312,167,4.5,1489836872
476,179,4.0,1560801909
69,158,2.0,1605776619
401,164,3.5,1114012354
68,162,4.0,1561640147
280,132,4.0,1066142345
111,90,3.0,1668870291
36,95,5.0,1581301543
54,70,5.0,1479247374
137,107,4.0,1146586995
100,102,2.0,1006164635
287,22,2.5,1124126242
53,65,3.0,1405950645
86,34,3.5,1250636256
158,66,2.5,1651569648
334,85,3.0,1344909163
104,17,1.0,1017268636
308,96,1.0,1392117883
426,160,3.5,1213810172
477,57,5.0,1385519186
275,68,1.5,1136022728
301,41,3.0,1253480699
445,37,3.5,1427191173
108,88,4.0,1191588353
467,21,3.0,1243552133
368,140,2.0,1156896013
197,88,4.5,1040205040
410,75,1.0,1322386393
220,49,4.0,1479133841
418,123,2.5,1046467397
442,137,4.0,1511639781
431,192,5.0,1371746709
188,83,2.5,1450504525
322,198,3.0,1124196108
393,27,3.0,1138924616
150,70,5.0,1264456809
50,68,3.5,1170310367
447,170,3.5,1065326601
496,16,3.5,1499157773
17,112,5.0,1597773576
134,17,2.5,1495738504
270,105,4.5,1014271705
377,44,2.5,1644748216
419,83,2.5,1084806879
186,93,4.0,1504702312
66,16,5.0,1278547746
480,88,3.0,1009042600
481,63,3.0,1174448745
378,122,4.5,1515495544
138,179,3.5,1693710402
256,134,4.5,1083937053
166,14,1.5,1331133804
356,54,2.5,1370549798
228,33,3.5,1660253972
219,106,4.0,1693824326
237,39,3.5,1172628479
75,42,3.5,1541092869
235,29,4.0,1221471271
24,180,2.0,1523116229
207,174,4.0,1418698904
109,195,5.0,1137573115
225,173,3.0,1399587800
114,99,2.5,1690736100
165,174,4.5,1655116962
451,142,5.0,1395852175
62,85,3.5,1055240179
309,71,2.5,1568444686
143,32,3.5,1126691527
430,77,2.5,1696542170
312,53,4.5,1253541114
325,133,3.5,1457597000
241,99,2.5,1186526130
108,169,3.5,1050958229
306,191,2.5,1605335261
42,189,2.0,1078381647
403,55,4.5,1355215652
158,124,4.0,1679777499
390,112,3.0,1635855874
11,20,5.0,1675311930
399,105,2.5,1098837910
277,57,3.0,1366978592
375,189,4.0,1433167029
384,144,4.5,1071288660
5,120,4.0,1029865658
372,64,3.0,1162906270
340,191,3.0,1362113584
273,110,2.5,1014451421
399,17,3.0,1075157862
176,161,3.0,1503732923
379,122,4.0,1110281468
300,141,2.5,1463289196
498,16,4.5,1472082921
208,75,3.5,1624722111
465,65,2.5,1415064307
51,128,4.0,1373810085
302,94,3.5,1664593116
234,121,3.0,1537345878
231,126,5.0,1439285511
208,107,3.0,1137372428
307,114,3.0,1543474457
79,199,4.5,1607540202
270,56,4.0,1150809308
335,48,4.5,1596779098
102,21,3.0,1159193655
407,189,4.0,1319842691
393,170,2.0,1230327913
20,77,1.0,1050990366
493,77,3.0,1547622672
189,16,3.5,1523627515
96,192,5.0,1333055868
416,51,5.0,1274358262
133,16,2.0,1161182665
232,190,4.5,1226181233
416,168,2.0,1458589241
469,11,5.0,1382062635
268,175,3.0,1678082314
169,132,3.0,1225041390
441,128,4.5,1139768843
354,31,3.0,1335339913
454,178,5.0,1517847756
107,7,3.0,1312565281
389,166,4.5,1427102967
438,105,3.5,1060499357
344,74,4.5,1226400142
394,187,2.5,1340341091
175,33,1.5,1579688871
469,86,2.5,1585339379
148,71,3.0,1563844575
452,100,3.5,1214200339
442,141,3.0,1669896918
276,195,1.0,1534880999
31,139,2.5,1615721453
119,15,3.5,1622451248
488,79,3.0,1322709110
214,86,3.0,1159864257
281,84,3.0,1290797496
379,160,3.5,1286331215
480,63,2.0,1108818953
303,126,3.0,1348535658
298,154,3.0,1601583253
299,150,2.0,1472970372
310,84,3.5,1398042104
380,128,1.0,1604128215
231,6,2.5,1609757399
489,115,4.0,1536604905
437,172,4.0,1200949657
381,22,3.5,1463822177
121,110,4.0,1550375825
325,40,4.0,1048895658
170,72,3.5,1694542725
493,18,5.0,1221908944
42,90,1.0,1213615098
371,183,4.5,1689045750
293,163,1.0,1391605687
236,157,2.5,1422812188
231,182,4.5,1370194751
295,80,4.0,1342465920
442,39,2.5,1068185723
167,53,3.5,1698562793
41,71,3.0,1524938604
493,100,4.5,1502464467
171,145,3.5,1009940505
177,92,2.5,1694822306
193,177,4.0,1066226767
132,199,4.0,1676789382
334,58,3.5,1103780413
32,73,4.5,1571737982
356,176,5.0,1545150753
94,148,1.0,1238322607
401,160,5.0,1415758980
407,115,5.0,1019357812
107,158,4.0,1294996477
426,36,3.0,1407332039
46,108,1.5,1235526698
336,141,3.5,1065176540
413,125,3.0,1380631881
76,69,2.0,1329411334
320,164,2.5,1484063568
87,162,3.5,1005043629
29,191,4.0,1473521144
369,29,2.5,1087554850
432,7,0.5,1306636738
461,49,3.0,1311502123
199,26,2.5,1643591135
201,7,3.0,1116600171
94,128,1.0,1173160437
365,113,3.0,1379751500
365,146,4.0,1061737798
432,159,3.0,1165490578
293,176,3.5,1050268593
256,18,3.0,1548373905
215,29,1.0,1153977499
210,177,3.5,1012064156
294,175,2.5,1098005862
396,4,2.0,1197416276
59,96,4.5,1329027173
169,156,4.0,1262427692
300,106,3.0,1469957017
397,18,3.5,1066125299
57,143,3.5,1049608261
456,122,1.5,1604050259
159,28,2.0,1341041619
340,39,2.0,1364199719
379,74,4.0,1234911249
242,30,5.0,1187097134
357,51,4.0,1606056448
414,133,3.5,1596127904
451,116,2.5,1507901222
496,153,4.5,1211292783
92,105,3.0,1238710806
402,9,2.5,1375138219
225,159,4.5,1111658276
395,91,5.0,1301293126
140,167,4.5,1105920075
291,13,5.0,1314933746
362,26,2.5,1450553508
55,19,3.0,1526139878
118,21,2.5,1207165036
180,11,2.5,1538923699
328,111,5.0,1031010448
331,130,2.0,1254111421
296,29,3.0,1332913828
21,123,5.0,1341331981
7,170,4.0,1299280627
141,81,2.5,1210726322
68,131,3.5,1581236534
224,172,1.5,1563043331
92,1,3.5,1182511829
302,163,3.5,1365454189
357,189,3.5,1426459316
215,26,5.0,1622183269
464,20,4.5,1487107960
229,109,2.0,1105610718
427,55,3.5,1039344317
158,50,3.5,1124041217
203,172,5.0,1365573694
472,69,3.0,1661008843
247,81,3.5,1060899959
284,199,4.0,1497693428
298,9,2.0,1673260049
470,158,1.5,1469841126
359,110,3.0,1066154727
61,70,4.5,1516282783
383,171,2.0,1568362107
53,147,3.5,1515277361
105,179,2.5,1340586672
61,15,1.0,1315379202
433,109,4.0,1493496702
345,138,4.0,1306264248
79,9,4.5,1319929029
98,146,4.5,1420682459
376,44,3.5,1339039254
171,45,4.0,1583472087
218,77,3.5,1424969097
262,81,0.5,1564599433
388,95,1.5,1470305952
42,133,2.5,1191362961
121,32,3.5,1177157826
17,41,4.0,1554001504
356,110,4.5,1654534217
289,96,4.5,1148546074
322,187,3.5,1653310114
395,151,4.0,1173512765
224,28,5.0,1160620945
492,100,4.0,1643727558
103,136,3.5,1603116757
89,96,4.0,1278373883
104,105,4.5,1252792858
386,121,5.0,1239358956
55,139,2.0,1276927682
434,113,1.5,1607671734
314,41,3.5,1035653954
372,67,2.0,1081831521
98,16,3.0,1436409545
159,88,5.0,1161013186
201,91,3.5,1106423031
323,176,3.5,1311231835
376,178,3.0,1683132938
258,53,5.0,1100355103
310,81,4.0,1516358983
399,167,3.0,1383195283
94,46,5.0,1056836008
411,43,3.5,1162994444
331,61,3.0,1107231946
492,27,1.0,1459693689
106,7,3.5,1107703393
70,139,3.0,1111694734
6,130,3.0,1504978171
290,15,3.0,1483838203
118,23,1.5,1153108320
2,101,5.0,1023954299
435,3,2.5,1306630570
463,178,4.5,1149594872
223,162,3.0,1388270328
428,186,0.5,1535974701
109,38,3.5,1239262068
35,49,3.5,1252693608
500,75,3.0,1322748365
199,60,5.0,1164572404
5,7,5.0,1543163232
208,103,4.0,1620140982
343,155,4.0,1504376828
343,125,2.0,1496699445
165,134,2.0,1127937330
485,24,2.5,1667239327
142,187,5.0,1400397780
12,102,3.0,1387992447
284,7,5.0,1371708307
327,37,2.5,1320078170
72,148,2.5,1507517603
230,100,3.0,1213811688
61,150,3.0,1409192806
122,168,2.5,1052536376
390,129,5.0,1132849180
212,105,3.5,1364829613
101,189,3.5,1086377558
417,24,3.5,1352913785
47,41,4.5,1082764706
162,63,3.5,1149084238
16,130,4.0,1578954602
175,166,4.5,1232768457
349,20,2.0,1172888371
488,53,2.5,1094275470
149,160,3.5,1551554136
34,16,2.5,1213480400
422,80,3.0,1399285534
206,36,2.0,1128434122
118,142,2.5,1219983443
410,159,5.0,1147004047
50,133,3.0,1510787747
379,15,3.0,1645377683
446,54,2.5,1313030617
385,68,2.5,1176388265
164,57,2.5,1598591534
464,53,2.0,1254340972
482,69,2.5,1563819399
335,178,3.5,1484764742
462,27,4.5,1297858225
162,83,3.5,1259695738
491,128,2.5,1180638607
5,33,3.0,1488311304
328,106,3.0,1143823690
496,103,2.5,1081123117
52,140,3.0,1586385734
39,69,4.5,1172064319
219,137,4.5,1282483570
448,60,5.0,1590233108
12,15,2.5,1502625284
136,173,2.0,1031398917
349,195,3.0,1135925802
73,38,5.0,1552623385
169,187,1.0,1074368565
209,55,3.5,1137546623
374,117,3.0,1180854410
60,66,4.0,1304010454
88,72,4.0,1385991563
177,155,4.0,1384573699
49,7,4.0,1131503521
463,111,5.0,1520047306
302,185,5.0,1004236941
424,38,4.5,1670434149
104,179,3.0,1194103279
38,63,3.0,1695533168
97,68,5.0,1389902921
219,30,5.0,1589324220
167,91,2.5,1622443705
319,182,1.0,1278847628
427,68,1.5,1012406060
112,187,5.0,1134855905
68,17,5.0,1189634784
374,81,3.5,1321263776
160,183,4.0,1298034237
55,136,5.0,1074957196
298,145,5.0,1159301200
325,132,4.5,1176392008
130,106,3.5,1266450316
73,21,3.0,1213886991
464,179,3.0,1484727012
446,25,2.5,1206430645
360,172,4.5,1461061030
60,1,3.5,1266246752
255,65,2.5,1011651201
207,13,5.0,1045329312
274,89,4.0,1671785614
198,114,4.0,1486294352
309,41,3.5,1393110690
390,186,4.0,1054883962
419,194,3.0,1571507749
353,4,5.0,1129547561
345,128,5.0,1611856236
311,128,2.5,1505981776
144,149,3.0,1023860987
317,49,2.5,1252494342
181,107,1.0,1389590583
12,118,5.0,1086668455
49,91,3.5,1644931648
145,22,2.0,1312339649
106,150,1.5,1568782428
201,115,4.0,1548414292
499,182,4.0,1548827305
95,61,4.0,1378797986
383,85,5.0,1592163553
425,88,4.5,1530184422
379,183,2.0,1661758913
291,40,2.0,1185438471
436,58,4.5,1406900788
426,66,3.0,1215787538
360,123,1.5,1154552584
157,60,2.0,1213073056
156,170,4.5,1259692703
30,81,4.5,1305191958
486,151,3.5,1468954454
400,161,2.5,1668449709
416,133,3.5,1307948959
404,186,3.5,1615483776
31,140,3.0,1291122182
317,199,4.5,1493857647
152,152,3.0,1165034519
326,177,4.0,1206665857
394,131,4.0,1351531257
408,1,2.0,1417311633
193,135,5.0,1316407122
472,14,4.0,1105775721
66,153,1.5,1013717339
459,195,2.0,1450074082
98,149,5.0,1074067532
22,142,3.5,1322980677
201,123,4.0,1049376777
91,193,4.0,1350351177
363,162,5.0,1559992865
141,53,5.0,1205501267
68,137,2.5,1418528878
443,162,4.0,1032361760
441,100,2.0,1411053002
355,148,2.0,1419132000
217,50,3.0,1696381947
326,183,1.5,1205281592
471,13,2.5,1250491823
394,197,1.0,1288543947
447,135,3.5,1218796754
416,122,5.0,1047795628
65,103,3.5,1077173735
208,55,3.5,1103144954
405,148,3.0,1284865522
292,193,4.5,1446309837
194,116,3.5,1560321718
13,126,2.0,1208725280
246,49,3.5,1689100895
326,69,5.0,1465410552
420,180,2.0,1168965881
471,145,2.5,1113765992
45,34,3.5,1332144850
485,30,3.0,1351891393
46,94,4.0,1376717276
260,194,2.5,1073016078
351,195,3.0,1502669214
497,131,3.5,1494771168
481,192,3.5,1058063900
323,18,5.0,1449649866
45,103,4.5,1005996655
94,167,1.5,1261656264
308,58,2.5,1501997113
310,99,2.0,1303580388
413,103,5.0,1026371412
184,21,2.0,1623659934
494,134,4.0,1482862644
265,109,4.0,1263683903
36,93,1.5,1584903411
379,26,3.0,1450235729
355,85,3.0,1529105153
450,10,1.5,1618238933
82,17,5.0,1545990884
269,84,3.5,1478159279
310,101,5.0,1234254127
386,119,5.0,1588748825
216,5,3.5,1626966867
167,188,4.0,1525237909
10,183,2.5,1118991018
265,164,5.0,1566878739
294,93,3.5,1496291119
179,14,3.0,1348461432
232,192,2.5,1290909534
79,71,3.5,1673120406
295,190,4.0,1529364715
83,31,3.5,1217540943
107,35,4.0,1640114366
228,131,3.0,1034775314
390,146,4.0,1037682049
306,151,4.0,1354688905
303,1,5.0,1401423874
460,53,4.5,1399979527
232,175,3.5,1174446927
238,50,4.0,1304869283
450,167,2.0,1207627882
477,34,5.0,1461786022
90,44,3.0,1064492499
297,41,3.5,1589609846
192,2,3.0,1465123003
461,176,2.5,1357957874
500,160,2.5,1059406500
95,37,2.0,1045896638
16,107,3.0,1192430559
441,58,4.5,1047060062
339,194,3.5,1091394982
358,191,4.5,1343171028
211,49,4.0,1177614748
256,127,3.0,1048754204
75,86,5.0,1337211027
147,7,4.5,1305562080
106,61,4.5,1665820683
450,64,4.0,1476890636
218,32,3.0,1026767723
226,59,3.0,1445482918
103,117,3.5,1637568613
221,89,5.0,1210194092
19,74,5.0,1190842849
103,87,2.0,1552983426
423,80,4.0,1174703112
300,38,0.5,1615797675
16,1,3.0,1140557948
355,172,2.5,1529184417
139,127,4.0,1422372837
444,7,2.0,1661830742
1,53,1.5,1163811857
128,80,3.0,1334399724
65,33,3.5,1157645997
30,180,1.5,1685786024
266,83,5.0,1655409388
445,182,3.5,1222115453
413,49,3.5,1670403685
133,98,5.0,1577030067
352,111,2.5,1049200265
359,194,5.0,1118616660
85,78,3.5,1294975525
366,42,4.5,1247997358
55,62,4.0,1436142470
448,30,4.5,1596895539
90,33,3.5,1526529128
376,55,3.0,1443595168
40,100,5.0,1208819160
179,52,3.5,1368258907
277,27,2.0,1243078167
192,13,5.0,1353357231
228,60,3.0,1423277854
380,5,1.5,1348976662
346,128,2.5,1118925638
318,191,1.0,1143990257
101,40,2.5,1638499399
354,149,5.0,1052986485
233,120,4.0,1031805838
176,103,3.5,1684994085
288,160,3.0,1380821659
128,184,3.5,1201824090
320,186,5.0,1310690942
171,21,1.5,1667356139
164,177,5.0,1689429530
79,86,2.5,1284564398
366,145,3.0,1315600872
261,197,3.5,1613990420
379,119,3.5,1677385456
58,81,2.5,1288544874
133,32,4.5,1473644613
371,96,5.0,1665543195
209,158,4.5,1672085212
80,31,3.5,1408341412
187,36,3.0,1392378434
39,193,3.5,1673081979
386,60,3.5,1640558880
12,43,2.5,1152469745
118,91,3.5,1546130925
333,114,5.0,1387853835
318,106,3.5,1601854171
237,180,4.0,1608407970
275,186,2.5,1419678566
412,91,4.5,1692855284
38,8,2.5,1216796630
227,186,3.0,1446504715
407,4,4.0,1550155282
276,140,2.5,1223866206
462,164,4.0,1271875386
67,142,5.0,1521134866
115,71,3.5,1611365539
153,19,4.5,1176916693
374,35,2.0,1025528811
245,36,4.0,1115876061
416,61,3.0,1469600131
124,163,4.0,1650074380
112,55,5.0,1568907653
208,14,0.5,1505906763
311,173,3.0,1427496399
481,73,1.0,1212766572
441,113,2.0,1175693648
311,20,3.0,1545734816
241,79,4.5,1294056683
150,161,4.5,1293205862
185,69,4.5,1642805876
120,54,4.0,1480477131
285,60,2.0,1015873625
242,67,4.5,1107825490
232,91,2.5,1544401164
125,110,4.0,1658932599
274,174,2.5,1397579913
215,117,3.5,1064509857
193,73,3.5,1196520602
92,79,4.0,1480916409
226,61,2.5,1425522882
70,18,4.5,1295087428
281,72,2.0,1629755300
439,13,5.0,1385710150
218,190,2.5,1611420263
128,17,1.0,1130375735
107,69,3.5,1046398263
342,44,3.0,1237822447
48,68,2.5,1025357481
262,36,5.0,1360943649
420,35,4.5,1345249123
159,161,4.0,1650420276
362,38,2.5,1280329977
62,40,3.0,1669232819
325,112,3.0,1078907013
273,143,1.5,1489332884
310,102,4.0,1205704697
454,112,4.0,1202224940
223,142,3.5,1377806980
2,44,4.0,1405145858
318,146,2.0,1622626067
163,109,2.5,1105868253
231,107,3.0,1433855548
161,108,5.0,1328903327
128,108,5.0,1043669650
393,200,4.0,1065535630
166,186,5.0,1384865097
302,28,4.0,1331449144
366,13,4.5,1043587225
81,48,5.0,1054940143
123,107,4.5,1335567470
201,94,5.0,1007200641
261,181,3.5,1303297455
143,179,2.5,1656634578
434,173,3.5,1633729121
61,58,4.0,1153992378
297,24,2.5,1557721168
138,148,2.5,1570855977
318,86,3.0,1663750294
122,49,2.0,1497607080
289,183,3.0,1090589768
294,2,4.5,1314566224
482,21,4.5,1527780013
4,165,2.0,1326497040
355,89,4.0,1067159664
206,195,3.5,1368590721
233,152,5.0,1411810553
80,137,3.0,1407896826
58,95,2.0,1041121294
460,20,3.0,1104452042
287,109,2.0,1452405109
497,62,1.0,1678394340
179,177,3.5,1398037576
130,107,4.0,1021480205
191,181,3.5,1641807111
65,64,2.0,1525912042
106,163,2.0,1099659654
331,94,4.0,1051433369
379,79,5.0,1333324717
379,59,5.0,1478312579
338,60,3.0,1413221816
188,28,4.0,1188918907
37,61,4.5,1122445535
328,20,3.5,1056206509
282,177,2.0,1614768397
112,112,0.5,1104204935
466,154,3.5,1157908709
169,159,3.5,1162566515
279,120,1.5,1582859565
112,134,2.0,1279904542
261,132,3.0,1574416080
371,53,3.0,1056658466
451,41,5.0,1171316797
135,190,5.0,1293807021
294,45,2.5,1217196764
333,165,5.0,1178856793
5,77,5.0,1068728107
259,148,4.0,1524940642
500,36,2.5,1144909874
26,173,3.5,1575298155
34,90,1.0,1578290519
355,28,3.0,1036214560
127,11,4.0,1059483327
118,2,4.0,1450884851
146,151,3.0,1015782373
341,158,3.5,1055231604
255,87,2.5,1251812081
109,26,5.0,1190962917
146,169,5.0,1110006012
397,15,4.5,1509719644
17,64,3.0,1606790344
251,189,2.5,1082993378
442,151,4.5,1198232632
479,87,3.5,1032704069
477,149,2.5,1108039927
142,138,5.0,1052499207
38,104,3.0,1133257818
256,73,2.5,1301389271
12,97,4.5,1632152815
319,87,2.5,1330752521
388,86,3.5,1262797011
65,166,5.0,1647248917
52,185,5.0,1382844907
402,67,4.0,1028056732
451,18,2.0,1187721374
374,79,3.0,1215621893
165,95,5.0,1015639028
388,195,4.5,1164142944
267,41,3.0,1635960685
425,117,2.0,1296594382
206,179,1.0,1381628478
213,58,5.0,1621534231
403,191,5.0,1420459538
7,183,3.5,1611114834
28,136,3.0,1534901477
304,143,5.0,1617936983
385,188,1.5,1387863701
105,96,5.0,1044926779
165,123,4.5,1613832469
453,128,2.0,1385111902
248,133,4.5,1449300654
350,180,2.5,1021777552
362,188,2.0,1145222091
279,41,4.5,1051495452
406,132,2.0,1102846700
19,67,2.0,1143263431
404,72,4.0,1268750695
474,110,3.5,1171826959
426,14,4.5,1077331797
464,178,3.0,1210441802
131,61,3.0,1076151029
136,108,1.0,1631464763
224,30,4.0,1642947530
432,72,3.5,1087204804
327,90,5.0,1136552165
195,36,4.5,1528562379
246,121,4.0,1443205689
388,84,2.5,1408546492
341,177,3.0,1193796780
56,52,4.0,1659059801
457,162,3.5,1008627722
213,48,5.0,1449898039
244,151,5.0,1628891111
214,142,3.0,1535629772
151,88,3.5,1603045915
191,50,2.5,1190948466
15,43,3.5,1513411971
228,29,4.5,1537800923
90,200,3.0,1191291105
498,190,3.0,1285316850
47,99,2.0,1590003378
150,119,3.0,1130361737
40,44,4.0,1695517168
254,95,3.0,1316655606
68,97,2.0,1450468659
422,193,4.0,1021166791
237,3,3.5,1616506049
233,163,5.0,1292612161
402,15,3.5,1279965007
275,84,2.5,1126688356
378,47,4.5,1141786463
279,89,2.5,1629407649
424,43,2.0,1466848943
170,119,2.5,1230375695
13,38,3.0,1302847024
46,141,1.0,1649389409
105,145,1.5,1569858041
267,170,4.5,1546528868
109,139,3.5,1044315559
17,87,3.5,1519682359
198,119,3.5,1121808225
156,112,4.0,1383564651
484,162,2.5,1604261196
161,187,4.0,1006424495
430,193,3.5,1253916196
268,43,2.5,1319431563
211,190,4.0,1597267150
189,61,3.5,1220729053
195,178,2.0,1393537246
438,194,2.5,1455802204
283,36,4.0,1161126753
257,161,4.5,1597778795
349,88,4.0,1161863318
435,48,4.5,1658264649
38,149,5.0,1417202378
276,171,3.0,1478480267
496,13,3.5,1348154364
21,38,4.5,1650486374
161,160,2.0,1630232316
400,115,4.5,1089077089
181,98,5.0,1241167677
273,8,2.5,1639659813
26,4,5.0,1373640557
390,63,4.5,1477136025
481,164,3.5,1581149991
195,197,1.0,1690265743
368,121,3.5,1493026834
191,79,4.0,1267973559
389,126,4.0,1567371292
354,111,2.0,1094162620
300,85,2.5,1648468131
425,37,4.5,1495704238
22,92,4.0,1239132331
57,137,4.5,1562446843
86,48,3.5,1472839795
290,142,3.5,1639386987
84,29,4.0,1568659901
294,161,3.5,1205209850
218,104,1.5,1454871558
37,142,5.0,1177349093
279,62,4.5,1239829188
161,184,4.0,1475251986
38,7,2.0,1422057325
492,157,4.5,1197750304
407,45,3.0,1570091159
18,179,4.5,1614231018
129,39,4.0,1669711357
141,172,3.0,1367406614
407,97,5.0,1516569342
404,84,2.0,1570332245
76,14,3.5,1189705059
499,112,5.0,1148252852
248,71,4.0,1497053549
155,36,4.5,1599311697
439,143,3.5,1472906842
373,159,3.5,1037984804
260,62,2.0,1240076696
162,171,3.5,1441992230
392,135,4.5,1177143325
325,60,2.0,1273548493
455,81,2.5,1229800957
231,123,4.0,1460300513
209,81,4.5,1616270261
235,96,5.0,1514948733
268,121,3.0,1133914625
239,100,3.0,1453251558
413,63,4.5,1602901090
310,55,4.0,1232306198
272,108,3.0,1678060421
237,196,3.5,1271735513
301,75,2.5,1356190719
170,182,2.0,1560962345
385,182,3.5,1019507188
61,74,5.0,1293422045
427,191,2.5,1234670663
118,109,2.0,1298184358
75,69,2.5,1565695712
229,134,4.0,1219679369
452,37,4.0,1412074723
427,70,5.0,1227843816
63,121,5.0,1661045750
355,4,4.0,1055097674
406,44,4.5,1409718507
198,176,2.5,1559067527
440,90,4.5,1217536199
66,156,3.5,1051075780
75,53,4.5,1525590016
408,42,4.0,1059382210
161,139,3.0,1329939308
322,169,2.0,1113090748
294,66,3.0,1570675324
289,197,3.5,1325471919
15,50,2.5,1244500246
310,23,3.5,1220283819
280,19,5.0,1556528102
137,34,5.0,1602690471
151,123,4.0,1265018250
378,199,5.0,1461339500
373,41,2.0,1262560394
374,75,5.0,1022514277
133,58,2.0,1237096246
466,165,3.5,1098345367
500,115,2.5,1258516285
430,131,4.5,1206809588
499,178,1.5,1138601255
93,1,1.5,1118911333
417,5,2.5,1271318961
480,157,2.5,1644156258
100,154,3.0,1696833166
36,37,2.5,1265454758
190,153,4.5,1558399487
297,80,3.5,1076204137
419,52,5.0,1567760658
450,66,4.0,1072942904
365,178,4.5,1311490139
419,195,4.0,1305475819
449,83,2.5,1670453819
81,83,3.0,1669532855
132,46,4.5,1311608728
254,131,1.5,1698484071
466,42,4.0,1372800744
385,51,3.5,1594841475
329,122,2.5,1526242739
74,112,3.0,1504155774
361,2,5.0,1557898852
376,19,1.5,1588085992
288,16,2.0,1693685827
364,17,1.0,1013017835
309,186,3.0,1352253381
141,109,3.0,1223535020
341,88,3.5,1322243208
218,23,3.0,1605077880
458,68,4.0,1114470868
397,178,2.5,1356852098
216,173,5.0,1566605644
148,171,4.0,1435228901
387,74,4.0,1355633389
235,36,4.5,1695607681
298,194,2.0,1005815966
407,43,3.0,1508134437
428,157,3.5,1003071219
305,95,3.0,1356120935
228,50,3.0,1414925900
242,95,4.5,1108089380
326,153,3.5,1412619160
35,167,4.0,1026099037
265,130,1.5,1440241729
211,38,1.5,1069713507
255,127,2.5,1458387415
93,150,5.0,1277971787
136,105,5.0,1546837033
36,21,4.5,1595078591
331,5,3.0,1286501881
314,154,4.0,1681924656
218,169,5.0,1596970566
409,172,5.0,1524566773
118,88,2.0,1301920257
412,35,3.5,1344527862
424,179,3.0,1250435459
336,71,4.0,1071030607
217,148,3.5,1362134042
204,58,2.5,1503193941
125,100,4.0,1006150210
461,32,2.5,1397310832
101,144,3.5,1053313168
223,88,3.5,1282223317
202,144,5.0,1307926963
277,104,4.0,1053676870
142,75,3.5,1344641592
118,118,4.5,1553952711
227,180,2.5,1023733970
475,88,3.5,1658804928
23,47,4.5,1435206031
338,14,4.0,1003299953
188,12,3.0,1624311800
47,97,4.0,1014509177
358,62,4.5,1194389863
399,171,2.5,1201063902
237,191,3.0,1556188233
337,12,3.0,1335095982
371,181,5.0,1612530189
406,107,2.5,1302117761
344,2,4.0,1408185510
308,22,3.0,1568117814
453,3,2.5,1541580757
37,148,4.5,1398920729
434,60,2.0,1680091691
46,15,5.0,1186984004
474,144,2.5,1621967397
181,123,2.5,1061721423
246,195,4.0,1375890443
380,48,4.5,1677602408
168,121,4.0,1526450419
348,57,3.0,1174339435
346,134,1.5,1095283992
30,80,3.5,1051003071
90,128,2.5,1282303114
113,77,5.0,1307585681
301,70,3.5,1508114690
222,15,2.0,1291440978
456,26,3.0,1289330501
250,172,4.5,1401447510
392,164,5.0,1684128231
148,7,3.0,1268676462
234,161,3.5,1067443563
340,193,4.0,1465393345
69,176,2.5,1263538303
427,81,4.0,1555330681
368,158,4.0,1457163507
287,4,4.0,1509727278
90,80,3.5,1333999025
246,18,1.5,1663859519
363,158,4.0,1274423148
199,53,2.5,1150310511
457,168,5.0,1642498862
336,23,5.0,1569034025
369,69,2.0,1356309021
230,61,2.5,1633951652
277,51,0.5,1192966484
374,71,4.5,1639418375
401,39,3.0,1034006766
455,87,4.0,1365921470
383,92,3.0,1654474367
62,62,1.5,1593226250
446,41,4.0,1237896377
441,21,5.0,1629815928
39,28,3.5,1559647398
392,30,2.5,1487791247
286,191,3.5,1029979462
376,30,4.0,1195117485
476,16,3.5,1473601292
403,51,2.0,1455134289
166,114,5.0,1059994017
139,93,1.5,1686160382
109,23,5.0,1026089484
291,176,3.5,1146322401
387,144,4.5,1661281692
290,131,4.0,1294023037
433,52,2.5,1404063428
422,173,5.0,1300534773
346,147,4.0,1488288522
186,65,3.5,1600479550
127,145,4.5,1310464357
175,99,3.5,1336442555
146,181,1.0,1432406830
41,102,1.5,1261666566
63,161,3.5,1567167006
54,153,3.0,1045266640
268,146,3.5,1632223945
211,152,3.0,1322604629
268,26,2.0,1233595421
146,85,2.0,1032897180
117,196,2.5,1526726864
324,37,4.5,1241888340
288,185,2.5,1214440341
181,3,5.0,1475781862
220,147,2.5,1095905941
222,173,5.0,1627403674
422,107,3.0,1425164758
160,18,3.0,1088169731
12,100,3.0,1605475302
73,108,4.0,1344878969
227,137,4.0,1258335696
79,113,3.5,1488686928
386,136,3.5,1354914026
335,120,3.0,1112780199
355,194,5.0,1478251346
203,122,3.5,1631713361
335,30,4.0,1560620283
478,128,3.5,1257474459
156,139,3.0,1204781428
144,38,5.0,1646140814
442,69,5.0,1589490482
372,71,3.0,1601110169
338,144,5.0,1417492258
390,21,4.5,1544275837
376,156,2.0,1104279822
368,183,4.5,1317133700
496,19,4.0,1219993261
310,156,3.5,1216866839
449,138,4.5,1243909633
464,52,4.0,1519003834
149,186,1.0,1034063523
492,1,2.0,1386940403
489,79,2.5,1026211884
252,101,5.0,1312624111
149,128,4.5,1531076446
229,25,4.0,1012312779
234,58,3.5,1637673508
369,53,2.5,1354007992
122,70,2.0,1555033428
28,18,4.5,1453158116
477,38,5.0,1659329442
454,66,4.5,1599240597
145,82,3.0,1559699683
417,197,3.0,1144735962
130,176,4.5,1189291875
465,189,3.5,1012944390
401,84,3.5,1286304259
45,151,3.0,1641692423
190,15,2.5,1003434540
194,148,3.5,1563308748
396,37,1.5,1124265672
336,115,4.0,1189607044
240,6,1.5,1118819908
50,50,5.0,1404863266
336,15,3.0,1613402601
198,141,3.5,1552474128
492,46,4.0,1150325579
58,101,3.0,1062914989
334,62,2.5,1143051511
75,115,4.0,1040000227
207,47,5.0,1417514666
485,187,4.5,1591933817
138,170,2.5,1305787726
310,56,3.0,1091611341
158,39,3.0,1406476378
422,160,2.5,1154021489
137,42,4.0,1553954606
467,78,3.0,1544962260
